dataset_id,dataset_name,num_instances,num_features,num_classes,default_target_attribute,total_missing_values,percentage_missing_values,instances_with_missing_values,num_numeric_features,num_symbolic_features,percentage_numeric_features,percentage_symbolic_features,majority_class_percentage,minority_class_percentage,majority_class_size,minority_class_size,mean,std_dev,min,max,kurtosis,skewness,auto_correlation,class_entropy,model_id,model_name,accuracy,task_type
50,tic-tac-toe,958,10,2,Class,0,0,0,0,10,0,100,65.34446764,34.65553236,626,332,,,,,,,0.9989550679,0.9309539863,1068,weka.J48,0.829114,Supervised Classification
50,tic-tac-toe,958,10,2,Class,0,0,0,0,10,0,100,65.34446764,34.65553236,626,332,,,,,,,0.9989550679,0.9309539863,1069,weka.ZeroR,0.617089,Supervised Classification
50,tic-tac-toe,958,10,2,Class,0,0,0,0,10,0,100,65.34446764,34.65553236,626,332,,,,,,,0.9989550679,0.9309539863,1070,weka.Ridor,0.908228,Supervised Classification
50,tic-tac-toe,958,10,2,Class,0,0,0,0,10,0,100,65.34446764,34.65553236,626,332,,,,,,,0.9989550679,0.9309539863,1071,weka.OneR,0.724684,Supervised Classification
50,tic-tac-toe,958,10,2,Class,0,0,0,0,10,0,100,65.34446764,34.65553236,626,332,,,,,,,0.9989550679,0.9309539863,1072,weka.Prism,0.987342,Supervised Classification
50,tic-tac-toe,958,10,2,Class,0,0,0,0,10,0,100,65.34446764,34.65553236,626,332,,,,,,,0.9989550679,0.9309539863,1073,weka.PART,0.958861,Supervised Classification
50,tic-tac-toe,958,10,2,Class,0,0,0,0,10,0,100,65.34446764,34.65553236,626,332,,,,,,,0.9989550679,0.9309539863,1074,weka.OLM,0.870253,Supervised Classification
50,tic-tac-toe,958,10,2,Class,0,0,0,0,10,0,100,65.34446764,34.65553236,626,332,,,,,,,0.9989550679,0.9309539863,1168,weka.BayesNet_K2,0.731013,Supervised Classification
50,tic-tac-toe,958,10,2,Class,0,0,0,0,10,0,100,65.34446764,34.65553236,626,332,,,,,,,0.9989550679,0.9309539863,1091,weka.BFTree,0.876582,Supervised Classification
50,tic-tac-toe,958,10,2,Class,0,0,0,0,10,0,100,65.34446764,34.65553236,626,332,,,,,,,0.9989550679,0.9309539863,1155,weka.FilteredClassifier_Standardize_NaiveBayes,0.734177,Supervised Classification
50,tic-tac-toe,958,10,2,Class,0,0,0,0,10,0,100,65.34446764,34.65553236,626,332,,,,,,,0.9989550679,0.9309539863,1165,weka.A1DE,0.765823,Supervised Classification
50,tic-tac-toe,958,10,2,Class,0,0,0,0,10,0,100,65.34446764,34.65553236,626,332,,,,,,,0.9989550679,0.9309539863,1172,weka.LibSVM,0.832278,Supervised Classification
50,tic-tac-toe,958,10,2,Class,0,0,0,0,10,0,100,65.34446764,34.65553236,626,332,,,,,,,0.9989550679,0.9309539863,365,weka.J48,0.829114,Supervised Classification
50,tic-tac-toe,958,10,2,Class,0,0,0,0,10,0,100,65.34446764,34.65553236,626,332,,,,,,,0.9989550679,0.9309539863,523,weka.Bagging_J48,0.898734,Supervised Classification
50,tic-tac-toe,958,10,2,Class,0,0,0,0,10,0,100,65.34446764,34.65553236,626,332,,,,,,,0.9989550679,0.9309539863,523,weka.Bagging_J48,0.914557,Supervised Classification
50,tic-tac-toe,958,10,2,Class,0,0,0,0,10,0,100,65.34446764,34.65553236,626,332,,,,,,,0.9989550679,0.9309539863,523,weka.Bagging_J48,0.920886,Supervised Classification
50,tic-tac-toe,958,10,2,Class,0,0,0,0,10,0,100,65.34446764,34.65553236,626,332,,,,,,,0.9989550679,0.9309539863,523,weka.Bagging_J48,0.908228,Supervised Classification
50,tic-tac-toe,958,10,2,Class,0,0,0,0,10,0,100,65.34446764,34.65553236,626,332,,,,,,,0.9989550679,0.9309539863,524,weka.Bagging_JRip,0.987342,Supervised Classification
50,tic-tac-toe,958,10,2,Class,0,0,0,0,10,0,100,65.34446764,34.65553236,626,332,,,,,,,0.9989550679,0.9309539863,611,weka.MultiBoostAB_ADTree,0.946203,Supervised Classification
50,tic-tac-toe,958,10,2,Class,0,0,0,0,10,0,100,65.34446764,34.65553236,626,332,,,,,,,0.9989550679,0.9309539863,611,weka.MultiBoostAB_ADTree,0.984177,Supervised Classification
50,tic-tac-toe,958,10,2,Class,0,0,0,0,10,0,100,65.34446764,34.65553236,626,332,,,,,,,0.9989550679,0.9309539863,611,weka.MultiBoostAB_ADTree,0.990506,Supervised Classification
50,tic-tac-toe,958,10,2,Class,0,0,0,0,10,0,100,65.34446764,34.65553236,626,332,,,,,,,0.9989550679,0.9309539863,527,weka.Bagging_LMT,0.987342,Supervised Classification
50,tic-tac-toe,958,10,2,Class,0,0,0,0,10,0,100,65.34446764,34.65553236,626,332,,,,,,,0.9989550679,0.9309539863,528,weka.Bagging_LWL_DecisionStump,0.737342,Supervised Classification
50,tic-tac-toe,958,10,2,Class,0,0,0,0,10,0,100,65.34446764,34.65553236,626,332,,,,,,,0.9989550679,0.9309539863,528,weka.Bagging_LWL_DecisionStump,0.724684,Supervised Classification
50,tic-tac-toe,958,10,2,Class,0,0,0,0,10,0,100,65.34446764,34.65553236,626,332,,,,,,,0.9989550679,0.9309539863,613,weka.MultiBoostAB_SPegasos,0.984177,Supervised Classification
50,tic-tac-toe,958,10,2,Class,0,0,0,0,10,0,100,65.34446764,34.65553236,626,332,,,,,,,0.9989550679,0.9309539863,528,weka.Bagging_LWL_DecisionStump,0.753165,Supervised Classification
50,tic-tac-toe,958,10,2,Class,0,0,0,0,10,0,100,65.34446764,34.65553236,626,332,,,,,,,0.9989550679,0.9309539863,528,weka.Bagging_LWL_DecisionStump,0.746835,Supervised Classification
50,tic-tac-toe,958,10,2,Class,0,0,0,0,10,0,100,65.34446764,34.65553236,626,332,,,,,,,0.9989550679,0.9309539863,529,weka.Bagging_MultilayerPerceptron,0.987342,Supervised Classification
50,tic-tac-toe,958,10,2,Class,0,0,0,0,10,0,100,65.34446764,34.65553236,626,332,,,,,,,0.9989550679,0.9309539863,615,weka.RealAdaBoost_NaiveBayes,0.829114,Supervised Classification
50,tic-tac-toe,958,10,2,Class,0,0,0,0,10,0,100,65.34446764,34.65553236,626,332,,,,,,,0.9989550679,0.9309539863,616,weka.RealAdaBoost_Logistic,0.981013,Supervised Classification
50,tic-tac-toe,958,10,2,Class,0,0,0,0,10,0,100,65.34446764,34.65553236,626,332,,,,,,,0.9989550679,0.9309539863,530,weka.Bagging_NaiveBayes,0.740506,Supervised Classification
50,tic-tac-toe,958,10,2,Class,0,0,0,0,10,0,100,65.34446764,34.65553236,626,332,,,,,,,0.9989550679,0.9309539863,506,weka.RotationForest_PrincipalComponents_J48,0.981013,Supervised Classification
50,tic-tac-toe,958,10,2,Class,0,0,0,0,10,0,100,65.34446764,34.65553236,626,332,,,,,,,0.9989550679,0.9309539863,506,weka.RotationForest_PrincipalComponents_J48,0.955696,Supervised Classification
50,tic-tac-toe,958,10,2,Class,0,0,0,0,10,0,100,65.34446764,34.65553236,626,332,,,,,,,0.9989550679,0.9309539863,531,weka.Bagging_OneR,0.724684,Supervised Classification
50,tic-tac-toe,958,10,2,Class,0,0,0,0,10,0,100,65.34446764,34.65553236,626,332,,,,,,,0.9989550679,0.9309539863,506,weka.RotationForest_PrincipalComponents_J48,0.974684,Supervised Classification
50,tic-tac-toe,958,10,2,Class,0,0,0,0,10,0,100,65.34446764,34.65553236,626,332,,,,,,,0.9989550679,0.9309539863,532,weka.Bagging_RandomForest,0.927215,Supervised Classification
50,tic-tac-toe,958,10,2,Class,0,0,0,0,10,0,100,65.34446764,34.65553236,626,332,,,,,,,0.9989550679,0.9309539863,532,weka.Bagging_RandomForest,0.924051,Supervised Classification
50,tic-tac-toe,958,10,2,Class,0,0,0,0,10,0,100,65.34446764,34.65553236,626,332,,,,,,,0.9989550679,0.9309539863,532,weka.Bagging_RandomForest,0.920886,Supervised Classification
50,tic-tac-toe,958,10,2,Class,0,0,0,0,10,0,100,65.34446764,34.65553236,626,332,,,,,,,0.9989550679,0.9309539863,533,weka.Bagging_RandomTree,0.924051,Supervised Classification
50,tic-tac-toe,958,10,2,Class,0,0,0,0,10,0,100,65.34446764,34.65553236,626,332,,,,,,,0.9989550679,0.9309539863,533,weka.Bagging_RandomTree,0.93038,Supervised Classification
50,tic-tac-toe,958,10,2,Class,0,0,0,0,10,0,100,65.34446764,34.65553236,626,332,,,,,,,0.9989550679,0.9309539863,533,weka.Bagging_RandomTree,0.892405,Supervised Classification
50,tic-tac-toe,958,10,2,Class,0,0,0,0,10,0,100,65.34446764,34.65553236,626,332,,,,,,,0.9989550679,0.9309539863,378,weka.Bagging_REPTree,0.901899,Supervised Classification
50,tic-tac-toe,958,10,2,Class,0,0,0,0,10,0,100,65.34446764,34.65553236,626,332,,,,,,,0.9989550679,0.9309539863,378,weka.Bagging_REPTree,0.89557,Supervised Classification
50,tic-tac-toe,958,10,2,Class,0,0,0,0,10,0,100,65.34446764,34.65553236,626,332,,,,,,,0.9989550679,0.9309539863,378,weka.Bagging_REPTree,0.886076,Supervised Classification
50,tic-tac-toe,958,10,2,Class,0,0,0,0,10,0,100,65.34446764,34.65553236,626,332,,,,,,,0.9989550679,0.9309539863,534,weka.Bagging_SMO_PolyKernel,0.987342,Supervised Classification
50,tic-tac-toe,958,10,2,Class,0,0,0,0,10,0,100,65.34446764,34.65553236,626,332,,,,,,,0.9989550679,0.9309539863,548,weka.BayesNet_GeneticSearch,0.768987,Supervised Classification
50,tic-tac-toe,958,10,2,Class,0,0,0,0,10,0,100,65.34446764,34.65553236,626,332,,,,,,,0.9989550679,0.9309539863,364,weka.ZeroR,0.617089,Supervised Classification
50,tic-tac-toe,958,10,2,Class,0,0,0,0,10,0,100,65.34446764,34.65553236,626,332,,,,,,,0.9989550679,0.9309539863,675,weka.J48,0.829114,Supervised Classification
50,tic-tac-toe,958,10,2,Class,0,0,0,0,10,0,100,65.34446764,34.65553236,626,332,,,,,,,0.9989550679,0.9309539863,375,weka.OneR,0.724684,Supervised Classification
50,tic-tac-toe,958,10,2,Class,0,0,0,0,10,0,100,65.34446764,34.65553236,626,332,,,,,,,0.9989550679,0.9309539863,376,weka.AdaBoostM1_DecisionStump,0.71519,Supervised Classification
50,tic-tac-toe,958,10,2,Class,0,0,0,0,10,0,100,65.34446764,34.65553236,626,332,,,,,,,0.9989550679,0.9309539863,378,weka.Bagging_REPTree,0.882911,Supervised Classification
50,tic-tac-toe,958,10,2,Class,0,0,0,0,10,0,100,65.34446764,34.65553236,626,332,,,,,,,0.9989550679,0.9309539863,380,weka.NaiveBayes,0.734177,Supervised Classification
50,tic-tac-toe,958,10,2,Class,0,0,0,0,10,0,100,65.34446764,34.65553236,626,332,,,,,,,0.9989550679,0.9309539863,677,weka.Logistic,0.987342,Supervised Classification
50,tic-tac-toe,958,10,2,Class,0,0,0,0,10,0,100,65.34446764,34.65553236,626,332,,,,,,,0.9989550679,0.9309539863,384,weka.SGD,0.987342,Supervised Classification
50,tic-tac-toe,958,10,2,Class,0,0,0,0,10,0,100,65.34446764,34.65553236,626,332,,,,,,,0.9989550679,0.9309539863,385,weka.SMO_PolyKernel,0.987342,Supervised Classification
50,tic-tac-toe,958,10,2,Class,0,0,0,0,10,0,100,65.34446764,34.65553236,626,332,,,,,,,0.9989550679,0.9309539863,387,weka.SMO_RBFKernel,0.617089,Supervised Classification
50,tic-tac-toe,958,10,2,Class,0,0,0,0,10,0,100,65.34446764,34.65553236,626,332,,,,,,,0.9989550679,0.9309539863,389,weka.IBk,0.977848,Supervised Classification
50,tic-tac-toe,958,10,2,Class,0,0,0,0,10,0,100,65.34446764,34.65553236,626,332,,,,,,,0.9989550679,0.9309539863,390,weka.JRip,0.984177,Supervised Classification
50,tic-tac-toe,958,10,2,Class,0,0,0,0,10,0,100,65.34446764,34.65553236,626,332,,,,,,,0.9989550679,0.9309539863,391,weka.RandomForest,0.927215,Supervised Classification
50,tic-tac-toe,958,10,2,Class,0,0,0,0,10,0,100,65.34446764,34.65553236,626,332,,,,,,,0.9989550679,0.9309539863,392,weka.A1DE,0.765823,Supervised Classification
50,tic-tac-toe,958,10,2,Class,0,0,0,0,10,0,100,65.34446764,34.65553236,626,332,,,,,,,0.9989550679,0.9309539863,393,weka.A2DE,0.882911,Supervised Classification
50,tic-tac-toe,958,10,2,Class,0,0,0,0,10,0,100,65.34446764,34.65553236,626,332,,,,,,,0.9989550679,0.9309539863,394,weka.AdaBoostM1_ADTree,0.946203,Supervised Classification
50,tic-tac-toe,958,10,2,Class,0,0,0,0,10,0,100,65.34446764,34.65553236,626,332,,,,,,,0.9989550679,0.9309539863,398,weka.AdaBoostM1_BFTree,0.949367,Supervised Classification
50,tic-tac-toe,958,10,2,Class,0,0,0,0,10,0,100,65.34446764,34.65553236,626,332,,,,,,,0.9989550679,0.9309539863,398,weka.AdaBoostM1_BFTree,0.968354,Supervised Classification
50,tic-tac-toe,958,10,2,Class,0,0,0,0,10,0,100,65.34446764,34.65553236,626,332,,,,,,,0.9989550679,0.9309539863,398,weka.AdaBoostM1_BFTree,0.984177,Supervised Classification
50,tic-tac-toe,958,10,2,Class,0,0,0,0,10,0,100,65.34446764,34.65553236,626,332,,,,,,,0.9989550679,0.9309539863,376,weka.AdaBoostM1_DecisionStump,0.870253,Supervised Classification
50,tic-tac-toe,958,10,2,Class,0,0,0,0,10,0,100,65.34446764,34.65553236,626,332,,,,,,,0.9989550679,0.9309539863,404,weka.AdaBoostM1_IBk,0.977848,Supervised Classification
50,tic-tac-toe,958,10,2,Class,0,0,0,0,10,0,100,65.34446764,34.65553236,626,332,,,,,,,0.9989550679,0.9309539863,405,weka.AdaBoostM1_J48,0.990506,Supervised Classification
50,tic-tac-toe,958,10,2,Class,0,0,0,0,10,0,100,65.34446764,34.65553236,626,332,,,,,,,0.9989550679,0.9309539863,405,weka.AdaBoostM1_J48,0.987342,Supervised Classification
50,tic-tac-toe,958,10,2,Class,0,0,0,0,10,0,100,65.34446764,34.65553236,626,332,,,,,,,0.9989550679,0.9309539863,405,weka.AdaBoostM1_J48,0.984177,Supervised Classification
50,tic-tac-toe,958,10,2,Class,0,0,0,0,10,0,100,65.34446764,34.65553236,626,332,,,,,,,0.9989550679,0.9309539863,405,weka.AdaBoostM1_J48,0.977848,Supervised Classification
50,tic-tac-toe,958,10,2,Class,0,0,0,0,10,0,100,65.34446764,34.65553236,626,332,,,,,,,0.9989550679,0.9309539863,405,weka.AdaBoostM1_J48,0.939873,Supervised Classification
50,tic-tac-toe,958,10,2,Class,0,0,0,0,10,0,100,65.34446764,34.65553236,626,332,,,,,,,0.9989550679,0.9309539863,406,weka.AdaBoostM1_JRip,0.993671,Supervised Classification
50,tic-tac-toe,958,10,2,Class,0,0,0,0,10,0,100,65.34446764,34.65553236,626,332,,,,,,,0.9989550679,0.9309539863,407,weka.AdaBoostM1_LADTree,0.993671,Supervised Classification
50,tic-tac-toe,958,10,2,Class,0,0,0,0,10,0,100,65.34446764,34.65553236,626,332,,,,,,,0.9989550679,0.9309539863,407,weka.AdaBoostM1_LADTree,0.996835,Supervised Classification
50,tic-tac-toe,958,10,2,Class,0,0,0,0,10,0,100,65.34446764,34.65553236,626,332,,,,,,,0.9989550679,0.9309539863,407,weka.AdaBoostM1_LADTree,0.990506,Supervised Classification
50,tic-tac-toe,958,10,2,Class,0,0,0,0,10,0,100,65.34446764,34.65553236,626,332,,,,,,,0.9989550679,0.9309539863,407,weka.AdaBoostM1_LADTree,0.971519,Supervised Classification
50,tic-tac-toe,958,10,2,Class,0,0,0,0,10,0,100,65.34446764,34.65553236,626,332,,,,,,,0.9989550679,0.9309539863,407,weka.AdaBoostM1_LADTree,0.927215,Supervised Classification
50,tic-tac-toe,958,10,2,Class,0,0,0,0,10,0,100,65.34446764,34.65553236,626,332,,,,,,,0.9989550679,0.9309539863,411,weka.AdaBoostM1_LMT,0.987342,Supervised Classification
50,tic-tac-toe,958,10,2,Class,0,0,0,0,10,0,100,65.34446764,34.65553236,626,332,,,,,,,0.9989550679,0.9309539863,411,weka.AdaBoostM1_LMT,0.977848,Supervised Classification
50,tic-tac-toe,958,10,2,Class,0,0,0,0,10,0,100,65.34446764,34.65553236,626,332,,,,,,,0.9989550679,0.9309539863,411,weka.AdaBoostM1_LMT,0.971519,Supervised Classification
50,tic-tac-toe,958,10,2,Class,0,0,0,0,10,0,100,65.34446764,34.65553236,626,332,,,,,,,0.9989550679,0.9309539863,411,weka.AdaBoostM1_LMT,0.984177,Supervised Classification
50,tic-tac-toe,958,10,2,Class,0,0,0,0,10,0,100,65.34446764,34.65553236,626,332,,,,,,,0.9989550679,0.9309539863,413,weka.AdaBoostM1_LWL_DecisionStump,0.958861,Supervised Classification
50,tic-tac-toe,958,10,2,Class,0,0,0,0,10,0,100,65.34446764,34.65553236,626,332,,,,,,,0.9989550679,0.9309539863,413,weka.AdaBoostM1_LWL_DecisionStump,0.936709,Supervised Classification
50,tic-tac-toe,958,10,2,Class,0,0,0,0,10,0,100,65.34446764,34.65553236,626,332,,,,,,,0.9989550679,0.9309539863,413,weka.AdaBoostM1_LWL_DecisionStump,0.886076,Supervised Classification
50,tic-tac-toe,958,10,2,Class,0,0,0,0,10,0,100,65.34446764,34.65553236,626,332,,,,,,,0.9989550679,0.9309539863,413,weka.AdaBoostM1_LWL_DecisionStump,0.879747,Supervised Classification
50,tic-tac-toe,958,10,2,Class,0,0,0,0,10,0,100,65.34446764,34.65553236,626,332,,,,,,,0.9989550679,0.9309539863,417,weka.AdaBoostM1_NaiveBayes,0.914557,Supervised Classification
50,tic-tac-toe,958,10,2,Class,0,0,0,0,10,0,100,65.34446764,34.65553236,626,332,,,,,,,0.9989550679,0.9309539863,418,weka.AdaBoostM1_OneR,0.756329,Supervised Classification
50,tic-tac-toe,958,10,2,Class,0,0,0,0,10,0,100,65.34446764,34.65553236,626,332,,,,,,,0.9989550679,0.9309539863,418,weka.AdaBoostM1_OneR,0.781646,Supervised Classification
50,tic-tac-toe,958,10,2,Class,0,0,0,0,10,0,100,65.34446764,34.65553236,626,332,,,,,,,0.9989550679,0.9309539863,418,weka.AdaBoostM1_OneR,0.800633,Supervised Classification
50,tic-tac-toe,958,10,2,Class,0,0,0,0,10,0,100,65.34446764,34.65553236,626,332,,,,,,,0.9989550679,0.9309539863,418,weka.AdaBoostM1_OneR,0.863924,Supervised Classification
50,tic-tac-toe,958,10,2,Class,0,0,0,0,10,0,100,65.34446764,34.65553236,626,332,,,,,,,0.9989550679,0.9309539863,418,weka.AdaBoostM1_OneR,0.949367,Supervised Classification
50,tic-tac-toe,958,10,2,Class,0,0,0,0,10,0,100,65.34446764,34.65553236,626,332,,,,,,,0.9989550679,0.9309539863,419,weka.AdaBoostM1_RandomForest,0.924051,Supervised Classification
50,tic-tac-toe,958,10,2,Class,0,0,0,0,10,0,100,65.34446764,34.65553236,626,332,,,,,,,0.9989550679,0.9309539863,420,weka.AdaBoostM1_RandomTree,0.765823,Supervised Classification
50,tic-tac-toe,958,10,2,Class,0,0,0,0,10,0,100,65.34446764,34.65553236,626,332,,,,,,,0.9989550679,0.9309539863,422,weka.AdaBoostM1_REPTree,0.990506,Supervised Classification
50,tic-tac-toe,958,10,2,Class,0,0,0,0,10,0,100,65.34446764,34.65553236,626,332,,,,,,,0.9989550679,0.9309539863,422,weka.AdaBoostM1_REPTree,0.984177,Supervised Classification
50,tic-tac-toe,958,10,2,Class,0,0,0,0,10,0,100,65.34446764,34.65553236,626,332,,,,,,,0.9989550679,0.9309539863,422,weka.AdaBoostM1_REPTree,0.987342,Supervised Classification
50,tic-tac-toe,958,10,2,Class,0,0,0,0,10,0,100,65.34446764,34.65553236,626,332,,,,,,,0.9989550679,0.9309539863,422,weka.AdaBoostM1_REPTree,0.981013,Supervised Classification
50,tic-tac-toe,958,10,2,Class,0,0,0,0,10,0,100,65.34446764,34.65553236,626,332,,,,,,,0.9989550679,0.9309539863,422,weka.AdaBoostM1_REPTree,0.939873,Supervised Classification
50,tic-tac-toe,958,10,2,Class,0,0,0,0,10,0,100,65.34446764,34.65553236,626,332,,,,,,,0.9989550679,0.9309539863,423,weka.AdaBoostM1_SMO_PolyKernel,0.987342,Supervised Classification
50,tic-tac-toe,958,10,2,Class,0,0,0,0,10,0,100,65.34446764,34.65553236,626,332,,,,,,,0.9989550679,0.9309539863,423,weka.AdaBoostM1_SMO_PolyKernel,0.981013,Supervised Classification
50,tic-tac-toe,958,10,2,Class,0,0,0,0,10,0,100,65.34446764,34.65553236,626,332,,,,,,,0.9989550679,0.9309539863,1075,weka.NNge,0.813291,Supervised Classification
50,tic-tac-toe,958,10,2,Class,0,0,0,0,10,0,100,65.34446764,34.65553236,626,332,,,,,,,0.9989550679,0.9309539863,1076,weka.SimpleCart,0.905063,Supervised Classification
50,tic-tac-toe,958,10,2,Class,0,0,0,0,10,0,100,65.34446764,34.65553236,626,332,,,,,,,0.9989550679,0.9309539863,1077,weka.REPTree,0.794304,Supervised Classification
50,tic-tac-toe,958,10,2,Class,0,0,0,0,10,0,100,65.34446764,34.65553236,626,332,,,,,,,0.9989550679,0.9309539863,1078,weka.RandomTree,0.803797,Supervised Classification
50,tic-tac-toe,958,10,2,Class,0,0,0,0,10,0,100,65.34446764,34.65553236,626,332,,,,,,,0.9989550679,0.9309539863,1079,weka.RandomForest,0.927215,Supervised Classification
50,tic-tac-toe,958,10,2,Class,0,0,0,0,10,0,100,65.34446764,34.65553236,626,332,,,,,,,0.9989550679,0.9309539863,1080,weka.NBTree,0.775316,Supervised Classification
50,tic-tac-toe,958,10,2,Class,0,0,0,0,10,0,100,65.34446764,34.65553236,626,332,,,,,,,0.9989550679,0.9309539863,1173,weka.HNB,0.772152,Supervised Classification
50,tic-tac-toe,958,10,2,Class,0,0,0,0,10,0,100,65.34446764,34.65553236,626,332,,,,,,,0.9989550679,0.9309539863,1174,weka.KernelLogisticRegression_RBFKernel,0.984177,Supervised Classification
50,tic-tac-toe,958,10,2,Class,0,0,0,0,10,0,100,65.34446764,34.65553236,626,332,,,,,,,0.9989550679,0.9309539863,1112,weka.LibLINEAR,0.987342,Supervised Classification
50,tic-tac-toe,958,10,2,Class,0,0,0,0,10,0,100,65.34446764,34.65553236,626,332,,,,,,,0.9989550679,0.9309539863,1177,weka.SimpleLogistic,0.987342,Supervised Classification
50,tic-tac-toe,958,10,2,Class,0,0,0,0,10,0,100,65.34446764,34.65553236,626,332,,,,,,,0.9989550679,0.9309539863,1178,weka.SMO_PolyKernel,0.987342,Supervised Classification
50,tic-tac-toe,958,10,2,Class,0,0,0,0,10,0,100,65.34446764,34.65553236,626,332,,,,,,,0.9989550679,0.9309539863,1179,weka.SMO_RBFKernel,0.617089,Supervised Classification
50,tic-tac-toe,958,10,2,Class,0,0,0,0,10,0,100,65.34446764,34.65553236,626,332,,,,,,,0.9989550679,0.9309539863,1180,weka.SPegasos,0.987342,Supervised Classification
50,tic-tac-toe,958,10,2,Class,0,0,0,0,10,0,100,65.34446764,34.65553236,626,332,,,,,,,0.9989550679,0.9309539863,1181,weka.Winnow,0.689873,Supervised Classification
50,tic-tac-toe,958,10,2,Class,0,0,0,0,10,0,100,65.34446764,34.65553236,626,332,,,,,,,0.9989550679,0.9309539863,1105,weka.IBk,0.977848,Supervised Classification
50,tic-tac-toe,958,10,2,Class,0,0,0,0,10,0,100,65.34446764,34.65553236,626,332,,,,,,,0.9989550679,0.9309539863,1182,weka.AdaBoostM1_DecisionStump,0.71519,Supervised Classification
50,tic-tac-toe,958,10,2,Class,0,0,0,0,10,0,100,65.34446764,34.65553236,626,332,,,,,,,0.9989550679,0.9309539863,1182,weka.AdaBoostM1_DecisionStump,0.765823,Supervised Classification
50,tic-tac-toe,958,10,2,Class,0,0,0,0,10,0,100,65.34446764,34.65553236,626,332,,,,,,,0.9989550679,0.9309539863,1182,weka.AdaBoostM1_DecisionStump,0.781646,Supervised Classification
50,tic-tac-toe,958,10,2,Class,0,0,0,0,10,0,100,65.34446764,34.65553236,626,332,,,,,,,0.9989550679,0.9309539863,1182,weka.AdaBoostM1_DecisionStump,0.870253,Supervised Classification
50,tic-tac-toe,958,10,2,Class,0,0,0,0,10,0,100,65.34446764,34.65553236,626,332,,,,,,,0.9989550679,0.9309539863,1182,weka.AdaBoostM1_DecisionStump,0.968354,Supervised Classification
50,tic-tac-toe,958,10,2,Class,0,0,0,0,10,0,100,65.34446764,34.65553236,626,332,,,,,,,0.9989550679,0.9309539863,1183,weka.AttributeSelectedClassifier_CfsSubsetEval_BestFirst_J48,0.762658,Supervised Classification
50,tic-tac-toe,958,10,2,Class,0,0,0,0,10,0,100,65.34446764,34.65553236,626,332,,,,,,,0.9989550679,0.9309539863,1185,weka.Bagging_REPTree,0.901899,Supervised Classification
50,tic-tac-toe,958,10,2,Class,0,0,0,0,10,0,100,65.34446764,34.65553236,626,332,,,,,,,0.9989550679,0.9309539863,1194,weka.RandomSubSpace_REPTree,0.781646,Supervised Classification
50,tic-tac-toe,958,10,2,Class,0,0,0,0,10,0,100,65.34446764,34.65553236,626,332,,,,,,,0.9989550679,0.9309539863,1194,weka.RandomSubSpace_REPTree,0.753165,Supervised Classification
50,tic-tac-toe,958,10,2,Class,0,0,0,0,10,0,100,65.34446764,34.65553236,626,332,,,,,,,0.9989550679,0.9309539863,1086,weka.Id3,0.81962,Supervised Classification
50,tic-tac-toe,958,10,2,Class,0,0,0,0,10,0,100,65.34446764,34.65553236,626,332,,,,,,,0.9989550679,0.9309539863,1087,weka.HoeffdingTree,0.734177,Supervised Classification
50,tic-tac-toe,958,10,2,Class,0,0,0,0,10,0,100,65.34446764,34.65553236,626,332,,,,,,,0.9989550679,0.9309539863,1090,weka.DecisionStump,0.724684,Supervised Classification
50,tic-tac-toe,958,10,2,Class,0,0,0,0,10,0,100,65.34446764,34.65553236,626,332,,,,,,,0.9989550679,0.9309539863,1094,weka.JRip,0.984177,Supervised Classification
50,tic-tac-toe,958,10,2,Class,0,0,0,0,10,0,100,65.34446764,34.65553236,626,332,,,,,,,0.9989550679,0.9309539863,1104,weka.IB1,0.806962,Supervised Classification
50,tic-tac-toe,958,10,2,Class,0,0,0,0,10,0,100,65.34446764,34.65553236,626,332,,,,,,,0.9989550679,0.9309539863,1244,weka.FilteredClassifier_Discretize_J48,0.829114,Supervised Classification
50,tic-tac-toe,958,10,2,Class,0,0,0,0,10,0,100,65.34446764,34.65553236,626,332,,,,,,,0.9989550679,0.9309539863,1185,weka.Bagging_REPTree,0.886076,Supervised Classification
50,tic-tac-toe,958,10,2,Class,0,0,0,0,10,0,100,65.34446764,34.65553236,626,332,,,,,,,0.9989550679,0.9309539863,1199,weka.ADTree,0.844937,Supervised Classification
50,tic-tac-toe,958,10,2,Class,0,0,0,0,10,0,100,65.34446764,34.65553236,626,332,,,,,,,0.9989550679,0.9309539863,1200,weka.LADTree,0.841772,Supervised Classification
50,tic-tac-toe,958,10,2,Class,0,0,0,0,10,0,100,65.34446764,34.65553236,626,332,,,,,,,0.9989550679,0.9309539863,1082,weka.LMT,0.987342,Supervised Classification
50,tic-tac-toe,958,10,2,Class,0,0,0,0,10,0,100,65.34446764,34.65553236,626,332,,,,,,,0.9989550679,0.9309539863,1084,weka.J48graft,0.85443,Supervised Classification
50,tic-tac-toe,958,10,2,Class,0,0,0,0,10,0,100,65.34446764,34.65553236,626,332,,,,,,,0.9989550679,0.9309539863,1096,weka.DecisionTable_BestFirst,0.762658,Supervised Classification
50,tic-tac-toe,958,10,2,Class,0,0,0,0,10,0,100,65.34446764,34.65553236,626,332,,,,,,,0.9989550679,0.9309539863,1102,weka.OSDL,0.838608,Supervised Classification
50,tic-tac-toe,958,10,2,Class,0,0,0,0,10,0,100,65.34446764,34.65553236,626,332,,,,,,,0.9989550679,0.9309539863,1103,weka.VFI,0.702532,Supervised Classification
50,tic-tac-toe,958,10,2,Class,0,0,0,0,10,0,100,65.34446764,34.65553236,626,332,,,,,,,0.9989550679,0.9309539863,1108,weka.LWL_DecisionStump,0.734177,Supervised Classification
50,tic-tac-toe,958,10,2,Class,0,0,0,0,10,0,100,65.34446764,34.65553236,626,332,,,,,,,0.9989550679,0.9309539863,1111,weka.KernelLogisticRegression_PolyKernel,0.987342,Supervised Classification
50,tic-tac-toe,958,10,2,Class,0,0,0,0,10,0,100,65.34446764,34.65553236,626,332,,,,,,,0.9989550679,0.9309539863,1114,weka.Logistic,0.987342,Supervised Classification
50,tic-tac-toe,958,10,2,Class,0,0,0,0,10,0,100,65.34446764,34.65553236,626,332,,,,,,,0.9989550679,0.9309539863,1117,weka.RBFClassifier,0.936709,Supervised Classification
50,tic-tac-toe,958,10,2,Class,0,0,0,0,10,0,100,65.34446764,34.65553236,626,332,,,,,,,0.9989550679,0.9309539863,1120,weka.SGD,0.987342,Supervised Classification
50,tic-tac-toe,958,10,2,Class,0,0,0,0,10,0,100,65.34446764,34.65553236,626,332,,,,,,,0.9989550679,0.9309539863,1154,weka.NaiveBayes,0.734177,Supervised Classification
50,tic-tac-toe,958,10,2,Class,0,0,0,0,10,0,100,65.34446764,34.65553236,626,332,,,,,,,0.9989550679,0.9309539863,1163,weka.FilteredClassifier_PrincipalComponents_J48,0.860759,Supervised Classification
50,tic-tac-toe,958,10,2,Class,0,0,0,0,10,0,100,65.34446764,34.65553236,626,332,,,,,,,0.9989550679,0.9309539863,1191,weka.LogitBoost_DecisionStump,0.756329,Supervised Classification
50,tic-tac-toe,958,10,2,Class,0,0,0,0,10,0,100,65.34446764,34.65553236,626,332,,,,,,,0.9989550679,0.9309539863,1191,weka.LogitBoost_DecisionStump,0.835443,Supervised Classification
50,tic-tac-toe,958,10,2,Class,0,0,0,0,10,0,100,65.34446764,34.65553236,626,332,,,,,,,0.9989550679,0.9309539863,1191,weka.LogitBoost_DecisionStump,0.917722,Supervised Classification
50,tic-tac-toe,958,10,2,Class,0,0,0,0,10,0,100,65.34446764,34.65553236,626,332,,,,,,,0.9989550679,0.9309539863,1194,weka.RandomSubSpace_REPTree,0.794304,Supervised Classification
50,tic-tac-toe,958,10,2,Class,0,0,0,0,10,0,100,65.34446764,34.65553236,626,332,,,,,,,0.9989550679,0.9309539863,1194,weka.RandomSubSpace_REPTree,0.765823,Supervised Classification
50,tic-tac-toe,958,10,2,Class,0,0,0,0,10,0,100,65.34446764,34.65553236,626,332,,,,,,,0.9989550679,0.9309539863,1197,weka.FURIA,0.987342,Supervised Classification
50,tic-tac-toe,958,10,2,Class,0,0,0,0,10,0,100,65.34446764,34.65553236,626,332,,,,,,,0.9989550679,0.9309539863,1098,weka.ConjunctiveRule,0.617089,Supervised Classification
50,tic-tac-toe,958,10,2,Class,0,0,0,0,10,0,100,65.34446764,34.65553236,626,332,,,,,,,0.9989550679,0.9309539863,1099,weka.CHIRP,0.905063,Supervised Classification
50,tic-tac-toe,958,10,2,Class,0,0,0,0,10,0,100,65.34446764,34.65553236,626,332,,,,,,,0.9989550679,0.9309539863,1100,weka.HyperPipes,0.382911,Supervised Classification
50,tic-tac-toe,958,10,2,Class,0,0,0,0,10,0,100,65.34446764,34.65553236,626,332,,,,,,,0.9989550679,0.9309539863,1101,weka.InputMappedClassifier_ZeroR,0.617089,Supervised Classification
50,tic-tac-toe,958,10,2,Class,0,0,0,0,10,0,100,65.34446764,34.65553236,626,332,,,,,,,0.9989550679,0.9309539863,1107,weka.LBR,0.835443,Supervised Classification
50,tic-tac-toe,958,10,2,Class,0,0,0,0,10,0,100,65.34446764,34.65553236,626,332,,,,,,,0.9989550679,0.9309539863,1160,weka.AttributeSelectedClassifier_PrincipalComponents_Ranker_J48,0.860759,Supervised Classification
50,tic-tac-toe,958,10,2,Class,0,0,0,0,10,0,100,65.34446764,34.65553236,626,332,,,,,,,0.9989550679,0.9309539863,1185,weka.Bagging_REPTree,0.882911,Supervised Classification
50,tic-tac-toe,958,10,2,Class,0,0,0,0,10,0,100,65.34446764,34.65553236,626,332,,,,,,,0.9989550679,0.9309539863,1191,weka.LogitBoost_DecisionStump,0.797468,Supervised Classification
50,tic-tac-toe,958,10,2,Class,0,0,0,0,10,0,100,65.34446764,34.65553236,626,332,,,,,,,0.9989550679,0.9309539863,1194,weka.RandomSubSpace_REPTree,0.78481,Supervised Classification
50,tic-tac-toe,958,10,2,Class,0,0,0,0,10,0,100,65.34446764,34.65553236,626,332,,,,,,,0.9989550679,0.9309539863,1106,weka.KStar,0.924051,Supervised Classification
50,tic-tac-toe,958,10,2,Class,0,0,0,0,10,0,100,65.34446764,34.65553236,626,332,,,,,,,0.9989550679,0.9309539863,1166,weka.A2DE,0.882911,Supervised Classification
50,tic-tac-toe,958,10,2,Class,0,0,0,0,10,0,100,65.34446764,34.65553236,626,332,,,,,,,0.9989550679,0.9309539863,1191,weka.LogitBoost_DecisionStump,0.987342,Supervised Classification
50,tic-tac-toe,958,10,2,Class,0,0,0,0,10,0,100,65.34446764,34.65553236,626,332,,,,,,,0.9989550679,0.9309539863,1088,weka.FT,0.955696,Supervised Classification
50,tic-tac-toe,958,10,2,Class,0,0,0,0,10,0,100,65.34446764,34.65553236,626,332,,,,,,,0.9989550679,0.9309539863,1185,weka.Bagging_REPTree,0.89557,Supervised Classification
50,tic-tac-toe,958,10,2,Class,0,0,0,0,10,0,100,65.34446764,34.65553236,626,332,,,,,,,0.9989550679,0.9309539863,1186,weka.Dagging_DecisionStump,0.71519,Supervised Classification
50,tic-tac-toe,958,10,2,Class,0,0,0,0,10,0,100,65.34446764,34.65553236,626,332,,,,,,,0.9989550679,0.9309539863,1187,weka.Decorate,0.939873,Supervised Classification
50,tic-tac-toe,958,10,2,Class,0,0,0,0,10,0,100,65.34446764,34.65553236,626,332,,,,,,,0.9989550679,0.9309539863,1188,weka.END_ND_J48,0.829114,Supervised Classification
50,tic-tac-toe,958,10,2,Class,0,0,0,0,10,0,100,65.34446764,34.65553236,626,332,,,,,,,0.9989550679,0.9309539863,1190,weka.Grading_ZeroR,0.617089,Supervised Classification
50,tic-tac-toe,958,10,2,Class,0,0,0,0,10,0,100,65.34446764,34.65553236,626,332,,,,,,,0.9989550679,0.9309539863,1192,weka.MultiBoostAB_DecisionStump,0.674051,Supervised Classification
50,tic-tac-toe,958,10,2,Class,0,0,0,0,10,0,100,65.34446764,34.65553236,626,332,,,,,,,0.9989550679,0.9309539863,1192,weka.MultiBoostAB_DecisionStump,0.759494,Supervised Classification
50,tic-tac-toe,958,10,2,Class,0,0,0,0,10,0,100,65.34446764,34.65553236,626,332,,,,,,,0.9989550679,0.9309539863,1192,weka.MultiBoostAB_DecisionStump,0.740506,Supervised Classification
50,tic-tac-toe,958,10,2,Class,0,0,0,0,10,0,100,65.34446764,34.65553236,626,332,,,,,,,0.9989550679,0.9309539863,1192,weka.MultiBoostAB_DecisionStump,0.778481,Supervised Classification
50,tic-tac-toe,958,10,2,Class,0,0,0,0,10,0,100,65.34446764,34.65553236,626,332,,,,,,,0.9989550679,0.9309539863,1193,weka.RacedIncrementalLogitBoost_DecisionStump,0.617089,Supervised Classification
50,tic-tac-toe,958,10,2,Class,0,0,0,0,10,0,100,65.34446764,34.65553236,626,332,,,,,,,0.9989550679,0.9309539863,1195,weka.RealAdaBoost_DecisionStump,0.775316,Supervised Classification
50,tic-tac-toe,958,10,2,Class,0,0,0,0,10,0,100,65.34446764,34.65553236,626,332,,,,,,,0.9989550679,0.9309539863,1196,weka.RotationForest_PrincipalComponents_J48,0.981013,Supervised Classification
50,tic-tac-toe,958,10,2,Class,0,0,0,0,10,0,100,65.34446764,34.65553236,626,332,,,,,,,0.9989550679,0.9309539863,1196,weka.RotationForest_PrincipalComponents_J48,0.955696,Supervised Classification
50,tic-tac-toe,958,10,2,Class,0,0,0,0,10,0,100,65.34446764,34.65553236,626,332,,,,,,,0.9989550679,0.9309539863,1196,weka.RotationForest_PrincipalComponents_J48,0.974684,Supervised Classification
50,tic-tac-toe,958,10,2,Class,0,0,0,0,10,0,100,65.34446764,34.65553236,626,332,,,,,,,0.9989550679,0.9309539863,1196,weka.RotationForest_PrincipalComponents_J48,0.984177,Supervised Classification
37,diabetes,768,9,2,class,0,0,0,8,1,88.88888889,11.11111111,65.10416667,34.89583333,500,268,44.98579118,25.73374298,0.4718763021,120.8945313,2.775362395,0.5292461289,0.5501955671,0.9331343166,1068,weka.J48,0.715415,Supervised Classification
37,diabetes,768,9,2,class,0,0,0,8,1,88.88888889,11.11111111,65.10416667,34.89583333,500,268,44.98579118,25.73374298,0.4718763021,120.8945313,2.775362395,0.5292461289,0.5501955671,0.9331343166,1069,weka.ZeroR,0.636364,Supervised Classification
37,diabetes,768,9,2,class,0,0,0,8,1,88.88888889,11.11111111,65.10416667,34.89583333,500,268,44.98579118,25.73374298,0.4718763021,120.8945313,2.775362395,0.5292461289,0.5501955671,0.9331343166,1070,weka.Ridor,0.747036,Supervised Classification
37,diabetes,768,9,2,class,0,0,0,8,1,88.88888889,11.11111111,65.10416667,34.89583333,500,268,44.98579118,25.73374298,0.4718763021,120.8945313,2.775362395,0.5292461289,0.5501955671,0.9331343166,1071,weka.OneR,0.715415,Supervised Classification
37,diabetes,768,9,2,class,0,0,0,8,1,88.88888889,11.11111111,65.10416667,34.89583333,500,268,44.98579118,25.73374298,0.4718763021,120.8945313,2.775362395,0.5292461289,0.5501955671,0.9331343166,1073,weka.PART,0.715415,Supervised Classification
37,diabetes,768,9,2,class,0,0,0,8,1,88.88888889,11.11111111,65.10416667,34.89583333,500,268,44.98579118,25.73374298,0.4718763021,120.8945313,2.775362395,0.5292461289,0.5501955671,0.9331343166,1074,weka.OLM,0.679842,Supervised Classification
37,diabetes,768,9,2,class,0,0,0,8,1,88.88888889,11.11111111,65.10416667,34.89583333,500,268,44.98579118,25.73374298,0.4718763021,120.8945313,2.775362395,0.5292461289,0.5501955671,0.9331343166,1199,weka.ADTree,0.731225,Supervised Classification
37,diabetes,768,9,2,class,0,0,0,8,1,88.88888889,11.11111111,65.10416667,34.89583333,500,268,44.98579118,25.73374298,0.4718763021,120.8945313,2.775362395,0.5292461289,0.5501955671,0.9331343166,1080,weka.NBTree,0.750988,Supervised Classification
37,diabetes,768,9,2,class,0,0,0,8,1,88.88888889,11.11111111,65.10416667,34.89583333,500,268,44.98579118,25.73374298,0.4718763021,120.8945313,2.775362395,0.5292461289,0.5501955671,0.9331343166,1165,weka.A1DE,0.715415,Supervised Classification
37,diabetes,768,9,2,class,0,0,0,8,1,88.88888889,11.11111111,65.10416667,34.89583333,500,268,44.98579118,25.73374298,0.4718763021,120.8945313,2.775362395,0.5292461289,0.5501955671,0.9331343166,1174,weka.KernelLogisticRegression_RBFKernel,0.758893,Supervised Classification
37,diabetes,768,9,2,class,0,0,0,8,1,88.88888889,11.11111111,65.10416667,34.89583333,500,268,44.98579118,25.73374298,0.4718763021,120.8945313,2.775362395,0.5292461289,0.5501955671,0.9331343166,1168,weka.BayesNet_K2,0.719368,Supervised Classification
37,diabetes,768,9,2,class,0,0,0,8,1,88.88888889,11.11111111,65.10416667,34.89583333,500,268,44.98579118,25.73374298,0.4718763021,120.8945313,2.775362395,0.5292461289,0.5501955671,0.9331343166,365,weka.J48,0.715415,Supervised Classification
37,diabetes,768,9,2,class,0,0,0,8,1,88.88888889,11.11111111,65.10416667,34.89583333,500,268,44.98579118,25.73374298,0.4718763021,120.8945313,2.775362395,0.5292461289,0.5501955671,0.9331343166,523,weka.Bagging_J48,0.735178,Supervised Classification
37,diabetes,768,9,2,class,0,0,0,8,1,88.88888889,11.11111111,65.10416667,34.89583333,500,268,44.98579118,25.73374298,0.4718763021,120.8945313,2.775362395,0.5292461289,0.5501955671,0.9331343166,523,weka.Bagging_J48,0.747036,Supervised Classification
37,diabetes,768,9,2,class,0,0,0,8,1,88.88888889,11.11111111,65.10416667,34.89583333,500,268,44.98579118,25.73374298,0.4718763021,120.8945313,2.775362395,0.5292461289,0.5501955671,0.9331343166,523,weka.Bagging_J48,0.750988,Supervised Classification
37,diabetes,768,9,2,class,0,0,0,8,1,88.88888889,11.11111111,65.10416667,34.89583333,500,268,44.98579118,25.73374298,0.4718763021,120.8945313,2.775362395,0.5292461289,0.5501955671,0.9331343166,523,weka.Bagging_J48,0.73913,Supervised Classification
37,diabetes,768,9,2,class,0,0,0,8,1,88.88888889,11.11111111,65.10416667,34.89583333,500,268,44.98579118,25.73374298,0.4718763021,120.8945313,2.775362395,0.5292461289,0.5501955671,0.9331343166,524,weka.Bagging_JRip,0.747036,Supervised Classification
37,diabetes,768,9,2,class,0,0,0,8,1,88.88888889,11.11111111,65.10416667,34.89583333,500,268,44.98579118,25.73374298,0.4718763021,120.8945313,2.775362395,0.5292461289,0.5501955671,0.9331343166,524,weka.Bagging_JRip,0.743083,Supervised Classification
37,diabetes,768,9,2,class,0,0,0,8,1,88.88888889,11.11111111,65.10416667,34.89583333,500,268,44.98579118,25.73374298,0.4718763021,120.8945313,2.775362395,0.5292461289,0.5501955671,0.9331343166,611,weka.MultiBoostAB_ADTree,0.770751,Supervised Classification
37,diabetes,768,9,2,class,0,0,0,8,1,88.88888889,11.11111111,65.10416667,34.89583333,500,268,44.98579118,25.73374298,0.4718763021,120.8945313,2.775362395,0.5292461289,0.5501955671,0.9331343166,611,weka.MultiBoostAB_ADTree,0.750988,Supervised Classification
37,diabetes,768,9,2,class,0,0,0,8,1,88.88888889,11.11111111,65.10416667,34.89583333,500,268,44.98579118,25.73374298,0.4718763021,120.8945313,2.775362395,0.5292461289,0.5501955671,0.9331343166,611,weka.MultiBoostAB_ADTree,0.743083,Supervised Classification
37,diabetes,768,9,2,class,0,0,0,8,1,88.88888889,11.11111111,65.10416667,34.89583333,500,268,44.98579118,25.73374298,0.4718763021,120.8945313,2.775362395,0.5292461289,0.5501955671,0.9331343166,527,weka.Bagging_LMT,0.743083,Supervised Classification
37,diabetes,768,9,2,class,0,0,0,8,1,88.88888889,11.11111111,65.10416667,34.89583333,500,268,44.98579118,25.73374298,0.4718763021,120.8945313,2.775362395,0.5292461289,0.5501955671,0.9331343166,527,weka.Bagging_LMT,0.73913,Supervised Classification
37,diabetes,768,9,2,class,0,0,0,8,1,88.88888889,11.11111111,65.10416667,34.89583333,500,268,44.98579118,25.73374298,0.4718763021,120.8945313,2.775362395,0.5292461289,0.5501955671,0.9331343166,527,weka.Bagging_LMT,0.731225,Supervised Classification
37,diabetes,768,9,2,class,0,0,0,8,1,88.88888889,11.11111111,65.10416667,34.89583333,500,268,44.98579118,25.73374298,0.4718763021,120.8945313,2.775362395,0.5292461289,0.5501955671,0.9331343166,528,weka.Bagging_LWL_DecisionStump,0.747036,Supervised Classification
37,diabetes,768,9,2,class,0,0,0,8,1,88.88888889,11.11111111,65.10416667,34.89583333,500,268,44.98579118,25.73374298,0.4718763021,120.8945313,2.775362395,0.5292461289,0.5501955671,0.9331343166,528,weka.Bagging_LWL_DecisionStump,0.735178,Supervised Classification
37,diabetes,768,9,2,class,0,0,0,8,1,88.88888889,11.11111111,65.10416667,34.89583333,500,268,44.98579118,25.73374298,0.4718763021,120.8945313,2.775362395,0.5292461289,0.5501955671,0.9331343166,613,weka.MultiBoostAB_SPegasos,0.766798,Supervised Classification
37,diabetes,768,9,2,class,0,0,0,8,1,88.88888889,11.11111111,65.10416667,34.89583333,500,268,44.98579118,25.73374298,0.4718763021,120.8945313,2.775362395,0.5292461289,0.5501955671,0.9331343166,528,weka.Bagging_LWL_DecisionStump,0.743083,Supervised Classification
37,diabetes,768,9,2,class,0,0,0,8,1,88.88888889,11.11111111,65.10416667,34.89583333,500,268,44.98579118,25.73374298,0.4718763021,120.8945313,2.775362395,0.5292461289,0.5501955671,0.9331343166,528,weka.Bagging_LWL_DecisionStump,0.750988,Supervised Classification
37,diabetes,768,9,2,class,0,0,0,8,1,88.88888889,11.11111111,65.10416667,34.89583333,500,268,44.98579118,25.73374298,0.4718763021,120.8945313,2.775362395,0.5292461289,0.5501955671,0.9331343166,529,weka.Bagging_MultilayerPerceptron,0.754941,Supervised Classification
37,diabetes,768,9,2,class,0,0,0,8,1,88.88888889,11.11111111,65.10416667,34.89583333,500,268,44.98579118,25.73374298,0.4718763021,120.8945313,2.775362395,0.5292461289,0.5501955671,0.9331343166,615,weka.RealAdaBoost_NaiveBayes,0.762846,Supervised Classification
37,diabetes,768,9,2,class,0,0,0,8,1,88.88888889,11.11111111,65.10416667,34.89583333,500,268,44.98579118,25.73374298,0.4718763021,120.8945313,2.775362395,0.5292461289,0.5501955671,0.9331343166,616,weka.RealAdaBoost_Logistic,0.770751,Supervised Classification
37,diabetes,768,9,2,class,0,0,0,8,1,88.88888889,11.11111111,65.10416667,34.89583333,500,268,44.98579118,25.73374298,0.4718763021,120.8945313,2.775362395,0.5292461289,0.5501955671,0.9331343166,530,weka.Bagging_NaiveBayes,0.762846,Supervised Classification
37,diabetes,768,9,2,class,0,0,0,8,1,88.88888889,11.11111111,65.10416667,34.89583333,500,268,44.98579118,25.73374298,0.4718763021,120.8945313,2.775362395,0.5292461289,0.5501955671,0.9331343166,506,weka.RotationForest_PrincipalComponents_J48,0.747036,Supervised Classification
37,diabetes,768,9,2,class,0,0,0,8,1,88.88888889,11.11111111,65.10416667,34.89583333,500,268,44.98579118,25.73374298,0.4718763021,120.8945313,2.775362395,0.5292461289,0.5501955671,0.9331343166,506,weka.RotationForest_PrincipalComponents_J48,0.758893,Supervised Classification
37,diabetes,768,9,2,class,0,0,0,8,1,88.88888889,11.11111111,65.10416667,34.89583333,500,268,44.98579118,25.73374298,0.4718763021,120.8945313,2.775362395,0.5292461289,0.5501955671,0.9331343166,531,weka.Bagging_OneR,0.727273,Supervised Classification
37,diabetes,768,9,2,class,0,0,0,8,1,88.88888889,11.11111111,65.10416667,34.89583333,500,268,44.98579118,25.73374298,0.4718763021,120.8945313,2.775362395,0.5292461289,0.5501955671,0.9331343166,506,weka.RotationForest_PrincipalComponents_J48,0.762846,Supervised Classification
37,diabetes,768,9,2,class,0,0,0,8,1,88.88888889,11.11111111,65.10416667,34.89583333,500,268,44.98579118,25.73374298,0.4718763021,120.8945313,2.775362395,0.5292461289,0.5501955671,0.9331343166,531,weka.Bagging_OneR,0.735178,Supervised Classification
37,diabetes,768,9,2,class,0,0,0,8,1,88.88888889,11.11111111,65.10416667,34.89583333,500,268,44.98579118,25.73374298,0.4718763021,120.8945313,2.775362395,0.5292461289,0.5501955671,0.9331343166,506,weka.RotationForest_PrincipalComponents_J48,0.766798,Supervised Classification
37,diabetes,768,9,2,class,0,0,0,8,1,88.88888889,11.11111111,65.10416667,34.89583333,500,268,44.98579118,25.73374298,0.4718763021,120.8945313,2.775362395,0.5292461289,0.5501955671,0.9331343166,531,weka.Bagging_OneR,0.747036,Supervised Classification
37,diabetes,768,9,2,class,0,0,0,8,1,88.88888889,11.11111111,65.10416667,34.89583333,500,268,44.98579118,25.73374298,0.4718763021,120.8945313,2.775362395,0.5292461289,0.5501955671,0.9331343166,532,weka.Bagging_RandomForest,0.754941,Supervised Classification
37,diabetes,768,9,2,class,0,0,0,8,1,88.88888889,11.11111111,65.10416667,34.89583333,500,268,44.98579118,25.73374298,0.4718763021,120.8945313,2.775362395,0.5292461289,0.5501955671,0.9331343166,532,weka.Bagging_RandomForest,0.762846,Supervised Classification
37,diabetes,768,9,2,class,0,0,0,8,1,88.88888889,11.11111111,65.10416667,34.89583333,500,268,44.98579118,25.73374298,0.4718763021,120.8945313,2.775362395,0.5292461289,0.5501955671,0.9331343166,532,weka.Bagging_RandomForest,0.758893,Supervised Classification
37,diabetes,768,9,2,class,0,0,0,8,1,88.88888889,11.11111111,65.10416667,34.89583333,500,268,44.98579118,25.73374298,0.4718763021,120.8945313,2.775362395,0.5292461289,0.5501955671,0.9331343166,532,weka.Bagging_RandomForest,0.766798,Supervised Classification
37,diabetes,768,9,2,class,0,0,0,8,1,88.88888889,11.11111111,65.10416667,34.89583333,500,268,44.98579118,25.73374298,0.4718763021,120.8945313,2.775362395,0.5292461289,0.5501955671,0.9331343166,532,weka.Bagging_RandomForest,0.774704,Supervised Classification
37,diabetes,768,9,2,class,0,0,0,8,1,88.88888889,11.11111111,65.10416667,34.89583333,500,268,44.98579118,25.73374298,0.4718763021,120.8945313,2.775362395,0.5292461289,0.5501955671,0.9331343166,533,weka.Bagging_RandomTree,0.766798,Supervised Classification
37,diabetes,768,9,2,class,0,0,0,8,1,88.88888889,11.11111111,65.10416667,34.89583333,500,268,44.98579118,25.73374298,0.4718763021,120.8945313,2.775362395,0.5292461289,0.5501955671,0.9331343166,533,weka.Bagging_RandomTree,0.754941,Supervised Classification
37,diabetes,768,9,2,class,0,0,0,8,1,88.88888889,11.11111111,65.10416667,34.89583333,500,268,44.98579118,25.73374298,0.4718763021,120.8945313,2.775362395,0.5292461289,0.5501955671,0.9331343166,378,weka.Bagging_REPTree,0.754941,Supervised Classification
37,diabetes,768,9,2,class,0,0,0,8,1,88.88888889,11.11111111,65.10416667,34.89583333,500,268,44.98579118,25.73374298,0.4718763021,120.8945313,2.775362395,0.5292461289,0.5501955671,0.9331343166,378,weka.Bagging_REPTree,0.762846,Supervised Classification
37,diabetes,768,9,2,class,0,0,0,8,1,88.88888889,11.11111111,65.10416667,34.89583333,500,268,44.98579118,25.73374298,0.4718763021,120.8945313,2.775362395,0.5292461289,0.5501955671,0.9331343166,378,weka.Bagging_REPTree,0.758893,Supervised Classification
37,diabetes,768,9,2,class,0,0,0,8,1,88.88888889,11.11111111,65.10416667,34.89583333,500,268,44.98579118,25.73374298,0.4718763021,120.8945313,2.775362395,0.5292461289,0.5501955671,0.9331343166,534,weka.Bagging_SMO_PolyKernel,0.786561,Supervised Classification
37,diabetes,768,9,2,class,0,0,0,8,1,88.88888889,11.11111111,65.10416667,34.89583333,500,268,44.98579118,25.73374298,0.4718763021,120.8945313,2.775362395,0.5292461289,0.5501955671,0.9331343166,534,weka.Bagging_SMO_PolyKernel,0.790514,Supervised Classification
37,diabetes,768,9,2,class,0,0,0,8,1,88.88888889,11.11111111,65.10416667,34.89583333,500,268,44.98579118,25.73374298,0.4718763021,120.8945313,2.775362395,0.5292461289,0.5501955671,0.9331343166,397,weka.BayesianLogisticRegression,0.355731,Supervised Classification
37,diabetes,768,9,2,class,0,0,0,8,1,88.88888889,11.11111111,65.10416667,34.89583333,500,268,44.98579118,25.73374298,0.4718763021,120.8945313,2.775362395,0.5292461289,0.5501955671,0.9331343166,548,weka.BayesNet_GeneticSearch,0.72332,Supervised Classification
37,diabetes,768,9,2,class,0,0,0,8,1,88.88888889,11.11111111,65.10416667,34.89583333,500,268,44.98579118,25.73374298,0.4718763021,120.8945313,2.775362395,0.5292461289,0.5501955671,0.9331343166,441,weka.ComplementNaiveBayes,0.573123,Supervised Classification
37,diabetes,768,9,2,class,0,0,0,8,1,88.88888889,11.11111111,65.10416667,34.89583333,500,268,44.98579118,25.73374298,0.4718763021,120.8945313,2.775362395,0.5292461289,0.5501955671,0.9331343166,675,weka.J48,0.715415,Supervised Classification
37,diabetes,768,9,2,class,0,0,0,8,1,88.88888889,11.11111111,65.10416667,34.89583333,500,268,44.98579118,25.73374298,0.4718763021,120.8945313,2.775362395,0.5292461289,0.5501955671,0.9331343166,375,weka.OneR,0.715415,Supervised Classification
37,diabetes,768,9,2,class,0,0,0,8,1,88.88888889,11.11111111,65.10416667,34.89583333,500,268,44.98579118,25.73374298,0.4718763021,120.8945313,2.775362395,0.5292461289,0.5501955671,0.9331343166,376,weka.AdaBoostM1_DecisionStump,0.72332,Supervised Classification
37,diabetes,768,9,2,class,0,0,0,8,1,88.88888889,11.11111111,65.10416667,34.89583333,500,268,44.98579118,25.73374298,0.4718763021,120.8945313,2.775362395,0.5292461289,0.5501955671,0.9331343166,380,weka.NaiveBayes,0.762846,Supervised Classification
37,diabetes,768,9,2,class,0,0,0,8,1,88.88888889,11.11111111,65.10416667,34.89583333,500,268,44.98579118,25.73374298,0.4718763021,120.8945313,2.775362395,0.5292461289,0.5501955671,0.9331343166,677,weka.Logistic,0.774704,Supervised Classification
37,diabetes,768,9,2,class,0,0,0,8,1,88.88888889,11.11111111,65.10416667,34.89583333,500,268,44.98579118,25.73374298,0.4718763021,120.8945313,2.775362395,0.5292461289,0.5501955671,0.9331343166,384,weka.SGD,0.774704,Supervised Classification
37,diabetes,768,9,2,class,0,0,0,8,1,88.88888889,11.11111111,65.10416667,34.89583333,500,268,44.98579118,25.73374298,0.4718763021,120.8945313,2.775362395,0.5292461289,0.5501955671,0.9331343166,385,weka.SMO_PolyKernel,0.778656,Supervised Classification
37,diabetes,768,9,2,class,0,0,0,8,1,88.88888889,11.11111111,65.10416667,34.89583333,500,268,44.98579118,25.73374298,0.4718763021,120.8945313,2.775362395,0.5292461289,0.5501955671,0.9331343166,387,weka.SMO_RBFKernel,0.636364,Supervised Classification
37,diabetes,768,9,2,class,0,0,0,8,1,88.88888889,11.11111111,65.10416667,34.89583333,500,268,44.98579118,25.73374298,0.4718763021,120.8945313,2.775362395,0.5292461289,0.5501955671,0.9331343166,389,weka.IBk,0.683794,Supervised Classification
37,diabetes,768,9,2,class,0,0,0,8,1,88.88888889,11.11111111,65.10416667,34.89583333,500,268,44.98579118,25.73374298,0.4718763021,120.8945313,2.775362395,0.5292461289,0.5501955671,0.9331343166,390,weka.JRip,0.703557,Supervised Classification
37,diabetes,768,9,2,class,0,0,0,8,1,88.88888889,11.11111111,65.10416667,34.89583333,500,268,44.98579118,25.73374298,0.4718763021,120.8945313,2.775362395,0.5292461289,0.5501955671,0.9331343166,391,weka.RandomForest,0.758893,Supervised Classification
37,diabetes,768,9,2,class,0,0,0,8,1,88.88888889,11.11111111,65.10416667,34.89583333,500,268,44.98579118,25.73374298,0.4718763021,120.8945313,2.775362395,0.5292461289,0.5501955671,0.9331343166,392,weka.A1DE,0.715415,Supervised Classification
37,diabetes,768,9,2,class,0,0,0,8,1,88.88888889,11.11111111,65.10416667,34.89583333,500,268,44.98579118,25.73374298,0.4718763021,120.8945313,2.775362395,0.5292461289,0.5501955671,0.9331343166,393,weka.A2DE,0.715415,Supervised Classification
37,diabetes,768,9,2,class,0,0,0,8,1,88.88888889,11.11111111,65.10416667,34.89583333,500,268,44.98579118,25.73374298,0.4718763021,120.8945313,2.775362395,0.5292461289,0.5501955671,0.9331343166,394,weka.AdaBoostM1_ADTree,0.747036,Supervised Classification
37,diabetes,768,9,2,class,0,0,0,8,1,88.88888889,11.11111111,65.10416667,34.89583333,500,268,44.98579118,25.73374298,0.4718763021,120.8945313,2.775362395,0.5292461289,0.5501955671,0.9331343166,396,weka.AdaBoostM1_BayesianLogisticRegression,0.367589,Supervised Classification
37,diabetes,768,9,2,class,0,0,0,8,1,88.88888889,11.11111111,65.10416667,34.89583333,500,268,44.98579118,25.73374298,0.4718763021,120.8945313,2.775362395,0.5292461289,0.5501955671,0.9331343166,398,weka.AdaBoostM1_BFTree,0.743083,Supervised Classification
37,diabetes,768,9,2,class,0,0,0,8,1,88.88888889,11.11111111,65.10416667,34.89583333,500,268,44.98579118,25.73374298,0.4718763021,120.8945313,2.775362395,0.5292461289,0.5501955671,0.9331343166,398,weka.AdaBoostM1_BFTree,0.73913,Supervised Classification
37,diabetes,768,9,2,class,0,0,0,8,1,88.88888889,11.11111111,65.10416667,34.89583333,500,268,44.98579118,25.73374298,0.4718763021,120.8945313,2.775362395,0.5292461289,0.5501955671,0.9331343166,398,weka.AdaBoostM1_BFTree,0.754941,Supervised Classification
37,diabetes,768,9,2,class,0,0,0,8,1,88.88888889,11.11111111,65.10416667,34.89583333,500,268,44.98579118,25.73374298,0.4718763021,120.8945313,2.775362395,0.5292461289,0.5501955671,0.9331343166,404,weka.AdaBoostM1_IBk,0.683794,Supervised Classification
37,diabetes,768,9,2,class,0,0,0,8,1,88.88888889,11.11111111,65.10416667,34.89583333,500,268,44.98579118,25.73374298,0.4718763021,120.8945313,2.775362395,0.5292461289,0.5501955671,0.9331343166,405,weka.AdaBoostM1_J48,0.735178,Supervised Classification
37,diabetes,768,9,2,class,0,0,0,8,1,88.88888889,11.11111111,65.10416667,34.89583333,500,268,44.98579118,25.73374298,0.4718763021,120.8945313,2.775362395,0.5292461289,0.5501955671,0.9331343166,405,weka.AdaBoostM1_J48,0.703557,Supervised Classification
37,diabetes,768,9,2,class,0,0,0,8,1,88.88888889,11.11111111,65.10416667,34.89583333,500,268,44.98579118,25.73374298,0.4718763021,120.8945313,2.775362395,0.5292461289,0.5501955671,0.9331343166,405,weka.AdaBoostM1_J48,0.73913,Supervised Classification
37,diabetes,768,9,2,class,0,0,0,8,1,88.88888889,11.11111111,65.10416667,34.89583333,500,268,44.98579118,25.73374298,0.4718763021,120.8945313,2.775362395,0.5292461289,0.5501955671,0.9331343166,405,weka.AdaBoostM1_J48,0.743083,Supervised Classification
37,diabetes,768,9,2,class,0,0,0,8,1,88.88888889,11.11111111,65.10416667,34.89583333,500,268,44.98579118,25.73374298,0.4718763021,120.8945313,2.775362395,0.5292461289,0.5501955671,0.9331343166,405,weka.AdaBoostM1_J48,0.750988,Supervised Classification
37,diabetes,768,9,2,class,0,0,0,8,1,88.88888889,11.11111111,65.10416667,34.89583333,500,268,44.98579118,25.73374298,0.4718763021,120.8945313,2.775362395,0.5292461289,0.5501955671,0.9331343166,406,weka.AdaBoostM1_JRip,0.750988,Supervised Classification
37,diabetes,768,9,2,class,0,0,0,8,1,88.88888889,11.11111111,65.10416667,34.89583333,500,268,44.98579118,25.73374298,0.4718763021,120.8945313,2.775362395,0.5292461289,0.5501955671,0.9331343166,406,weka.AdaBoostM1_JRip,0.73913,Supervised Classification
37,diabetes,768,9,2,class,0,0,0,8,1,88.88888889,11.11111111,65.10416667,34.89583333,500,268,44.98579118,25.73374298,0.4718763021,120.8945313,2.775362395,0.5292461289,0.5501955671,0.9331343166,407,weka.AdaBoostM1_LADTree,0.699605,Supervised Classification
37,diabetes,768,9,2,class,0,0,0,8,1,88.88888889,11.11111111,65.10416667,34.89583333,500,268,44.98579118,25.73374298,0.4718763021,120.8945313,2.775362395,0.5292461289,0.5501955671,0.9331343166,407,weka.AdaBoostM1_LADTree,0.6917,Supervised Classification
37,diabetes,768,9,2,class,0,0,0,8,1,88.88888889,11.11111111,65.10416667,34.89583333,500,268,44.98579118,25.73374298,0.4718763021,120.8945313,2.775362395,0.5292461289,0.5501955671,0.9331343166,407,weka.AdaBoostM1_LADTree,0.73913,Supervised Classification
37,diabetes,768,9,2,class,0,0,0,8,1,88.88888889,11.11111111,65.10416667,34.89583333,500,268,44.98579118,25.73374298,0.4718763021,120.8945313,2.775362395,0.5292461289,0.5501955671,0.9331343166,407,weka.AdaBoostM1_LADTree,0.750988,Supervised Classification
37,diabetes,768,9,2,class,0,0,0,8,1,88.88888889,11.11111111,65.10416667,34.89583333,500,268,44.98579118,25.73374298,0.4718763021,120.8945313,2.775362395,0.5292461289,0.5501955671,0.9331343166,411,weka.AdaBoostM1_LMT,0.683794,Supervised Classification
37,diabetes,768,9,2,class,0,0,0,8,1,88.88888889,11.11111111,65.10416667,34.89583333,500,268,44.98579118,25.73374298,0.4718763021,120.8945313,2.775362395,0.5292461289,0.5501955671,0.9331343166,411,weka.AdaBoostM1_LMT,0.727273,Supervised Classification
37,diabetes,768,9,2,class,0,0,0,8,1,88.88888889,11.11111111,65.10416667,34.89583333,500,268,44.98579118,25.73374298,0.4718763021,120.8945313,2.775362395,0.5292461289,0.5501955671,0.9331343166,411,weka.AdaBoostM1_LMT,0.750988,Supervised Classification
37,diabetes,768,9,2,class,0,0,0,8,1,88.88888889,11.11111111,65.10416667,34.89583333,500,268,44.98579118,25.73374298,0.4718763021,120.8945313,2.775362395,0.5292461289,0.5501955671,0.9331343166,411,weka.AdaBoostM1_LMT,0.743083,Supervised Classification
37,diabetes,768,9,2,class,0,0,0,8,1,88.88888889,11.11111111,65.10416667,34.89583333,500,268,44.98579118,25.73374298,0.4718763021,120.8945313,2.775362395,0.5292461289,0.5501955671,0.9331343166,411,weka.AdaBoostM1_LMT,0.715415,Supervised Classification
37,diabetes,768,9,2,class,0,0,0,8,1,88.88888889,11.11111111,65.10416667,34.89583333,500,268,44.98579118,25.73374298,0.4718763021,120.8945313,2.775362395,0.5292461289,0.5501955671,0.9331343166,413,weka.AdaBoostM1_LWL_DecisionStump,0.731225,Supervised Classification
37,diabetes,768,9,2,class,0,0,0,8,1,88.88888889,11.11111111,65.10416667,34.89583333,500,268,44.98579118,25.73374298,0.4718763021,120.8945313,2.775362395,0.5292461289,0.5501955671,0.9331343166,413,weka.AdaBoostM1_LWL_DecisionStump,0.715415,Supervised Classification
37,diabetes,768,9,2,class,0,0,0,8,1,88.88888889,11.11111111,65.10416667,34.89583333,500,268,44.98579118,25.73374298,0.4718763021,120.8945313,2.775362395,0.5292461289,0.5501955671,0.9331343166,413,weka.AdaBoostM1_LWL_DecisionStump,0.735178,Supervised Classification
37,diabetes,768,9,2,class,0,0,0,8,1,88.88888889,11.11111111,65.10416667,34.89583333,500,268,44.98579118,25.73374298,0.4718763021,120.8945313,2.775362395,0.5292461289,0.5501955671,0.9331343166,413,weka.AdaBoostM1_LWL_DecisionStump,0.747036,Supervised Classification
37,diabetes,768,9,2,class,0,0,0,8,1,88.88888889,11.11111111,65.10416667,34.89583333,500,268,44.98579118,25.73374298,0.4718763021,120.8945313,2.775362395,0.5292461289,0.5501955671,0.9331343166,417,weka.AdaBoostM1_NaiveBayes,0.754941,Supervised Classification
37,diabetes,768,9,2,class,0,0,0,8,1,88.88888889,11.11111111,65.10416667,34.89583333,500,268,44.98579118,25.73374298,0.4718763021,120.8945313,2.775362395,0.5292461289,0.5501955671,0.9331343166,418,weka.AdaBoostM1_OneR,0.683794,Supervised Classification
37,diabetes,768,9,2,class,0,0,0,8,1,88.88888889,11.11111111,65.10416667,34.89583333,500,268,44.98579118,25.73374298,0.4718763021,120.8945313,2.775362395,0.5292461289,0.5501955671,0.9331343166,418,weka.AdaBoostM1_OneR,0.667984,Supervised Classification
37,diabetes,768,9,2,class,0,0,0,8,1,88.88888889,11.11111111,65.10416667,34.89583333,500,268,44.98579118,25.73374298,0.4718763021,120.8945313,2.775362395,0.5292461289,0.5501955671,0.9331343166,418,weka.AdaBoostM1_OneR,0.671937,Supervised Classification
37,diabetes,768,9,2,class,0,0,0,8,1,88.88888889,11.11111111,65.10416667,34.89583333,500,268,44.98579118,25.73374298,0.4718763021,120.8945313,2.775362395,0.5292461289,0.5501955671,0.9331343166,418,weka.AdaBoostM1_OneR,0.648221,Supervised Classification
37,diabetes,768,9,2,class,0,0,0,8,1,88.88888889,11.11111111,65.10416667,34.89583333,500,268,44.98579118,25.73374298,0.4718763021,120.8945313,2.775362395,0.5292461289,0.5501955671,0.9331343166,419,weka.AdaBoostM1_RandomForest,0.766798,Supervised Classification
37,diabetes,768,9,2,class,0,0,0,8,1,88.88888889,11.11111111,65.10416667,34.89583333,500,268,44.98579118,25.73374298,0.4718763021,120.8945313,2.775362395,0.5292461289,0.5501955671,0.9331343166,420,weka.AdaBoostM1_RandomTree,0.683794,Supervised Classification
37,diabetes,768,9,2,class,0,0,0,8,1,88.88888889,11.11111111,65.10416667,34.89583333,500,268,44.98579118,25.73374298,0.4718763021,120.8945313,2.775362395,0.5292461289,0.5501955671,0.9331343166,422,weka.AdaBoostM1_REPTree,0.727273,Supervised Classification
37,diabetes,768,9,2,class,0,0,0,8,1,88.88888889,11.11111111,65.10416667,34.89583333,500,268,44.98579118,25.73374298,0.4718763021,120.8945313,2.775362395,0.5292461289,0.5501955671,0.9331343166,422,weka.AdaBoostM1_REPTree,0.711462,Supervised Classification
37,diabetes,768,9,2,class,0,0,0,8,1,88.88888889,11.11111111,65.10416667,34.89583333,500,268,44.98579118,25.73374298,0.4718763021,120.8945313,2.775362395,0.5292461289,0.5501955671,0.9331343166,422,weka.AdaBoostM1_REPTree,0.695652,Supervised Classification
37,diabetes,768,9,2,class,0,0,0,8,1,88.88888889,11.11111111,65.10416667,34.89583333,500,268,44.98579118,25.73374298,0.4718763021,120.8945313,2.775362395,0.5292461289,0.5501955671,0.9331343166,422,weka.AdaBoostM1_REPTree,0.687747,Supervised Classification
37,diabetes,768,9,2,class,0,0,0,8,1,88.88888889,11.11111111,65.10416667,34.89583333,500,268,44.98579118,25.73374298,0.4718763021,120.8945313,2.775362395,0.5292461289,0.5501955671,0.9331343166,423,weka.AdaBoostM1_SMO_PolyKernel,0.782609,Supervised Classification
37,diabetes,768,9,2,class,0,0,0,8,1,88.88888889,11.11111111,65.10416667,34.89583333,500,268,44.98579118,25.73374298,0.4718763021,120.8945313,2.775362395,0.5292461289,0.5501955671,0.9331343166,1075,weka.NNge,0.73913,Supervised Classification
37,diabetes,768,9,2,class,0,0,0,8,1,88.88888889,11.11111111,65.10416667,34.89583333,500,268,44.98579118,25.73374298,0.4718763021,120.8945313,2.775362395,0.5292461289,0.5501955671,0.9331343166,1076,weka.SimpleCart,0.73913,Supervised Classification
37,diabetes,768,9,2,class,0,0,0,8,1,88.88888889,11.11111111,65.10416667,34.89583333,500,268,44.98579118,25.73374298,0.4718763021,120.8945313,2.775362395,0.5292461289,0.5501955671,0.9331343166,1077,weka.REPTree,0.73913,Supervised Classification
37,diabetes,768,9,2,class,0,0,0,8,1,88.88888889,11.11111111,65.10416667,34.89583333,500,268,44.98579118,25.73374298,0.4718763021,120.8945313,2.775362395,0.5292461289,0.5501955671,0.9331343166,1078,weka.RandomTree,0.664032,Supervised Classification
37,diabetes,768,9,2,class,0,0,0,8,1,88.88888889,11.11111111,65.10416667,34.89583333,500,268,44.98579118,25.73374298,0.4718763021,120.8945313,2.775362395,0.5292461289,0.5501955671,0.9331343166,1079,weka.RandomForest,0.758893,Supervised Classification
37,diabetes,768,9,2,class,0,0,0,8,1,88.88888889,11.11111111,65.10416667,34.89583333,500,268,44.98579118,25.73374298,0.4718763021,120.8945313,2.775362395,0.5292461289,0.5501955671,0.9331343166,1112,weka.LibLINEAR,0.636364,Supervised Classification
37,diabetes,768,9,2,class,0,0,0,8,1,88.88888889,11.11111111,65.10416667,34.89583333,500,268,44.98579118,25.73374298,0.4718763021,120.8945313,2.775362395,0.5292461289,0.5501955671,0.9331343166,1177,weka.SimpleLogistic,0.770751,Supervised Classification
37,diabetes,768,9,2,class,0,0,0,8,1,88.88888889,11.11111111,65.10416667,34.89583333,500,268,44.98579118,25.73374298,0.4718763021,120.8945313,2.775362395,0.5292461289,0.5501955671,0.9331343166,1178,weka.SMO_PolyKernel,0.778656,Supervised Classification
37,diabetes,768,9,2,class,0,0,0,8,1,88.88888889,11.11111111,65.10416667,34.89583333,500,268,44.98579118,25.73374298,0.4718763021,120.8945313,2.775362395,0.5292461289,0.5501955671,0.9331343166,1179,weka.SMO_RBFKernel,0.636364,Supervised Classification
37,diabetes,768,9,2,class,0,0,0,8,1,88.88888889,11.11111111,65.10416667,34.89583333,500,268,44.98579118,25.73374298,0.4718763021,120.8945313,2.775362395,0.5292461289,0.5501955671,0.9331343166,1180,weka.SPegasos,0.754941,Supervised Classification
37,diabetes,768,9,2,class,0,0,0,8,1,88.88888889,11.11111111,65.10416667,34.89583333,500,268,44.98579118,25.73374298,0.4718763021,120.8945313,2.775362395,0.5292461289,0.5501955671,0.9331343166,1105,weka.IBk,0.70751,Supervised Classification
37,diabetes,768,9,2,class,0,0,0,8,1,88.88888889,11.11111111,65.10416667,34.89583333,500,268,44.98579118,25.73374298,0.4718763021,120.8945313,2.775362395,0.5292461289,0.5501955671,0.9331343166,1105,weka.IBk,0.72332,Supervised Classification
37,diabetes,768,9,2,class,0,0,0,8,1,88.88888889,11.11111111,65.10416667,34.89583333,500,268,44.98579118,25.73374298,0.4718763021,120.8945313,2.775362395,0.5292461289,0.5501955671,0.9331343166,1182,weka.AdaBoostM1_DecisionStump,0.72332,Supervised Classification
37,diabetes,768,9,2,class,0,0,0,8,1,88.88888889,11.11111111,65.10416667,34.89583333,500,268,44.98579118,25.73374298,0.4718763021,120.8945313,2.775362395,0.5292461289,0.5501955671,0.9331343166,1182,weka.AdaBoostM1_DecisionStump,0.731225,Supervised Classification
37,diabetes,768,9,2,class,0,0,0,8,1,88.88888889,11.11111111,65.10416667,34.89583333,500,268,44.98579118,25.73374298,0.4718763021,120.8945313,2.775362395,0.5292461289,0.5501955671,0.9331343166,1182,weka.AdaBoostM1_DecisionStump,0.73913,Supervised Classification
37,diabetes,768,9,2,class,0,0,0,8,1,88.88888889,11.11111111,65.10416667,34.89583333,500,268,44.98579118,25.73374298,0.4718763021,120.8945313,2.775362395,0.5292461289,0.5501955671,0.9331343166,1182,weka.AdaBoostM1_DecisionStump,0.762846,Supervised Classification
37,diabetes,768,9,2,class,0,0,0,8,1,88.88888889,11.11111111,65.10416667,34.89583333,500,268,44.98579118,25.73374298,0.4718763021,120.8945313,2.775362395,0.5292461289,0.5501955671,0.9331343166,1183,weka.AttributeSelectedClassifier_CfsSubsetEval_BestFirst_J48,0.719368,Supervised Classification
37,diabetes,768,9,2,class,0,0,0,8,1,88.88888889,11.11111111,65.10416667,34.89583333,500,268,44.98579118,25.73374298,0.4718763021,120.8945313,2.775362395,0.5292461289,0.5501955671,0.9331343166,1185,weka.Bagging_REPTree,0.758893,Supervised Classification
37,diabetes,768,9,2,class,0,0,0,8,1,88.88888889,11.11111111,65.10416667,34.89583333,500,268,44.98579118,25.73374298,0.4718763021,120.8945313,2.775362395,0.5292461289,0.5501955671,0.9331343166,1185,weka.Bagging_REPTree,0.754941,Supervised Classification
37,diabetes,768,9,2,class,0,0,0,8,1,88.88888889,11.11111111,65.10416667,34.89583333,500,268,44.98579118,25.73374298,0.4718763021,120.8945313,2.775362395,0.5292461289,0.5501955671,0.9331343166,1191,weka.LogitBoost_DecisionStump,0.754941,Supervised Classification
37,diabetes,768,9,2,class,0,0,0,8,1,88.88888889,11.11111111,65.10416667,34.89583333,500,268,44.98579118,25.73374298,0.4718763021,120.8945313,2.775362395,0.5292461289,0.5501955671,0.9331343166,1194,weka.RandomSubSpace_REPTree,0.72332,Supervised Classification
37,diabetes,768,9,2,class,0,0,0,8,1,88.88888889,11.11111111,65.10416667,34.89583333,500,268,44.98579118,25.73374298,0.4718763021,120.8945313,2.775362395,0.5292461289,0.5501955671,0.9331343166,1194,weka.RandomSubSpace_REPTree,0.727273,Supervised Classification
37,diabetes,768,9,2,class,0,0,0,8,1,88.88888889,11.11111111,65.10416667,34.89583333,500,268,44.98579118,25.73374298,0.4718763021,120.8945313,2.775362395,0.5292461289,0.5501955671,0.9331343166,1194,weka.RandomSubSpace_REPTree,0.731225,Supervised Classification
37,diabetes,768,9,2,class,0,0,0,8,1,88.88888889,11.11111111,65.10416667,34.89583333,500,268,44.98579118,25.73374298,0.4718763021,120.8945313,2.775362395,0.5292461289,0.5501955671,0.9331343166,1090,weka.DecisionStump,0.695652,Supervised Classification
37,diabetes,768,9,2,class,0,0,0,8,1,88.88888889,11.11111111,65.10416667,34.89583333,500,268,44.98579118,25.73374298,0.4718763021,120.8945313,2.775362395,0.5292461289,0.5501955671,0.9331343166,1091,weka.BFTree,0.715415,Supervised Classification
37,diabetes,768,9,2,class,0,0,0,8,1,88.88888889,11.11111111,65.10416667,34.89583333,500,268,44.98579118,25.73374298,0.4718763021,120.8945313,2.775362395,0.5292461289,0.5501955671,0.9331343166,1101,weka.InputMappedClassifier_ZeroR,0.636364,Supervised Classification
37,diabetes,768,9,2,class,0,0,0,8,1,88.88888889,11.11111111,65.10416667,34.89583333,500,268,44.98579118,25.73374298,0.4718763021,120.8945313,2.775362395,0.5292461289,0.5501955671,0.9331343166,1105,weka.IBk,0.683794,Supervised Classification
37,diabetes,768,9,2,class,0,0,0,8,1,88.88888889,11.11111111,65.10416667,34.89583333,500,268,44.98579118,25.73374298,0.4718763021,120.8945313,2.775362395,0.5292461289,0.5501955671,0.9331343166,1185,weka.Bagging_REPTree,0.747036,Supervised Classification
37,diabetes,768,9,2,class,0,0,0,8,1,88.88888889,11.11111111,65.10416667,34.89583333,500,268,44.98579118,25.73374298,0.4718763021,120.8945313,2.775362395,0.5292461289,0.5501955671,0.9331343166,1197,weka.FURIA,0.727273,Supervised Classification
37,diabetes,768,9,2,class,0,0,0,8,1,88.88888889,11.11111111,65.10416667,34.89583333,500,268,44.98579118,25.73374298,0.4718763021,120.8945313,2.775362395,0.5292461289,0.5501955671,0.9331343166,1200,weka.LADTree,0.727273,Supervised Classification
37,diabetes,768,9,2,class,0,0,0,8,1,88.88888889,11.11111111,65.10416667,34.89583333,500,268,44.98579118,25.73374298,0.4718763021,120.8945313,2.775362395,0.5292461289,0.5501955671,0.9331343166,1089,weka.ExtraTree,0.727273,Supervised Classification
37,diabetes,768,9,2,class,0,0,0,8,1,88.88888889,11.11111111,65.10416667,34.89583333,500,268,44.98579118,25.73374298,0.4718763021,120.8945313,2.775362395,0.5292461289,0.5501955671,0.9331343166,1094,weka.JRip,0.703557,Supervised Classification
37,diabetes,768,9,2,class,0,0,0,8,1,88.88888889,11.11111111,65.10416667,34.89583333,500,268,44.98579118,25.73374298,0.4718763021,120.8945313,2.775362395,0.5292461289,0.5501955671,0.9331343166,1096,weka.DecisionTable_BestFirst,0.70751,Supervised Classification
37,diabetes,768,9,2,class,0,0,0,8,1,88.88888889,11.11111111,65.10416667,34.89583333,500,268,44.98579118,25.73374298,0.4718763021,120.8945313,2.775362395,0.5292461289,0.5501955671,0.9331343166,1098,weka.ConjunctiveRule,0.695652,Supervised Classification
37,diabetes,768,9,2,class,0,0,0,8,1,88.88888889,11.11111111,65.10416667,34.89583333,500,268,44.98579118,25.73374298,0.4718763021,120.8945313,2.775362395,0.5292461289,0.5501955671,0.9331343166,1104,weka.IB1,0.683794,Supervised Classification
37,diabetes,768,9,2,class,0,0,0,8,1,88.88888889,11.11111111,65.10416667,34.89583333,500,268,44.98579118,25.73374298,0.4718763021,120.8945313,2.775362395,0.5292461289,0.5501955671,0.9331343166,1108,weka.LWL_DecisionStump,0.699605,Supervised Classification
37,diabetes,768,9,2,class,0,0,0,8,1,88.88888889,11.11111111,65.10416667,34.89583333,500,268,44.98579118,25.73374298,0.4718763021,120.8945313,2.775362395,0.5292461289,0.5501955671,0.9331343166,1114,weka.Logistic,0.774704,Supervised Classification
37,diabetes,768,9,2,class,0,0,0,8,1,88.88888889,11.11111111,65.10416667,34.89583333,500,268,44.98579118,25.73374298,0.4718763021,120.8945313,2.775362395,0.5292461289,0.5501955671,0.9331343166,1117,weka.RBFClassifier,0.766798,Supervised Classification
37,diabetes,768,9,2,class,0,0,0,8,1,88.88888889,11.11111111,65.10416667,34.89583333,500,268,44.98579118,25.73374298,0.4718763021,120.8945313,2.775362395,0.5292461289,0.5501955671,0.9331343166,1120,weka.SGD,0.774704,Supervised Classification
37,diabetes,768,9,2,class,0,0,0,8,1,88.88888889,11.11111111,65.10416667,34.89583333,500,268,44.98579118,25.73374298,0.4718763021,120.8945313,2.775362395,0.5292461289,0.5501955671,0.9331343166,1154,weka.NaiveBayes,0.762846,Supervised Classification
37,diabetes,768,9,2,class,0,0,0,8,1,88.88888889,11.11111111,65.10416667,34.89583333,500,268,44.98579118,25.73374298,0.4718763021,120.8945313,2.775362395,0.5292461289,0.5501955671,0.9331343166,1155,weka.FilteredClassifier_Standardize_NaiveBayes,0.766798,Supervised Classification
37,diabetes,768,9,2,class,0,0,0,8,1,88.88888889,11.11111111,65.10416667,34.89583333,500,268,44.98579118,25.73374298,0.4718763021,120.8945313,2.775362395,0.5292461289,0.5501955671,0.9331343166,1244,weka.FilteredClassifier_Discretize_J48,0.72332,Supervised Classification
37,diabetes,768,9,2,class,0,0,0,8,1,88.88888889,11.11111111,65.10416667,34.89583333,500,268,44.98579118,25.73374298,0.4718763021,120.8945313,2.775362395,0.5292461289,0.5501955671,0.9331343166,1163,weka.FilteredClassifier_PrincipalComponents_J48,0.719368,Supervised Classification
37,diabetes,768,9,2,class,0,0,0,8,1,88.88888889,11.11111111,65.10416667,34.89583333,500,268,44.98579118,25.73374298,0.4718763021,120.8945313,2.775362395,0.5292461289,0.5501955671,0.9331343166,1172,weka.LibSVM,0.636364,Supervised Classification
37,diabetes,768,9,2,class,0,0,0,8,1,88.88888889,11.11111111,65.10416667,34.89583333,500,268,44.98579118,25.73374298,0.4718763021,120.8945313,2.775362395,0.5292461289,0.5501955671,0.9331343166,1185,weka.Bagging_REPTree,0.762846,Supervised Classification
37,diabetes,768,9,2,class,0,0,0,8,1,88.88888889,11.11111111,65.10416667,34.89583333,500,268,44.98579118,25.73374298,0.4718763021,120.8945313,2.775362395,0.5292461289,0.5501955671,0.9331343166,1191,weka.LogitBoost_DecisionStump,0.735178,Supervised Classification
37,diabetes,768,9,2,class,0,0,0,8,1,88.88888889,11.11111111,65.10416667,34.89583333,500,268,44.98579118,25.73374298,0.4718763021,120.8945313,2.775362395,0.5292461289,0.5501955671,0.9331343166,1191,weka.LogitBoost_DecisionStump,0.750988,Supervised Classification
37,diabetes,768,9,2,class,0,0,0,8,1,88.88888889,11.11111111,65.10416667,34.89583333,500,268,44.98579118,25.73374298,0.4718763021,120.8945313,2.775362395,0.5292461289,0.5501955671,0.9331343166,1191,weka.LogitBoost_DecisionStump,0.762846,Supervised Classification
37,diabetes,768,9,2,class,0,0,0,8,1,88.88888889,11.11111111,65.10416667,34.89583333,500,268,44.98579118,25.73374298,0.4718763021,120.8945313,2.775362395,0.5292461289,0.5501955671,0.9331343166,1194,weka.RandomSubSpace_REPTree,0.73913,Supervised Classification
37,diabetes,768,9,2,class,0,0,0,8,1,88.88888889,11.11111111,65.10416667,34.89583333,500,268,44.98579118,25.73374298,0.4718763021,120.8945313,2.775362395,0.5292461289,0.5501955671,0.9331343166,1194,weka.RandomSubSpace_REPTree,0.747036,Supervised Classification
37,diabetes,768,9,2,class,0,0,0,8,1,88.88888889,11.11111111,65.10416667,34.89583333,500,268,44.98579118,25.73374298,0.4718763021,120.8945313,2.775362395,0.5292461289,0.5501955671,0.9331343166,1099,weka.CHIRP,0.754941,Supervised Classification
37,diabetes,768,9,2,class,0,0,0,8,1,88.88888889,11.11111111,65.10416667,34.89583333,500,268,44.98579118,25.73374298,0.4718763021,120.8945313,2.775362395,0.5292461289,0.5501955671,0.9331343166,1100,weka.HyperPipes,0.640316,Supervised Classification
37,diabetes,768,9,2,class,0,0,0,8,1,88.88888889,11.11111111,65.10416667,34.89583333,500,268,44.98579118,25.73374298,0.4718763021,120.8945313,2.775362395,0.5292461289,0.5501955671,0.9331343166,1103,weka.VFI,0.636364,Supervised Classification
37,diabetes,768,9,2,class,0,0,0,8,1,88.88888889,11.11111111,65.10416667,34.89583333,500,268,44.98579118,25.73374298,0.4718763021,120.8945313,2.775362395,0.5292461289,0.5501955671,0.9331343166,1111,weka.KernelLogisticRegression_PolyKernel,0.774704,Supervised Classification
37,diabetes,768,9,2,class,0,0,0,8,1,88.88888889,11.11111111,65.10416667,34.89583333,500,268,44.98579118,25.73374298,0.4718763021,120.8945313,2.775362395,0.5292461289,0.5501955671,0.9331343166,1087,weka.HoeffdingTree,0.762846,Supervised Classification
37,diabetes,768,9,2,class,0,0,0,8,1,88.88888889,11.11111111,65.10416667,34.89583333,500,268,44.98579118,25.73374298,0.4718763021,120.8945313,2.775362395,0.5292461289,0.5501955671,0.9331343166,1166,weka.A2DE,0.715415,Supervised Classification
37,diabetes,768,9,2,class,0,0,0,8,1,88.88888889,11.11111111,65.10416667,34.89583333,500,268,44.98579118,25.73374298,0.4718763021,120.8945313,2.775362395,0.5292461289,0.5501955671,0.9331343166,1082,weka.LMT,0.770751,Supervised Classification
37,diabetes,768,9,2,class,0,0,0,8,1,88.88888889,11.11111111,65.10416667,34.89583333,500,268,44.98579118,25.73374298,0.4718763021,120.8945313,2.775362395,0.5292461289,0.5501955671,0.9331343166,1088,weka.FT,0.770751,Supervised Classification
37,diabetes,768,9,2,class,0,0,0,8,1,88.88888889,11.11111111,65.10416667,34.89583333,500,268,44.98579118,25.73374298,0.4718763021,120.8945313,2.775362395,0.5292461289,0.5501955671,0.9331343166,1106,weka.KStar,0.667984,Supervised Classification
37,diabetes,768,9,2,class,0,0,0,8,1,88.88888889,11.11111111,65.10416667,34.89583333,500,268,44.98579118,25.73374298,0.4718763021,120.8945313,2.775362395,0.5292461289,0.5501955671,0.9331343166,1191,weka.LogitBoost_DecisionStump,0.73913,Supervised Classification
37,diabetes,768,9,2,class,0,0,0,8,1,88.88888889,11.11111111,65.10416667,34.89583333,500,268,44.98579118,25.73374298,0.4718763021,120.8945313,2.775362395,0.5292461289,0.5501955671,0.9331343166,1160,weka.AttributeSelectedClassifier_PrincipalComponents_Ranker_J48,0.719368,Supervised Classification
37,diabetes,768,9,2,class,0,0,0,8,1,88.88888889,11.11111111,65.10416667,34.89583333,500,268,44.98579118,25.73374298,0.4718763021,120.8945313,2.775362395,0.5292461289,0.5501955671,0.9331343166,1084,weka.J48graft,0.715415,Supervised Classification
37,diabetes,768,9,2,class,0,0,0,8,1,88.88888889,11.11111111,65.10416667,34.89583333,500,268,44.98579118,25.73374298,0.4718763021,120.8945313,2.775362395,0.5292461289,0.5501955671,0.9331343166,1186,weka.Dagging_DecisionStump,0.731225,Supervised Classification
37,diabetes,768,9,2,class,0,0,0,8,1,88.88888889,11.11111111,65.10416667,34.89583333,500,268,44.98579118,25.73374298,0.4718763021,120.8945313,2.775362395,0.5292461289,0.5501955671,0.9331343166,1187,weka.Decorate,0.747036,Supervised Classification
37,diabetes,768,9,2,class,0,0,0,8,1,88.88888889,11.11111111,65.10416667,34.89583333,500,268,44.98579118,25.73374298,0.4718763021,120.8945313,2.775362395,0.5292461289,0.5501955671,0.9331343166,1188,weka.END_ND_J48,0.715415,Supervised Classification
37,diabetes,768,9,2,class,0,0,0,8,1,88.88888889,11.11111111,65.10416667,34.89583333,500,268,44.98579118,25.73374298,0.4718763021,120.8945313,2.775362395,0.5292461289,0.5501955671,0.9331343166,1190,weka.Grading_ZeroR,0.636364,Supervised Classification
37,diabetes,768,9,2,class,0,0,0,8,1,88.88888889,11.11111111,65.10416667,34.89583333,500,268,44.98579118,25.73374298,0.4718763021,120.8945313,2.775362395,0.5292461289,0.5501955671,0.9331343166,1192,weka.MultiBoostAB_DecisionStump,0.711462,Supervised Classification
37,diabetes,768,9,2,class,0,0,0,8,1,88.88888889,11.11111111,65.10416667,34.89583333,500,268,44.98579118,25.73374298,0.4718763021,120.8945313,2.775362395,0.5292461289,0.5501955671,0.9331343166,1192,weka.MultiBoostAB_DecisionStump,0.731225,Supervised Classification
37,diabetes,768,9,2,class,0,0,0,8,1,88.88888889,11.11111111,65.10416667,34.89583333,500,268,44.98579118,25.73374298,0.4718763021,120.8945313,2.775362395,0.5292461289,0.5501955671,0.9331343166,1192,weka.MultiBoostAB_DecisionStump,0.735178,Supervised Classification
37,diabetes,768,9,2,class,0,0,0,8,1,88.88888889,11.11111111,65.10416667,34.89583333,500,268,44.98579118,25.73374298,0.4718763021,120.8945313,2.775362395,0.5292461289,0.5501955671,0.9331343166,1192,weka.MultiBoostAB_DecisionStump,0.73913,Supervised Classification
37,diabetes,768,9,2,class,0,0,0,8,1,88.88888889,11.11111111,65.10416667,34.89583333,500,268,44.98579118,25.73374298,0.4718763021,120.8945313,2.775362395,0.5292461289,0.5501955671,0.9331343166,1192,weka.MultiBoostAB_DecisionStump,0.750988,Supervised Classification
37,diabetes,768,9,2,class,0,0,0,8,1,88.88888889,11.11111111,65.10416667,34.89583333,500,268,44.98579118,25.73374298,0.4718763021,120.8945313,2.775362395,0.5292461289,0.5501955671,0.9331343166,1193,weka.RacedIncrementalLogitBoost_DecisionStump,0.636364,Supervised Classification
37,diabetes,768,9,2,class,0,0,0,8,1,88.88888889,11.11111111,65.10416667,34.89583333,500,268,44.98579118,25.73374298,0.4718763021,120.8945313,2.775362395,0.5292461289,0.5501955671,0.9331343166,1195,weka.RealAdaBoost_DecisionStump,0.719368,Supervised Classification
37,diabetes,768,9,2,class,0,0,0,8,1,88.88888889,11.11111111,65.10416667,34.89583333,500,268,44.98579118,25.73374298,0.4718763021,120.8945313,2.775362395,0.5292461289,0.5501955671,0.9331343166,1196,weka.RotationForest_PrincipalComponents_J48,0.747036,Supervised Classification
37,diabetes,768,9,2,class,0,0,0,8,1,88.88888889,11.11111111,65.10416667,34.89583333,500,268,44.98579118,25.73374298,0.4718763021,120.8945313,2.775362395,0.5292461289,0.5501955671,0.9331343166,1196,weka.RotationForest_PrincipalComponents_J48,0.758893,Supervised Classification
37,diabetes,768,9,2,class,0,0,0,8,1,88.88888889,11.11111111,65.10416667,34.89583333,500,268,44.98579118,25.73374298,0.4718763021,120.8945313,2.775362395,0.5292461289,0.5501955671,0.9331343166,1196,weka.RotationForest_PrincipalComponents_J48,0.762846,Supervised Classification
37,diabetes,768,9,2,class,0,0,0,8,1,88.88888889,11.11111111,65.10416667,34.89583333,500,268,44.98579118,25.73374298,0.4718763021,120.8945313,2.775362395,0.5292461289,0.5501955671,0.9331343166,1196,weka.RotationForest_PrincipalComponents_J48,0.766798,Supervised Classification
44,spambase,4601,58,2,class,0,0,0,57,1,98.27586207,1.724137931,60.59552271,39.40447729,2788,1813,6.150770191,15.19399769,0.005444468594,283.2892849,241.1700187,11.1866391,0.9997826087,0.9673602372,1068,weka.J48,0.928854,Supervised Classification
44,spambase,4601,58,2,class,0,0,0,57,1,98.27586207,1.724137931,60.59552271,39.40447729,2788,1813,6.150770191,15.19399769,0.005444468594,283.2892849,241.1700187,11.1866391,0.9997826087,0.9673602372,1069,weka.ZeroR,0.611331,Supervised Classification
44,spambase,4601,58,2,class,0,0,0,57,1,98.27586207,1.724137931,60.59552271,39.40447729,2788,1813,6.150770191,15.19399769,0.005444468594,283.2892849,241.1700187,11.1866391,0.9997826087,0.9673602372,1070,weka.Ridor,0.910408,Supervised Classification
44,spambase,4601,58,2,class,0,0,0,57,1,98.27586207,1.724137931,60.59552271,39.40447729,2788,1813,6.150770191,15.19399769,0.005444468594,283.2892849,241.1700187,11.1866391,0.9997826087,0.9673602372,1071,weka.OneR,0.788538,Supervised Classification
44,spambase,4601,58,2,class,0,0,0,57,1,98.27586207,1.724137931,60.59552271,39.40447729,2788,1813,6.150770191,15.19399769,0.005444468594,283.2892849,241.1700187,11.1866391,0.9997826087,0.9673602372,1073,weka.PART,0.927536,Supervised Classification
44,spambase,4601,58,2,class,0,0,0,57,1,98.27586207,1.724137931,60.59552271,39.40447729,2788,1813,6.150770191,15.19399769,0.005444468594,283.2892849,241.1700187,11.1866391,0.9997826087,0.9673602372,1074,weka.OLM,0.644928,Supervised Classification
44,spambase,4601,58,2,class,0,0,0,57,1,98.27586207,1.724137931,60.59552271,39.40447729,2788,1813,6.150770191,15.19399769,0.005444468594,283.2892849,241.1700187,11.1866391,0.9997826087,0.9673602372,1168,weka.BayesNet_K2,0.895916,Supervised Classification
44,spambase,4601,58,2,class,0,0,0,57,1,98.27586207,1.724137931,60.59552271,39.40447729,2788,1813,6.150770191,15.19399769,0.005444468594,283.2892849,241.1700187,11.1866391,0.9997826087,0.9673602372,1080,weka.NBTree,0.926877,Supervised Classification
44,spambase,4601,58,2,class,0,0,0,57,1,98.27586207,1.724137931,60.59552271,39.40447729,2788,1813,6.150770191,15.19399769,0.005444468594,283.2892849,241.1700187,11.1866391,0.9997826087,0.9673602372,1165,weka.A1DE,0.932148,Supervised Classification
44,spambase,4601,58,2,class,0,0,0,57,1,98.27586207,1.724137931,60.59552271,39.40447729,2788,1813,6.150770191,15.19399769,0.005444468594,283.2892849,241.1700187,11.1866391,0.9997826087,0.9673602372,365,weka.J48,0.928854,Supervised Classification
44,spambase,4601,58,2,class,0,0,0,57,1,98.27586207,1.724137931,60.59552271,39.40447729,2788,1813,6.150770191,15.19399769,0.005444468594,283.2892849,241.1700187,11.1866391,0.9997826087,0.9673602372,523,weka.Bagging_J48,0.939394,Supervised Classification
44,spambase,4601,58,2,class,0,0,0,57,1,98.27586207,1.724137931,60.59552271,39.40447729,2788,1813,6.150770191,15.19399769,0.005444468594,283.2892849,241.1700187,11.1866391,0.9997826087,0.9673602372,523,weka.Bagging_J48,0.944005,Supervised Classification
44,spambase,4601,58,2,class,0,0,0,57,1,98.27586207,1.724137931,60.59552271,39.40447729,2788,1813,6.150770191,15.19399769,0.005444468594,283.2892849,241.1700187,11.1866391,0.9997826087,0.9673602372,523,weka.Bagging_J48,0.942688,Supervised Classification
44,spambase,4601,58,2,class,0,0,0,57,1,98.27586207,1.724137931,60.59552271,39.40447729,2788,1813,6.150770191,15.19399769,0.005444468594,283.2892849,241.1700187,11.1866391,0.9997826087,0.9673602372,524,weka.Bagging_JRip,0.947958,Supervised Classification
44,spambase,4601,58,2,class,0,0,0,57,1,98.27586207,1.724137931,60.59552271,39.40447729,2788,1813,6.150770191,15.19399769,0.005444468594,283.2892849,241.1700187,11.1866391,0.9997826087,0.9673602372,524,weka.Bagging_JRip,0.945323,Supervised Classification
44,spambase,4601,58,2,class,0,0,0,57,1,98.27586207,1.724137931,60.59552271,39.40447729,2788,1813,6.150770191,15.19399769,0.005444468594,283.2892849,241.1700187,11.1866391,0.9997826087,0.9673602372,611,weka.MultiBoostAB_ADTree,0.938735,Supervised Classification
44,spambase,4601,58,2,class,0,0,0,57,1,98.27586207,1.724137931,60.59552271,39.40447729,2788,1813,6.150770191,15.19399769,0.005444468594,283.2892849,241.1700187,11.1866391,0.9997826087,0.9673602372,611,weka.MultiBoostAB_ADTree,0.945323,Supervised Classification
44,spambase,4601,58,2,class,0,0,0,57,1,98.27586207,1.724137931,60.59552271,39.40447729,2788,1813,6.150770191,15.19399769,0.005444468594,283.2892849,241.1700187,11.1866391,0.9997826087,0.9673602372,611,weka.MultiBoostAB_ADTree,0.947958,Supervised Classification
44,spambase,4601,58,2,class,0,0,0,57,1,98.27586207,1.724137931,60.59552271,39.40447729,2788,1813,6.150770191,15.19399769,0.005444468594,283.2892849,241.1700187,11.1866391,0.9997826087,0.9673602372,611,weka.MultiBoostAB_ADTree,0.953228,Supervised Classification
44,spambase,4601,58,2,class,0,0,0,57,1,98.27586207,1.724137931,60.59552271,39.40447729,2788,1813,6.150770191,15.19399769,0.005444468594,283.2892849,241.1700187,11.1866391,0.9997826087,0.9673602372,527,weka.Bagging_LMT,0.95191,Supervised Classification
44,spambase,4601,58,2,class,0,0,0,57,1,98.27586207,1.724137931,60.59552271,39.40447729,2788,1813,6.150770191,15.19399769,0.005444468594,283.2892849,241.1700187,11.1866391,0.9997826087,0.9673602372,527,weka.Bagging_LMT,0.949934,Supervised Classification
44,spambase,4601,58,2,class,0,0,0,57,1,98.27586207,1.724137931,60.59552271,39.40447729,2788,1813,6.150770191,15.19399769,0.005444468594,283.2892849,241.1700187,11.1866391,0.9997826087,0.9673602372,527,weka.Bagging_LMT,0.947299,Supervised Classification
44,spambase,4601,58,2,class,0,0,0,57,1,98.27586207,1.724137931,60.59552271,39.40447729,2788,1813,6.150770191,15.19399769,0.005444468594,283.2892849,241.1700187,11.1866391,0.9997826087,0.9673602372,528,weka.Bagging_LWL_DecisionStump,0.830698,Supervised Classification
44,spambase,4601,58,2,class,0,0,0,57,1,98.27586207,1.724137931,60.59552271,39.40447729,2788,1813,6.150770191,15.19399769,0.005444468594,283.2892849,241.1700187,11.1866391,0.9997826087,0.9673602372,613,weka.MultiBoostAB_SPegasos,0.933465,Supervised Classification
44,spambase,4601,58,2,class,0,0,0,57,1,98.27586207,1.724137931,60.59552271,39.40447729,2788,1813,6.150770191,15.19399769,0.005444468594,283.2892849,241.1700187,11.1866391,0.9997826087,0.9673602372,528,weka.Bagging_LWL_DecisionStump,0.833333,Supervised Classification
44,spambase,4601,58,2,class,0,0,0,57,1,98.27586207,1.724137931,60.59552271,39.40447729,2788,1813,6.150770191,15.19399769,0.005444468594,283.2892849,241.1700187,11.1866391,0.9997826087,0.9673602372,613,weka.MultiBoostAB_SPegasos,0.936759,Supervised Classification
44,spambase,4601,58,2,class,0,0,0,57,1,98.27586207,1.724137931,60.59552271,39.40447729,2788,1813,6.150770191,15.19399769,0.005444468594,283.2892849,241.1700187,11.1866391,0.9997826087,0.9673602372,528,weka.Bagging_LWL_DecisionStump,0.808959,Supervised Classification
44,spambase,4601,58,2,class,0,0,0,57,1,98.27586207,1.724137931,60.59552271,39.40447729,2788,1813,6.150770191,15.19399769,0.005444468594,283.2892849,241.1700187,11.1866391,0.9997826087,0.9673602372,528,weka.Bagging_LWL_DecisionStump,0.789855,Supervised Classification
44,spambase,4601,58,2,class,0,0,0,57,1,98.27586207,1.724137931,60.59552271,39.40447729,2788,1813,6.150770191,15.19399769,0.005444468594,283.2892849,241.1700187,11.1866391,0.9997826087,0.9673602372,528,weka.Bagging_LWL_DecisionStump,0.794466,Supervised Classification
44,spambase,4601,58,2,class,0,0,0,57,1,98.27586207,1.724137931,60.59552271,39.40447729,2788,1813,6.150770191,15.19399769,0.005444468594,283.2892849,241.1700187,11.1866391,0.9997826087,0.9673602372,529,weka.Bagging_MultilayerPerceptron,0.939394,Supervised Classification
44,spambase,4601,58,2,class,0,0,0,57,1,98.27586207,1.724137931,60.59552271,39.40447729,2788,1813,6.150770191,15.19399769,0.005444468594,283.2892849,241.1700187,11.1866391,0.9997826087,0.9673602372,529,weka.Bagging_MultilayerPerceptron,0.938076,Supervised Classification
44,spambase,4601,58,2,class,0,0,0,57,1,98.27586207,1.724137931,60.59552271,39.40447729,2788,1813,6.150770191,15.19399769,0.005444468594,283.2892849,241.1700187,11.1866391,0.9997826087,0.9673602372,615,weka.RealAdaBoost_NaiveBayes,0.729908,Supervised Classification
44,spambase,4601,58,2,class,0,0,0,57,1,98.27586207,1.724137931,60.59552271,39.40447729,2788,1813,6.150770191,15.19399769,0.005444468594,283.2892849,241.1700187,11.1866391,0.9997826087,0.9673602372,616,weka.RealAdaBoost_Logistic,0.934124,Supervised Classification
44,spambase,4601,58,2,class,0,0,0,57,1,98.27586207,1.724137931,60.59552271,39.40447729,2788,1813,6.150770191,15.19399769,0.005444468594,283.2892849,241.1700187,11.1866391,0.9997826087,0.9673602372,530,weka.Bagging_NaiveBayes,0.798419,Supervised Classification
44,spambase,4601,58,2,class,0,0,0,57,1,98.27586207,1.724137931,60.59552271,39.40447729,2788,1813,6.150770191,15.19399769,0.005444468594,283.2892849,241.1700187,11.1866391,0.9997826087,0.9673602372,506,weka.RotationForest_PrincipalComponents_J48,0.955863,Supervised Classification
44,spambase,4601,58,2,class,0,0,0,57,1,98.27586207,1.724137931,60.59552271,39.40447729,2788,1813,6.150770191,15.19399769,0.005444468594,283.2892849,241.1700187,11.1866391,0.9997826087,0.9673602372,506,weka.RotationForest_PrincipalComponents_J48,0.95191,Supervised Classification
44,spambase,4601,58,2,class,0,0,0,57,1,98.27586207,1.724137931,60.59552271,39.40447729,2788,1813,6.150770191,15.19399769,0.005444468594,283.2892849,241.1700187,11.1866391,0.9997826087,0.9673602372,531,weka.Bagging_OneR,0.804348,Supervised Classification
44,spambase,4601,58,2,class,0,0,0,57,1,98.27586207,1.724137931,60.59552271,39.40447729,2788,1813,6.150770191,15.19399769,0.005444468594,283.2892849,241.1700187,11.1866391,0.9997826087,0.9673602372,531,weka.Bagging_OneR,0.799078,Supervised Classification
44,spambase,4601,58,2,class,0,0,0,57,1,98.27586207,1.724137931,60.59552271,39.40447729,2788,1813,6.150770191,15.19399769,0.005444468594,283.2892849,241.1700187,11.1866391,0.9997826087,0.9673602372,506,weka.RotationForest_PrincipalComponents_J48,0.959157,Supervised Classification
44,spambase,4601,58,2,class,0,0,0,57,1,98.27586207,1.724137931,60.59552271,39.40447729,2788,1813,6.150770191,15.19399769,0.005444468594,283.2892849,241.1700187,11.1866391,0.9997826087,0.9673602372,531,weka.Bagging_OneR,0.800395,Supervised Classification
44,spambase,4601,58,2,class,0,0,0,57,1,98.27586207,1.724137931,60.59552271,39.40447729,2788,1813,6.150770191,15.19399769,0.005444468594,283.2892849,241.1700187,11.1866391,0.9997826087,0.9673602372,531,weka.Bagging_OneR,0.787879,Supervised Classification
44,spambase,4601,58,2,class,0,0,0,57,1,98.27586207,1.724137931,60.59552271,39.40447729,2788,1813,6.150770191,15.19399769,0.005444468594,283.2892849,241.1700187,11.1866391,0.9997826087,0.9673602372,532,weka.Bagging_RandomForest,0.953228,Supervised Classification
44,spambase,4601,58,2,class,0,0,0,57,1,98.27586207,1.724137931,60.59552271,39.40447729,2788,1813,6.150770191,15.19399769,0.005444468594,283.2892849,241.1700187,11.1866391,0.9997826087,0.9673602372,532,weka.Bagging_RandomForest,0.952569,Supervised Classification
44,spambase,4601,58,2,class,0,0,0,57,1,98.27586207,1.724137931,60.59552271,39.40447729,2788,1813,6.150770191,15.19399769,0.005444468594,283.2892849,241.1700187,11.1866391,0.9997826087,0.9673602372,532,weka.Bagging_RandomForest,0.951252,Supervised Classification
44,spambase,4601,58,2,class,0,0,0,57,1,98.27586207,1.724137931,60.59552271,39.40447729,2788,1813,6.150770191,15.19399769,0.005444468594,283.2892849,241.1700187,11.1866391,0.9997826087,0.9673602372,533,weka.Bagging_RandomTree,0.953887,Supervised Classification
44,spambase,4601,58,2,class,0,0,0,57,1,98.27586207,1.724137931,60.59552271,39.40447729,2788,1813,6.150770191,15.19399769,0.005444468594,283.2892849,241.1700187,11.1866391,0.9997826087,0.9673602372,533,weka.Bagging_RandomTree,0.956522,Supervised Classification
44,spambase,4601,58,2,class,0,0,0,57,1,98.27586207,1.724137931,60.59552271,39.40447729,2788,1813,6.150770191,15.19399769,0.005444468594,283.2892849,241.1700187,11.1866391,0.9997826087,0.9673602372,378,weka.Bagging_REPTree,0.940711,Supervised Classification
44,spambase,4601,58,2,class,0,0,0,57,1,98.27586207,1.724137931,60.59552271,39.40447729,2788,1813,6.150770191,15.19399769,0.005444468594,283.2892849,241.1700187,11.1866391,0.9997826087,0.9673602372,378,weka.Bagging_REPTree,0.942029,Supervised Classification
44,spambase,4601,58,2,class,0,0,0,57,1,98.27586207,1.724137931,60.59552271,39.40447729,2788,1813,6.150770191,15.19399769,0.005444468594,283.2892849,241.1700187,11.1866391,0.9997826087,0.9673602372,534,weka.Bagging_SMO_PolyKernel,0.911726,Supervised Classification
44,spambase,4601,58,2,class,0,0,0,57,1,98.27586207,1.724137931,60.59552271,39.40447729,2788,1813,6.150770191,15.19399769,0.005444468594,283.2892849,241.1700187,11.1866391,0.9997826087,0.9673602372,534,weka.Bagging_SMO_PolyKernel,0.907115,Supervised Classification
44,spambase,4601,58,2,class,0,0,0,57,1,98.27586207,1.724137931,60.59552271,39.40447729,2788,1813,6.150770191,15.19399769,0.005444468594,283.2892849,241.1700187,11.1866391,0.9997826087,0.9673602372,535,weka.Bagging_SPegasos,0.93083,Supervised Classification
44,spambase,4601,58,2,class,0,0,0,57,1,98.27586207,1.724137931,60.59552271,39.40447729,2788,1813,6.150770191,15.19399769,0.005444468594,283.2892849,241.1700187,11.1866391,0.9997826087,0.9673602372,441,weka.ComplementNaiveBayes,0.793149,Supervised Classification
44,spambase,4601,58,2,class,0,0,0,57,1,98.27586207,1.724137931,60.59552271,39.40447729,2788,1813,6.150770191,15.19399769,0.005444468594,283.2892849,241.1700187,11.1866391,0.9997826087,0.9673602372,364,weka.ZeroR,0.611331,Supervised Classification
44,spambase,4601,58,2,class,0,0,0,57,1,98.27586207,1.724137931,60.59552271,39.40447729,2788,1813,6.150770191,15.19399769,0.005444468594,283.2892849,241.1700187,11.1866391,0.9997826087,0.9673602372,675,weka.J48,0.928854,Supervised Classification
44,spambase,4601,58,2,class,0,0,0,57,1,98.27586207,1.724137931,60.59552271,39.40447729,2788,1813,6.150770191,15.19399769,0.005444468594,283.2892849,241.1700187,11.1866391,0.9997826087,0.9673602372,375,weka.OneR,0.788538,Supervised Classification
44,spambase,4601,58,2,class,0,0,0,57,1,98.27586207,1.724137931,60.59552271,39.40447729,2788,1813,6.150770191,15.19399769,0.005444468594,283.2892849,241.1700187,11.1866391,0.9997826087,0.9673602372,376,weka.AdaBoostM1_DecisionStump,0.891304,Supervised Classification
44,spambase,4601,58,2,class,0,0,0,57,1,98.27586207,1.724137931,60.59552271,39.40447729,2788,1813,6.150770191,15.19399769,0.005444468594,283.2892849,241.1700187,11.1866391,0.9997826087,0.9673602372,378,weka.Bagging_REPTree,0.933465,Supervised Classification
44,spambase,4601,58,2,class,0,0,0,57,1,98.27586207,1.724137931,60.59552271,39.40447729,2788,1813,6.150770191,15.19399769,0.005444468594,283.2892849,241.1700187,11.1866391,0.9997826087,0.9673602372,380,weka.NaiveBayes,0.789855,Supervised Classification
44,spambase,4601,58,2,class,0,0,0,57,1,98.27586207,1.724137931,60.59552271,39.40447729,2788,1813,6.150770191,15.19399769,0.005444468594,283.2892849,241.1700187,11.1866391,0.9997826087,0.9673602372,677,weka.Logistic,0.939394,Supervised Classification
44,spambase,4601,58,2,class,0,0,0,57,1,98.27586207,1.724137931,60.59552271,39.40447729,2788,1813,6.150770191,15.19399769,0.005444468594,283.2892849,241.1700187,11.1866391,0.9997826087,0.9673602372,384,weka.SGD,0.932806,Supervised Classification
44,spambase,4601,58,2,class,0,0,0,57,1,98.27586207,1.724137931,60.59552271,39.40447729,2788,1813,6.150770191,15.19399769,0.005444468594,283.2892849,241.1700187,11.1866391,0.9997826087,0.9673602372,385,weka.SMO_PolyKernel,0.90448,Supervised Classification
44,spambase,4601,58,2,class,0,0,0,57,1,98.27586207,1.724137931,60.59552271,39.40447729,2788,1813,6.150770191,15.19399769,0.005444468594,283.2892849,241.1700187,11.1866391,0.9997826087,0.9673602372,387,weka.SMO_RBFKernel,0.725955,Supervised Classification
44,spambase,4601,58,2,class,0,0,0,57,1,98.27586207,1.724137931,60.59552271,39.40447729,2788,1813,6.150770191,15.19399769,0.005444468594,283.2892849,241.1700187,11.1866391,0.9997826087,0.9673602372,389,weka.IBk,0.906456,Supervised Classification
44,spambase,4601,58,2,class,0,0,0,57,1,98.27586207,1.724137931,60.59552271,39.40447729,2788,1813,6.150770191,15.19399769,0.005444468594,283.2892849,241.1700187,11.1866391,0.9997826087,0.9673602372,390,weka.JRip,0.900527,Supervised Classification
44,spambase,4601,58,2,class,0,0,0,57,1,98.27586207,1.724137931,60.59552271,39.40447729,2788,1813,6.150770191,15.19399769,0.005444468594,283.2892849,241.1700187,11.1866391,0.9997826087,0.9673602372,391,weka.RandomForest,0.95191,Supervised Classification
44,spambase,4601,58,2,class,0,0,0,57,1,98.27586207,1.724137931,60.59552271,39.40447729,2788,1813,6.150770191,15.19399769,0.005444468594,283.2892849,241.1700187,11.1866391,0.9997826087,0.9673602372,392,weka.A1DE,0.932148,Supervised Classification
44,spambase,4601,58,2,class,0,0,0,57,1,98.27586207,1.724137931,60.59552271,39.40447729,2788,1813,6.150770191,15.19399769,0.005444468594,283.2892849,241.1700187,11.1866391,0.9997826087,0.9673602372,393,weka.A2DE,0.944664,Supervised Classification
44,spambase,4601,58,2,class,0,0,0,57,1,98.27586207,1.724137931,60.59552271,39.40447729,2788,1813,6.150770191,15.19399769,0.005444468594,283.2892849,241.1700187,11.1866391,0.9997826087,0.9673602372,394,weka.AdaBoostM1_ADTree,0.937418,Supervised Classification
44,spambase,4601,58,2,class,0,0,0,57,1,98.27586207,1.724137931,60.59552271,39.40447729,2788,1813,6.150770191,15.19399769,0.005444468594,283.2892849,241.1700187,11.1866391,0.9997826087,0.9673602372,396,weka.AdaBoostM1_BayesianLogisticRegression,0.365613,Supervised Classification
44,spambase,4601,58,2,class,0,0,0,57,1,98.27586207,1.724137931,60.59552271,39.40447729,2788,1813,6.150770191,15.19399769,0.005444468594,283.2892849,241.1700187,11.1866391,0.9997826087,0.9673602372,398,weka.AdaBoostM1_BFTree,0.943347,Supervised Classification
44,spambase,4601,58,2,class,0,0,0,57,1,98.27586207,1.724137931,60.59552271,39.40447729,2788,1813,6.150770191,15.19399769,0.005444468594,283.2892849,241.1700187,11.1866391,0.9997826087,0.9673602372,398,weka.AdaBoostM1_BFTree,0.94664,Supervised Classification
44,spambase,4601,58,2,class,0,0,0,57,1,98.27586207,1.724137931,60.59552271,39.40447729,2788,1813,6.150770191,15.19399769,0.005444468594,283.2892849,241.1700187,11.1866391,0.9997826087,0.9673602372,376,weka.AdaBoostM1_DecisionStump,0.939394,Supervised Classification
44,spambase,4601,58,2,class,0,0,0,57,1,98.27586207,1.724137931,60.59552271,39.40447729,2788,1813,6.150770191,15.19399769,0.005444468594,283.2892849,241.1700187,11.1866391,0.9997826087,0.9673602372,404,weka.AdaBoostM1_IBk,0.905797,Supervised Classification
44,spambase,4601,58,2,class,0,0,0,57,1,98.27586207,1.724137931,60.59552271,39.40447729,2788,1813,6.150770191,15.19399769,0.005444468594,283.2892849,241.1700187,11.1866391,0.9997826087,0.9673602372,405,weka.AdaBoostM1_J48,0.954545,Supervised Classification
44,spambase,4601,58,2,class,0,0,0,57,1,98.27586207,1.724137931,60.59552271,39.40447729,2788,1813,6.150770191,15.19399769,0.005444468594,283.2892849,241.1700187,11.1866391,0.9997826087,0.9673602372,405,weka.AdaBoostM1_J48,0.955204,Supervised Classification
44,spambase,4601,58,2,class,0,0,0,57,1,98.27586207,1.724137931,60.59552271,39.40447729,2788,1813,6.150770191,15.19399769,0.005444468594,283.2892849,241.1700187,11.1866391,0.9997826087,0.9673602372,406,weka.AdaBoostM1_JRip,0.934783,Supervised Classification
44,spambase,4601,58,2,class,0,0,0,57,1,98.27586207,1.724137931,60.59552271,39.40447729,2788,1813,6.150770191,15.19399769,0.005444468594,283.2892849,241.1700187,11.1866391,0.9997826087,0.9673602372,406,weka.AdaBoostM1_JRip,0.940053,Supervised Classification
44,spambase,4601,58,2,class,0,0,0,57,1,98.27586207,1.724137931,60.59552271,39.40447729,2788,1813,6.150770191,15.19399769,0.005444468594,283.2892849,241.1700187,11.1866391,0.9997826087,0.9673602372,406,weka.AdaBoostM1_JRip,0.942029,Supervised Classification
44,spambase,4601,58,2,class,0,0,0,57,1,98.27586207,1.724137931,60.59552271,39.40447729,2788,1813,6.150770191,15.19399769,0.005444468594,283.2892849,241.1700187,11.1866391,0.9997826087,0.9673602372,406,weka.AdaBoostM1_JRip,0.940711,Supervised Classification
44,spambase,4601,58,2,class,0,0,0,57,1,98.27586207,1.724137931,60.59552271,39.40447729,2788,1813,6.150770191,15.19399769,0.005444468594,283.2892849,241.1700187,11.1866391,0.9997826087,0.9673602372,407,weka.AdaBoostM1_LADTree,0.947299,Supervised Classification
44,spambase,4601,58,2,class,0,0,0,57,1,98.27586207,1.724137931,60.59552271,39.40447729,2788,1813,6.150770191,15.19399769,0.005444468594,283.2892849,241.1700187,11.1866391,0.9997826087,0.9673602372,407,weka.AdaBoostM1_LADTree,0.949934,Supervised Classification
44,spambase,4601,58,2,class,0,0,0,57,1,98.27586207,1.724137931,60.59552271,39.40447729,2788,1813,6.150770191,15.19399769,0.005444468594,283.2892849,241.1700187,11.1866391,0.9997826087,0.9673602372,407,weka.AdaBoostM1_LADTree,0.943347,Supervised Classification
44,spambase,4601,58,2,class,0,0,0,57,1,98.27586207,1.724137931,60.59552271,39.40447729,2788,1813,6.150770191,15.19399769,0.005444468594,283.2892849,241.1700187,11.1866391,0.9997826087,0.9673602372,407,weka.AdaBoostM1_LADTree,0.944664,Supervised Classification
44,spambase,4601,58,2,class,0,0,0,57,1,98.27586207,1.724137931,60.59552271,39.40447729,2788,1813,6.150770191,15.19399769,0.005444468594,283.2892849,241.1700187,11.1866391,0.9997826087,0.9673602372,407,weka.AdaBoostM1_LADTree,0.9361,Supervised Classification
44,spambase,4601,58,2,class,0,0,0,57,1,98.27586207,1.724137931,60.59552271,39.40447729,2788,1813,6.150770191,15.19399769,0.005444468594,283.2892849,241.1700187,11.1866391,0.9997826087,0.9673602372,411,weka.AdaBoostM1_LMT,0.954545,Supervised Classification
44,spambase,4601,58,2,class,0,0,0,57,1,98.27586207,1.724137931,60.59552271,39.40447729,2788,1813,6.150770191,15.19399769,0.005444468594,283.2892849,241.1700187,11.1866391,0.9997826087,0.9673602372,411,weka.AdaBoostM1_LMT,0.955204,Supervised Classification
44,spambase,4601,58,2,class,0,0,0,57,1,98.27586207,1.724137931,60.59552271,39.40447729,2788,1813,6.150770191,15.19399769,0.005444468594,283.2892849,241.1700187,11.1866391,0.9997826087,0.9673602372,413,weka.AdaBoostM1_LWL_DecisionStump,0.952569,Supervised Classification
44,spambase,4601,58,2,class,0,0,0,57,1,98.27586207,1.724137931,60.59552271,39.40447729,2788,1813,6.150770191,15.19399769,0.005444468594,283.2892849,241.1700187,11.1866391,0.9997826087,0.9673602372,413,weka.AdaBoostM1_LWL_DecisionStump,0.944005,Supervised Classification
44,spambase,4601,58,2,class,0,0,0,57,1,98.27586207,1.724137931,60.59552271,39.40447729,2788,1813,6.150770191,15.19399769,0.005444468594,283.2892849,241.1700187,11.1866391,0.9997826087,0.9673602372,413,weka.AdaBoostM1_LWL_DecisionStump,0.928854,Supervised Classification
44,spambase,4601,58,2,class,0,0,0,57,1,98.27586207,1.724137931,60.59552271,39.40447729,2788,1813,6.150770191,15.19399769,0.005444468594,283.2892849,241.1700187,11.1866391,0.9997826087,0.9673602372,413,weka.AdaBoostM1_LWL_DecisionStump,0.906456,Supervised Classification
44,spambase,4601,58,2,class,0,0,0,57,1,98.27586207,1.724137931,60.59552271,39.40447729,2788,1813,6.150770191,15.19399769,0.005444468594,283.2892849,241.1700187,11.1866391,0.9997826087,0.9673602372,413,weka.AdaBoostM1_LWL_DecisionStump,0.893939,Supervised Classification
44,spambase,4601,58,2,class,0,0,0,57,1,98.27586207,1.724137931,60.59552271,39.40447729,2788,1813,6.150770191,15.19399769,0.005444468594,283.2892849,241.1700187,11.1866391,0.9997826087,0.9673602372,417,weka.AdaBoostM1_NaiveBayes,0.789855,Supervised Classification
44,spambase,4601,58,2,class,0,0,0,57,1,98.27586207,1.724137931,60.59552271,39.40447729,2788,1813,6.150770191,15.19399769,0.005444468594,283.2892849,241.1700187,11.1866391,0.9997826087,0.9673602372,418,weka.AdaBoostM1_OneR,0.791831,Supervised Classification
44,spambase,4601,58,2,class,0,0,0,57,1,98.27586207,1.724137931,60.59552271,39.40447729,2788,1813,6.150770191,15.19399769,0.005444468594,283.2892849,241.1700187,11.1866391,0.9997826087,0.9673602372,418,weka.AdaBoostM1_OneR,0.821476,Supervised Classification
44,spambase,4601,58,2,class,0,0,0,57,1,98.27586207,1.724137931,60.59552271,39.40447729,2788,1813,6.150770191,15.19399769,0.005444468594,283.2892849,241.1700187,11.1866391,0.9997826087,0.9673602372,418,weka.AdaBoostM1_OneR,0.818841,Supervised Classification
44,spambase,4601,58,2,class,0,0,0,57,1,98.27586207,1.724137931,60.59552271,39.40447729,2788,1813,6.150770191,15.19399769,0.005444468594,283.2892849,241.1700187,11.1866391,0.9997826087,0.9673602372,418,weka.AdaBoostM1_OneR,0.847167,Supervised Classification
44,spambase,4601,58,2,class,0,0,0,57,1,98.27586207,1.724137931,60.59552271,39.40447729,2788,1813,6.150770191,15.19399769,0.005444468594,283.2892849,241.1700187,11.1866391,0.9997826087,0.9673602372,418,weka.AdaBoostM1_OneR,0.857708,Supervised Classification
44,spambase,4601,58,2,class,0,0,0,57,1,98.27586207,1.724137931,60.59552271,39.40447729,2788,1813,6.150770191,15.19399769,0.005444468594,283.2892849,241.1700187,11.1866391,0.9997826087,0.9673602372,419,weka.AdaBoostM1_RandomForest,0.952569,Supervised Classification
44,spambase,4601,58,2,class,0,0,0,57,1,98.27586207,1.724137931,60.59552271,39.40447729,2788,1813,6.150770191,15.19399769,0.005444468594,283.2892849,241.1700187,11.1866391,0.9997826087,0.9673602372,419,weka.AdaBoostM1_RandomForest,0.953228,Supervised Classification
44,spambase,4601,58,2,class,0,0,0,57,1,98.27586207,1.724137931,60.59552271,39.40447729,2788,1813,6.150770191,15.19399769,0.005444468594,283.2892849,241.1700187,11.1866391,0.9997826087,0.9673602372,420,weka.AdaBoostM1_RandomTree,0.927536,Supervised Classification
44,spambase,4601,58,2,class,0,0,0,57,1,98.27586207,1.724137931,60.59552271,39.40447729,2788,1813,6.150770191,15.19399769,0.005444468594,283.2892849,241.1700187,11.1866391,0.9997826087,0.9673602372,420,weka.AdaBoostM1_RandomTree,0.93083,Supervised Classification
44,spambase,4601,58,2,class,0,0,0,57,1,98.27586207,1.724137931,60.59552271,39.40447729,2788,1813,6.150770191,15.19399769,0.005444468594,283.2892849,241.1700187,11.1866391,0.9997826087,0.9673602372,420,weka.AdaBoostM1_RandomTree,0.932148,Supervised Classification
44,spambase,4601,58,2,class,0,0,0,57,1,98.27586207,1.724137931,60.59552271,39.40447729,2788,1813,6.150770191,15.19399769,0.005444468594,283.2892849,241.1700187,11.1866391,0.9997826087,0.9673602372,420,weka.AdaBoostM1_RandomTree,0.934124,Supervised Classification
44,spambase,4601,58,2,class,0,0,0,57,1,98.27586207,1.724137931,60.59552271,39.40447729,2788,1813,6.150770191,15.19399769,0.005444468594,283.2892849,241.1700187,11.1866391,0.9997826087,0.9673602372,420,weka.AdaBoostM1_RandomTree,0.936759,Supervised Classification
44,spambase,4601,58,2,class,0,0,0,57,1,98.27586207,1.724137931,60.59552271,39.40447729,2788,1813,6.150770191,15.19399769,0.005444468594,283.2892849,241.1700187,11.1866391,0.9997826087,0.9673602372,422,weka.AdaBoostM1_REPTree,0.953228,Supervised Classification
44,spambase,4601,58,2,class,0,0,0,57,1,98.27586207,1.724137931,60.59552271,39.40447729,2788,1813,6.150770191,15.19399769,0.005444468594,283.2892849,241.1700187,11.1866391,0.9997826087,0.9673602372,422,weka.AdaBoostM1_REPTree,0.953887,Supervised Classification
44,spambase,4601,58,2,class,0,0,0,57,1,98.27586207,1.724137931,60.59552271,39.40447729,2788,1813,6.150770191,15.19399769,0.005444468594,283.2892849,241.1700187,11.1866391,0.9997826087,0.9673602372,422,weka.AdaBoostM1_REPTree,0.945323,Supervised Classification
44,spambase,4601,58,2,class,0,0,0,57,1,98.27586207,1.724137931,60.59552271,39.40447729,2788,1813,6.150770191,15.19399769,0.005444468594,283.2892849,241.1700187,11.1866391,0.9997826087,0.9673602372,422,weka.AdaBoostM1_REPTree,0.936759,Supervised Classification
44,spambase,4601,58,2,class,0,0,0,57,1,98.27586207,1.724137931,60.59552271,39.40447729,2788,1813,6.150770191,15.19399769,0.005444468594,283.2892849,241.1700187,11.1866391,0.9997826087,0.9673602372,423,weka.AdaBoostM1_SMO_PolyKernel,0.909091,Supervised Classification
44,spambase,4601,58,2,class,0,0,0,57,1,98.27586207,1.724137931,60.59552271,39.40447729,2788,1813,6.150770191,15.19399769,0.005444468594,283.2892849,241.1700187,11.1866391,0.9997826087,0.9673602372,423,weka.AdaBoostM1_SMO_PolyKernel,0.90975,Supervised Classification
44,spambase,4601,58,2,class,0,0,0,57,1,98.27586207,1.724137931,60.59552271,39.40447729,2788,1813,6.150770191,15.19399769,0.005444468594,283.2892849,241.1700187,11.1866391,0.9997826087,0.9673602372,1075,weka.NNge,0.92556,Supervised Classification
44,spambase,4601,58,2,class,0,0,0,57,1,98.27586207,1.724137931,60.59552271,39.40447729,2788,1813,6.150770191,15.19399769,0.005444468594,283.2892849,241.1700187,11.1866391,0.9997826087,0.9673602372,1076,weka.SimpleCart,0.922266,Supervised Classification
44,spambase,4601,58,2,class,0,0,0,57,1,98.27586207,1.724137931,60.59552271,39.40447729,2788,1813,6.150770191,15.19399769,0.005444468594,283.2892849,241.1700187,11.1866391,0.9997826087,0.9673602372,1077,weka.REPTree,0.911067,Supervised Classification
44,spambase,4601,58,2,class,0,0,0,57,1,98.27586207,1.724137931,60.59552271,39.40447729,2788,1813,6.150770191,15.19399769,0.005444468594,283.2892849,241.1700187,11.1866391,0.9997826087,0.9673602372,1078,weka.RandomTree,0.900527,Supervised Classification
44,spambase,4601,58,2,class,0,0,0,57,1,98.27586207,1.724137931,60.59552271,39.40447729,2788,1813,6.150770191,15.19399769,0.005444468594,283.2892849,241.1700187,11.1866391,0.9997826087,0.9673602372,1174,weka.KernelLogisticRegression_RBFKernel,0.942688,Supervised Classification
44,spambase,4601,58,2,class,0,0,0,57,1,98.27586207,1.724137931,60.59552271,39.40447729,2788,1813,6.150770191,15.19399769,0.005444468594,283.2892849,241.1700187,11.1866391,0.9997826087,0.9673602372,1112,weka.LibLINEAR,0.8722,Supervised Classification
44,spambase,4601,58,2,class,0,0,0,57,1,98.27586207,1.724137931,60.59552271,39.40447729,2788,1813,6.150770191,15.19399769,0.005444468594,283.2892849,241.1700187,11.1866391,0.9997826087,0.9673602372,1177,weka.SimpleLogistic,0.933465,Supervised Classification
44,spambase,4601,58,2,class,0,0,0,57,1,98.27586207,1.724137931,60.59552271,39.40447729,2788,1813,6.150770191,15.19399769,0.005444468594,283.2892849,241.1700187,11.1866391,0.9997826087,0.9673602372,1178,weka.SMO_PolyKernel,0.90448,Supervised Classification
44,spambase,4601,58,2,class,0,0,0,57,1,98.27586207,1.724137931,60.59552271,39.40447729,2788,1813,6.150770191,15.19399769,0.005444468594,283.2892849,241.1700187,11.1866391,0.9997826087,0.9673602372,1179,weka.SMO_RBFKernel,0.725955,Supervised Classification
44,spambase,4601,58,2,class,0,0,0,57,1,98.27586207,1.724137931,60.59552271,39.40447729,2788,1813,6.150770191,15.19399769,0.005444468594,283.2892849,241.1700187,11.1866391,0.9997826087,0.9673602372,1180,weka.SPegasos,0.924901,Supervised Classification
44,spambase,4601,58,2,class,0,0,0,57,1,98.27586207,1.724137931,60.59552271,39.40447729,2788,1813,6.150770191,15.19399769,0.005444468594,283.2892849,241.1700187,11.1866391,0.9997826087,0.9673602372,1105,weka.IBk,0.907115,Supervised Classification
44,spambase,4601,58,2,class,0,0,0,57,1,98.27586207,1.724137931,60.59552271,39.40447729,2788,1813,6.150770191,15.19399769,0.005444468594,283.2892849,241.1700187,11.1866391,0.9997826087,0.9673602372,1105,weka.IBk,0.910408,Supervised Classification
44,spambase,4601,58,2,class,0,0,0,57,1,98.27586207,1.724137931,60.59552271,39.40447729,2788,1813,6.150770191,15.19399769,0.005444468594,283.2892849,241.1700187,11.1866391,0.9997826087,0.9673602372,1182,weka.AdaBoostM1_DecisionStump,0.891304,Supervised Classification
44,spambase,4601,58,2,class,0,0,0,57,1,98.27586207,1.724137931,60.59552271,39.40447729,2788,1813,6.150770191,15.19399769,0.005444468594,283.2892849,241.1700187,11.1866391,0.9997826087,0.9673602372,1182,weka.AdaBoostM1_DecisionStump,0.901186,Supervised Classification
44,spambase,4601,58,2,class,0,0,0,57,1,98.27586207,1.724137931,60.59552271,39.40447729,2788,1813,6.150770191,15.19399769,0.005444468594,283.2892849,241.1700187,11.1866391,0.9997826087,0.9673602372,1182,weka.AdaBoostM1_DecisionStump,0.930171,Supervised Classification
44,spambase,4601,58,2,class,0,0,0,57,1,98.27586207,1.724137931,60.59552271,39.40447729,2788,1813,6.150770191,15.19399769,0.005444468594,283.2892849,241.1700187,11.1866391,0.9997826087,0.9673602372,1182,weka.AdaBoostM1_DecisionStump,0.939394,Supervised Classification
44,spambase,4601,58,2,class,0,0,0,57,1,98.27586207,1.724137931,60.59552271,39.40447729,2788,1813,6.150770191,15.19399769,0.005444468594,283.2892849,241.1700187,11.1866391,0.9997826087,0.9673602372,1183,weka.AttributeSelectedClassifier_CfsSubsetEval_BestFirst_J48,0.926219,Supervised Classification
44,spambase,4601,58,2,class,0,0,0,57,1,98.27586207,1.724137931,60.59552271,39.40447729,2788,1813,6.150770191,15.19399769,0.005444468594,283.2892849,241.1700187,11.1866391,0.9997826087,0.9673602372,1185,weka.Bagging_REPTree,0.939394,Supervised Classification
44,spambase,4601,58,2,class,0,0,0,57,1,98.27586207,1.724137931,60.59552271,39.40447729,2788,1813,6.150770191,15.19399769,0.005444468594,283.2892849,241.1700187,11.1866391,0.9997826087,0.9673602372,1191,weka.LogitBoost_DecisionStump,0.913702,Supervised Classification
44,spambase,4601,58,2,class,0,0,0,57,1,98.27586207,1.724137931,60.59552271,39.40447729,2788,1813,6.150770191,15.19399769,0.005444468594,283.2892849,241.1700187,11.1866391,0.9997826087,0.9673602372,1191,weka.LogitBoost_DecisionStump,0.947299,Supervised Classification
44,spambase,4601,58,2,class,0,0,0,57,1,98.27586207,1.724137931,60.59552271,39.40447729,2788,1813,6.150770191,15.19399769,0.005444468594,283.2892849,241.1700187,11.1866391,0.9997826087,0.9673602372,1191,weka.LogitBoost_DecisionStump,0.951252,Supervised Classification
44,spambase,4601,58,2,class,0,0,0,57,1,98.27586207,1.724137931,60.59552271,39.40447729,2788,1813,6.150770191,15.19399769,0.005444468594,283.2892849,241.1700187,11.1866391,0.9997826087,0.9673602372,1194,weka.RandomSubSpace_REPTree,0.944005,Supervised Classification
44,spambase,4601,58,2,class,0,0,0,57,1,98.27586207,1.724137931,60.59552271,39.40447729,2788,1813,6.150770191,15.19399769,0.005444468594,283.2892849,241.1700187,11.1866391,0.9997826087,0.9673602372,1194,weka.RandomSubSpace_REPTree,0.94664,Supervised Classification
44,spambase,4601,58,2,class,0,0,0,57,1,98.27586207,1.724137931,60.59552271,39.40447729,2788,1813,6.150770191,15.19399769,0.005444468594,283.2892849,241.1700187,11.1866391,0.9997826087,0.9673602372,1087,weka.HoeffdingTree,0.77668,Supervised Classification
44,spambase,4601,58,2,class,0,0,0,57,1,98.27586207,1.724137931,60.59552271,39.40447729,2788,1813,6.150770191,15.19399769,0.005444468594,283.2892849,241.1700187,11.1866391,0.9997826087,0.9673602372,1094,weka.JRip,0.900527,Supervised Classification
44,spambase,4601,58,2,class,0,0,0,57,1,98.27586207,1.724137931,60.59552271,39.40447729,2788,1813,6.150770191,15.19399769,0.005444468594,283.2892849,241.1700187,11.1866391,0.9997826087,0.9673602372,1098,weka.ConjunctiveRule,0.795125,Supervised Classification
44,spambase,4601,58,2,class,0,0,0,57,1,98.27586207,1.724137931,60.59552271,39.40447729,2788,1813,6.150770191,15.19399769,0.005444468594,283.2892849,241.1700187,11.1866391,0.9997826087,0.9673602372,1100,weka.HyperPipes,0.640975,Supervised Classification
44,spambase,4601,58,2,class,0,0,0,57,1,98.27586207,1.724137931,60.59552271,39.40447729,2788,1813,6.150770191,15.19399769,0.005444468594,283.2892849,241.1700187,11.1866391,0.9997826087,0.9673602372,1101,weka.InputMappedClassifier_ZeroR,0.611331,Supervised Classification
44,spambase,4601,58,2,class,0,0,0,57,1,98.27586207,1.724137931,60.59552271,39.40447729,2788,1813,6.150770191,15.19399769,0.005444468594,283.2892849,241.1700187,11.1866391,0.9997826087,0.9673602372,1103,weka.VFI,0.712121,Supervised Classification
44,spambase,4601,58,2,class,0,0,0,57,1,98.27586207,1.724137931,60.59552271,39.40447729,2788,1813,6.150770191,15.19399769,0.005444468594,283.2892849,241.1700187,11.1866391,0.9997826087,0.9673602372,1105,weka.IBk,0.906456,Supervised Classification
44,spambase,4601,58,2,class,0,0,0,57,1,98.27586207,1.724137931,60.59552271,39.40447729,2788,1813,6.150770191,15.19399769,0.005444468594,283.2892849,241.1700187,11.1866391,0.9997826087,0.9673602372,1244,weka.FilteredClassifier_Discretize_J48,0.924901,Supervised Classification
44,spambase,4601,58,2,class,0,0,0,57,1,98.27586207,1.724137931,60.59552271,39.40447729,2788,1813,6.150770191,15.19399769,0.005444468594,283.2892849,241.1700187,11.1866391,0.9997826087,0.9673602372,1185,weka.Bagging_REPTree,0.942029,Supervised Classification
44,spambase,4601,58,2,class,0,0,0,57,1,98.27586207,1.724137931,60.59552271,39.40447729,2788,1813,6.150770191,15.19399769,0.005444468594,283.2892849,241.1700187,11.1866391,0.9997826087,0.9673602372,1197,weka.FURIA,0.937418,Supervised Classification
44,spambase,4601,58,2,class,0,0,0,57,1,98.27586207,1.724137931,60.59552271,39.40447729,2788,1813,6.150770191,15.19399769,0.005444468594,283.2892849,241.1700187,11.1866391,0.9997826087,0.9673602372,1199,weka.ADTree,0.915679,Supervised Classification
44,spambase,4601,58,2,class,0,0,0,57,1,98.27586207,1.724137931,60.59552271,39.40447729,2788,1813,6.150770191,15.19399769,0.005444468594,283.2892849,241.1700187,11.1866391,0.9997826087,0.9673602372,1200,weka.LADTree,0.914361,Supervised Classification
44,spambase,4601,58,2,class,0,0,0,57,1,98.27586207,1.724137931,60.59552271,39.40447729,2788,1813,6.150770191,15.19399769,0.005444468594,283.2892849,241.1700187,11.1866391,0.9997826087,0.9673602372,1089,weka.ExtraTree,0.890646,Supervised Classification
44,spambase,4601,58,2,class,0,0,0,57,1,98.27586207,1.724137931,60.59552271,39.40447729,2788,1813,6.150770191,15.19399769,0.005444468594,283.2892849,241.1700187,11.1866391,0.9997826087,0.9673602372,1090,weka.DecisionStump,0.785244,Supervised Classification
44,spambase,4601,58,2,class,0,0,0,57,1,98.27586207,1.724137931,60.59552271,39.40447729,2788,1813,6.150770191,15.19399769,0.005444468594,283.2892849,241.1700187,11.1866391,0.9997826087,0.9673602372,1095,weka.DTNB,0.916996,Supervised Classification
44,spambase,4601,58,2,class,0,0,0,57,1,98.27586207,1.724137931,60.59552271,39.40447729,2788,1813,6.150770191,15.19399769,0.005444468594,283.2892849,241.1700187,11.1866391,0.9997826087,0.9673602372,1096,weka.DecisionTable_BestFirst,0.897892,Supervised Classification
44,spambase,4601,58,2,class,0,0,0,57,1,98.27586207,1.724137931,60.59552271,39.40447729,2788,1813,6.150770191,15.19399769,0.005444468594,283.2892849,241.1700187,11.1866391,0.9997826087,0.9673602372,1114,weka.Logistic,0.939394,Supervised Classification
44,spambase,4601,58,2,class,0,0,0,57,1,98.27586207,1.724137931,60.59552271,39.40447729,2788,1813,6.150770191,15.19399769,0.005444468594,283.2892849,241.1700187,11.1866391,0.9997826087,0.9673602372,1117,weka.RBFClassifier,0.866271,Supervised Classification
44,spambase,4601,58,2,class,0,0,0,57,1,98.27586207,1.724137931,60.59552271,39.40447729,2788,1813,6.150770191,15.19399769,0.005444468594,283.2892849,241.1700187,11.1866391,0.9997826087,0.9673602372,1120,weka.SGD,0.932806,Supervised Classification
44,spambase,4601,58,2,class,0,0,0,57,1,98.27586207,1.724137931,60.59552271,39.40447729,2788,1813,6.150770191,15.19399769,0.005444468594,283.2892849,241.1700187,11.1866391,0.9997826087,0.9673602372,1154,weka.NaiveBayes,0.789855,Supervised Classification
44,spambase,4601,58,2,class,0,0,0,57,1,98.27586207,1.724137931,60.59552271,39.40447729,2788,1813,6.150770191,15.19399769,0.005444468594,283.2892849,241.1700187,11.1866391,0.9997826087,0.9673602372,1155,weka.FilteredClassifier_Standardize_NaiveBayes,0.788538,Supervised Classification
44,spambase,4601,58,2,class,0,0,0,57,1,98.27586207,1.724137931,60.59552271,39.40447729,2788,1813,6.150770191,15.19399769,0.005444468594,283.2892849,241.1700187,11.1866391,0.9997826087,0.9673602372,1163,weka.FilteredClassifier_PrincipalComponents_J48,0.899868,Supervised Classification
44,spambase,4601,58,2,class,0,0,0,57,1,98.27586207,1.724137931,60.59552271,39.40447729,2788,1813,6.150770191,15.19399769,0.005444468594,283.2892849,241.1700187,11.1866391,0.9997826087,0.9673602372,1185,weka.Bagging_REPTree,0.938735,Supervised Classification
44,spambase,4601,58,2,class,0,0,0,57,1,98.27586207,1.724137931,60.59552271,39.40447729,2788,1813,6.150770191,15.19399769,0.005444468594,283.2892849,241.1700187,11.1866391,0.9997826087,0.9673602372,1191,weka.LogitBoost_DecisionStump,0.949275,Supervised Classification
44,spambase,4601,58,2,class,0,0,0,57,1,98.27586207,1.724137931,60.59552271,39.40447729,2788,1813,6.150770191,15.19399769,0.005444468594,283.2892849,241.1700187,11.1866391,0.9997826087,0.9673602372,1194,weka.RandomSubSpace_REPTree,0.942688,Supervised Classification
44,spambase,4601,58,2,class,0,0,0,57,1,98.27586207,1.724137931,60.59552271,39.40447729,2788,1813,6.150770191,15.19399769,0.005444468594,283.2892849,241.1700187,11.1866391,0.9997826087,0.9673602372,1099,weka.CHIRP,0.927536,Supervised Classification
44,spambase,4601,58,2,class,0,0,0,57,1,98.27586207,1.724137931,60.59552271,39.40447729,2788,1813,6.150770191,15.19399769,0.005444468594,283.2892849,241.1700187,11.1866391,0.9997826087,0.9673602372,1104,weka.IB1,0.906456,Supervised Classification
44,spambase,4601,58,2,class,0,0,0,57,1,98.27586207,1.724137931,60.59552271,39.40447729,2788,1813,6.150770191,15.19399769,0.005444468594,283.2892849,241.1700187,11.1866391,0.9997826087,0.9673602372,1111,weka.KernelLogisticRegression_PolyKernel,0.938076,Supervised Classification
44,spambase,4601,58,2,class,0,0,0,57,1,98.27586207,1.724137931,60.59552271,39.40447729,2788,1813,6.150770191,15.19399769,0.005444468594,283.2892849,241.1700187,11.1866391,0.9997826087,0.9673602372,1160,weka.AttributeSelectedClassifier_PrincipalComponents_Ranker_J48,0.899868,Supervised Classification
44,spambase,4601,58,2,class,0,0,0,57,1,98.27586207,1.724137931,60.59552271,39.40447729,2788,1813,6.150770191,15.19399769,0.005444468594,283.2892849,241.1700187,11.1866391,0.9997826087,0.9673602372,1172,weka.LibSVM,0.822134,Supervised Classification
44,spambase,4601,58,2,class,0,0,0,57,1,98.27586207,1.724137931,60.59552271,39.40447729,2788,1813,6.150770191,15.19399769,0.005444468594,283.2892849,241.1700187,11.1866391,0.9997826087,0.9673602372,1108,weka.LWL_DecisionStump,0.785244,Supervised Classification
44,spambase,4601,58,2,class,0,0,0,57,1,98.27586207,1.724137931,60.59552271,39.40447729,2788,1813,6.150770191,15.19399769,0.005444468594,283.2892849,241.1700187,11.1866391,0.9997826087,0.9673602372,1079,weka.RandomForest,0.95191,Supervised Classification
44,spambase,4601,58,2,class,0,0,0,57,1,98.27586207,1.724137931,60.59552271,39.40447729,2788,1813,6.150770191,15.19399769,0.005444468594,283.2892849,241.1700187,11.1866391,0.9997826087,0.9673602372,1082,weka.LMT,0.928854,Supervised Classification
44,spambase,4601,58,2,class,0,0,0,57,1,98.27586207,1.724137931,60.59552271,39.40447729,2788,1813,6.150770191,15.19399769,0.005444468594,283.2892849,241.1700187,11.1866391,0.9997826087,0.9673602372,1194,weka.RandomSubSpace_REPTree,0.944664,Supervised Classification
44,spambase,4601,58,2,class,0,0,0,57,1,98.27586207,1.724137931,60.59552271,39.40447729,2788,1813,6.150770191,15.19399769,0.005444468594,283.2892849,241.1700187,11.1866391,0.9997826087,0.9673602372,1191,weka.LogitBoost_DecisionStump,0.937418,Supervised Classification
44,spambase,4601,58,2,class,0,0,0,57,1,98.27586207,1.724137931,60.59552271,39.40447729,2788,1813,6.150770191,15.19399769,0.005444468594,283.2892849,241.1700187,11.1866391,0.9997826087,0.9673602372,1091,weka.BFTree,0.921607,Supervised Classification
44,spambase,4601,58,2,class,0,0,0,57,1,98.27586207,1.724137931,60.59552271,39.40447729,2788,1813,6.150770191,15.19399769,0.005444468594,283.2892849,241.1700187,11.1866391,0.9997826087,0.9673602372,1106,weka.KStar,0.901845,Supervised Classification
44,spambase,4601,58,2,class,0,0,0,57,1,98.27586207,1.724137931,60.59552271,39.40447729,2788,1813,6.150770191,15.19399769,0.005444468594,283.2892849,241.1700187,11.1866391,0.9997826087,0.9673602372,1088,weka.FT,0.927536,Supervised Classification
44,spambase,4601,58,2,class,0,0,0,57,1,98.27586207,1.724137931,60.59552271,39.40447729,2788,1813,6.150770191,15.19399769,0.005444468594,283.2892849,241.1700187,11.1866391,0.9997826087,0.9673602372,1185,weka.Bagging_REPTree,0.933465,Supervised Classification
44,spambase,4601,58,2,class,0,0,0,57,1,98.27586207,1.724137931,60.59552271,39.40447729,2788,1813,6.150770191,15.19399769,0.005444468594,283.2892849,241.1700187,11.1866391,0.9997826087,0.9673602372,1166,weka.A2DE,0.944664,Supervised Classification
44,spambase,4601,58,2,class,0,0,0,57,1,98.27586207,1.724137931,60.59552271,39.40447729,2788,1813,6.150770191,15.19399769,0.005444468594,283.2892849,241.1700187,11.1866391,0.9997826087,0.9673602372,1185,weka.Bagging_REPTree,0.940711,Supervised Classification
44,spambase,4601,58,2,class,0,0,0,57,1,98.27586207,1.724137931,60.59552271,39.40447729,2788,1813,6.150770191,15.19399769,0.005444468594,283.2892849,241.1700187,11.1866391,0.9997826087,0.9673602372,1084,weka.J48graft,0.934124,Supervised Classification
44,spambase,4601,58,2,class,0,0,0,57,1,98.27586207,1.724137931,60.59552271,39.40447729,2788,1813,6.150770191,15.19399769,0.005444468594,283.2892849,241.1700187,11.1866391,0.9997826087,0.9673602372,1186,weka.Dagging_DecisionStump,0.862978,Supervised Classification
44,spambase,4601,58,2,class,0,0,0,57,1,98.27586207,1.724137931,60.59552271,39.40447729,2788,1813,6.150770191,15.19399769,0.005444468594,283.2892849,241.1700187,11.1866391,0.9997826087,0.9673602372,1187,weka.Decorate,0.947299,Supervised Classification
44,spambase,4601,58,2,class,0,0,0,57,1,98.27586207,1.724137931,60.59552271,39.40447729,2788,1813,6.150770191,15.19399769,0.005444468594,283.2892849,241.1700187,11.1866391,0.9997826087,0.9673602372,1188,weka.END_ND_J48,0.928854,Supervised Classification
44,spambase,4601,58,2,class,0,0,0,57,1,98.27586207,1.724137931,60.59552271,39.40447729,2788,1813,6.150770191,15.19399769,0.005444468594,283.2892849,241.1700187,11.1866391,0.9997826087,0.9673602372,1190,weka.Grading_ZeroR,0.611331,Supervised Classification
44,spambase,4601,58,2,class,0,0,0,57,1,98.27586207,1.724137931,60.59552271,39.40447729,2788,1813,6.150770191,15.19399769,0.005444468594,283.2892849,241.1700187,11.1866391,0.9997826087,0.9673602372,1192,weka.MultiBoostAB_DecisionStump,0.843874,Supervised Classification
44,spambase,4601,58,2,class,0,0,0,57,1,98.27586207,1.724137931,60.59552271,39.40447729,2788,1813,6.150770191,15.19399769,0.005444468594,283.2892849,241.1700187,11.1866391,0.9997826087,0.9673602372,1192,weka.MultiBoostAB_DecisionStump,0.875494,Supervised Classification
44,spambase,4601,58,2,class,0,0,0,57,1,98.27586207,1.724137931,60.59552271,39.40447729,2788,1813,6.150770191,15.19399769,0.005444468594,283.2892849,241.1700187,11.1866391,0.9997826087,0.9673602372,1192,weka.MultiBoostAB_DecisionStump,0.893281,Supervised Classification
44,spambase,4601,58,2,class,0,0,0,57,1,98.27586207,1.724137931,60.59552271,39.40447729,2788,1813,6.150770191,15.19399769,0.005444468594,283.2892849,241.1700187,11.1866391,0.9997826087,0.9673602372,1192,weka.MultiBoostAB_DecisionStump,0.92029,Supervised Classification
44,spambase,4601,58,2,class,0,0,0,57,1,98.27586207,1.724137931,60.59552271,39.40447729,2788,1813,6.150770191,15.19399769,0.005444468594,283.2892849,241.1700187,11.1866391,0.9997826087,0.9673602372,1192,weka.MultiBoostAB_DecisionStump,0.92556,Supervised Classification
44,spambase,4601,58,2,class,0,0,0,57,1,98.27586207,1.724137931,60.59552271,39.40447729,2788,1813,6.150770191,15.19399769,0.005444468594,283.2892849,241.1700187,11.1866391,0.9997826087,0.9673602372,1193,weka.RacedIncrementalLogitBoost_DecisionStump,0.87747,Supervised Classification
44,spambase,4601,58,2,class,0,0,0,57,1,98.27586207,1.724137931,60.59552271,39.40447729,2788,1813,6.150770191,15.19399769,0.005444468594,283.2892849,241.1700187,11.1866391,0.9997826087,0.9673602372,1195,weka.RealAdaBoost_DecisionStump,0.923584,Supervised Classification
44,spambase,4601,58,2,class,0,0,0,57,1,98.27586207,1.724137931,60.59552271,39.40447729,2788,1813,6.150770191,15.19399769,0.005444468594,283.2892849,241.1700187,11.1866391,0.9997826087,0.9673602372,1196,weka.RotationForest_PrincipalComponents_J48,0.955863,Supervised Classification
44,spambase,4601,58,2,class,0,0,0,57,1,98.27586207,1.724137931,60.59552271,39.40447729,2788,1813,6.150770191,15.19399769,0.005444468594,283.2892849,241.1700187,11.1866391,0.9997826087,0.9673602372,1196,weka.RotationForest_PrincipalComponents_J48,0.95191,Supervised Classification
44,spambase,4601,58,2,class,0,0,0,57,1,98.27586207,1.724137931,60.59552271,39.40447729,2788,1813,6.150770191,15.19399769,0.005444468594,283.2892849,241.1700187,11.1866391,0.9997826087,0.9673602372,1196,weka.RotationForest_PrincipalComponents_J48,0.959157,Supervised Classification
44,spambase,4601,58,2,class,0,0,0,57,1,98.27586207,1.724137931,60.59552271,39.40447729,2788,1813,6.150770191,15.19399769,0.005444468594,283.2892849,241.1700187,11.1866391,0.9997826087,0.9673602372,1196,weka.RotationForest_PrincipalComponents_J48,0.961133,Supervised Classification
333,monks-problems-1,556,7,2,class,0,0,0,0,7,0,100,50,50,278,278,,,,,,,0.8162162162,1,1068,weka.J48,1,Supervised Classification
333,monks-problems-1,556,7,2,class,0,0,0,0,7,0,100,50,50,278,278,,,,,,,0.8162162162,1,1069,weka.ZeroR,0.486339,Supervised Classification
333,monks-problems-1,556,7,2,class,0,0,0,0,7,0,100,50,50,278,278,,,,,,,0.8162162162,1,1070,weka.Ridor,0.770492,Supervised Classification
333,monks-problems-1,556,7,2,class,0,0,0,0,7,0,100,50,50,278,278,,,,,,,0.8162162162,1,1071,weka.OneR,0.770492,Supervised Classification
333,monks-problems-1,556,7,2,class,0,0,0,0,7,0,100,50,50,278,278,,,,,,,0.8162162162,1,1072,weka.Prism,0.961749,Supervised Classification
333,monks-problems-1,556,7,2,class,0,0,0,0,7,0,100,50,50,278,278,,,,,,,0.8162162162,1,1073,weka.PART,1,Supervised Classification
333,monks-problems-1,556,7,2,class,0,0,0,0,7,0,100,50,50,278,278,,,,,,,0.8162162162,1,1074,weka.OLM,0.546448,Supervised Classification
333,monks-problems-1,556,7,2,class,0,0,0,0,7,0,100,50,50,278,278,,,,,,,0.8162162162,1,1105,weka.IBk,0.978142,Supervised Classification
333,monks-problems-1,556,7,2,class,0,0,0,0,7,0,100,50,50,278,278,,,,,,,0.8162162162,1,1191,weka.LogitBoost_DecisionStump,0.770492,Supervised Classification
333,monks-problems-1,556,7,2,class,0,0,0,0,7,0,100,50,50,278,278,,,,,,,0.8162162162,1,1087,weka.HoeffdingTree,0.748634,Supervised Classification
333,monks-problems-1,556,7,2,class,0,0,0,0,7,0,100,50,50,278,278,,,,,,,0.8162162162,1,1185,weka.Bagging_REPTree,0.972678,Supervised Classification
333,monks-problems-1,556,7,2,class,0,0,0,0,7,0,100,50,50,278,278,,,,,,,0.8162162162,1,1080,weka.NBTree,1,Supervised Classification
333,monks-problems-1,556,7,2,class,0,0,0,0,7,0,100,50,50,278,278,,,,,,,0.8162162162,1,1165,weka.A1DE,0.89071,Supervised Classification
333,monks-problems-1,556,7,2,class,0,0,0,0,7,0,100,50,50,278,278,,,,,,,0.8162162162,1,523,weka.Bagging_J48,1,Supervised Classification
333,monks-problems-1,556,7,2,class,0,0,0,0,7,0,100,50,50,278,278,,,,,,,0.8162162162,1,524,weka.Bagging_JRip,1,Supervised Classification
333,monks-problems-1,556,7,2,class,0,0,0,0,7,0,100,50,50,278,278,,,,,,,0.8162162162,1,611,weka.MultiBoostAB_ADTree,0.939891,Supervised Classification
333,monks-problems-1,556,7,2,class,0,0,0,0,7,0,100,50,50,278,278,,,,,,,0.8162162162,1,611,weka.MultiBoostAB_ADTree,0.978142,Supervised Classification
333,monks-problems-1,556,7,2,class,0,0,0,0,7,0,100,50,50,278,278,,,,,,,0.8162162162,1,611,weka.MultiBoostAB_ADTree,1,Supervised Classification
333,monks-problems-1,556,7,2,class,0,0,0,0,7,0,100,50,50,278,278,,,,,,,0.8162162162,1,527,weka.Bagging_LMT,0.983607,Supervised Classification
333,monks-problems-1,556,7,2,class,0,0,0,0,7,0,100,50,50,278,278,,,,,,,0.8162162162,1,527,weka.Bagging_LMT,0.978142,Supervised Classification
333,monks-problems-1,556,7,2,class,0,0,0,0,7,0,100,50,50,278,278,,,,,,,0.8162162162,1,527,weka.Bagging_LMT,0.961749,Supervised Classification
333,monks-problems-1,556,7,2,class,0,0,0,0,7,0,100,50,50,278,278,,,,,,,0.8162162162,1,527,weka.Bagging_LMT,0.95082,Supervised Classification
333,monks-problems-1,556,7,2,class,0,0,0,0,7,0,100,50,50,278,278,,,,,,,0.8162162162,1,527,weka.Bagging_LMT,0.939891,Supervised Classification
333,monks-problems-1,556,7,2,class,0,0,0,0,7,0,100,50,50,278,278,,,,,,,0.8162162162,1,528,weka.Bagging_LWL_DecisionStump,0.770492,Supervised Classification
333,monks-problems-1,556,7,2,class,0,0,0,0,7,0,100,50,50,278,278,,,,,,,0.8162162162,1,529,weka.Bagging_MultilayerPerceptron,1,Supervised Classification
333,monks-problems-1,556,7,2,class,0,0,0,0,7,0,100,50,50,278,278,,,,,,,0.8162162162,1,622,weka.RealAdaBoost_RandomTree,0.956284,Supervised Classification
333,monks-problems-1,556,7,2,class,0,0,0,0,7,0,100,50,50,278,278,,,,,,,0.8162162162,1,531,weka.Bagging_OneR,0.770492,Supervised Classification
333,monks-problems-1,556,7,2,class,0,0,0,0,7,0,100,50,50,278,278,,,,,,,0.8162162162,1,506,weka.RotationForest_PrincipalComponents_J48,1,Supervised Classification
333,monks-problems-1,556,7,2,class,0,0,0,0,7,0,100,50,50,278,278,,,,,,,0.8162162162,1,532,weka.Bagging_RandomForest,0.978142,Supervised Classification
333,monks-problems-1,556,7,2,class,0,0,0,0,7,0,100,50,50,278,278,,,,,,,0.8162162162,1,532,weka.Bagging_RandomForest,0.972678,Supervised Classification
333,monks-problems-1,556,7,2,class,0,0,0,0,7,0,100,50,50,278,278,,,,,,,0.8162162162,1,533,weka.Bagging_RandomTree,0.978142,Supervised Classification
333,monks-problems-1,556,7,2,class,0,0,0,0,7,0,100,50,50,278,278,,,,,,,0.8162162162,1,533,weka.Bagging_RandomTree,0.972678,Supervised Classification
333,monks-problems-1,556,7,2,class,0,0,0,0,7,0,100,50,50,278,278,,,,,,,0.8162162162,1,378,weka.Bagging_REPTree,0.961749,Supervised Classification
333,monks-problems-1,556,7,2,class,0,0,0,0,7,0,100,50,50,278,278,,,,,,,0.8162162162,1,378,weka.Bagging_REPTree,0.972678,Supervised Classification
333,monks-problems-1,556,7,2,class,0,0,0,0,7,0,100,50,50,278,278,,,,,,,0.8162162162,1,534,weka.Bagging_SMO_PolyKernel,0.770492,Supervised Classification
333,monks-problems-1,556,7,2,class,0,0,0,0,7,0,100,50,50,278,278,,,,,,,0.8162162162,1,535,weka.Bagging_SPegasos,0.770492,Supervised Classification
333,monks-problems-1,556,7,2,class,0,0,0,0,7,0,100,50,50,278,278,,,,,,,0.8162162162,1,563,weka.NaiveBayesUpdateable,0.770492,Supervised Classification
333,monks-problems-1,556,7,2,class,0,0,0,0,7,0,100,50,50,278,278,,,,,,,0.8162162162,1,364,weka.ZeroR,0.486339,Supervised Classification
333,monks-problems-1,556,7,2,class,0,0,0,0,7,0,100,50,50,278,278,,,,,,,0.8162162162,1,375,weka.OneR,0.770492,Supervised Classification
333,monks-problems-1,556,7,2,class,0,0,0,0,7,0,100,50,50,278,278,,,,,,,0.8162162162,1,376,weka.AdaBoostM1_DecisionStump,0.770492,Supervised Classification
333,monks-problems-1,556,7,2,class,0,0,0,0,7,0,100,50,50,278,278,,,,,,,0.8162162162,1,378,weka.Bagging_REPTree,1,Supervised Classification
333,monks-problems-1,556,7,2,class,0,0,0,0,7,0,100,50,50,278,278,,,,,,,0.8162162162,1,677,weka.Logistic,0.770492,Supervised Classification
333,monks-problems-1,556,7,2,class,0,0,0,0,7,0,100,50,50,278,278,,,,,,,0.8162162162,1,384,weka.SGD,0.770492,Supervised Classification
333,monks-problems-1,556,7,2,class,0,0,0,0,7,0,100,50,50,278,278,,,,,,,0.8162162162,1,385,weka.SMO_PolyKernel,0.770492,Supervised Classification
333,monks-problems-1,556,7,2,class,0,0,0,0,7,0,100,50,50,278,278,,,,,,,0.8162162162,1,387,weka.SMO_RBFKernel,0.770492,Supervised Classification
333,monks-problems-1,556,7,2,class,0,0,0,0,7,0,100,50,50,278,278,,,,,,,0.8162162162,1,389,weka.IBk,0.983607,Supervised Classification
333,monks-problems-1,556,7,2,class,0,0,0,0,7,0,100,50,50,278,278,,,,,,,0.8162162162,1,390,weka.JRip,0.868852,Supervised Classification
333,monks-problems-1,556,7,2,class,0,0,0,0,7,0,100,50,50,278,278,,,,,,,0.8162162162,1,391,weka.RandomForest,1,Supervised Classification
333,monks-problems-1,556,7,2,class,0,0,0,0,7,0,100,50,50,278,278,,,,,,,0.8162162162,1,394,weka.AdaBoostM1_ADTree,1,Supervised Classification
333,monks-problems-1,556,7,2,class,0,0,0,0,7,0,100,50,50,278,278,,,,,,,0.8162162162,1,398,weka.AdaBoostM1_BFTree,1,Supervised Classification
333,monks-problems-1,556,7,2,class,0,0,0,0,7,0,100,50,50,278,278,,,,,,,0.8162162162,1,404,weka.AdaBoostM1_IBk,0.983607,Supervised Classification
333,monks-problems-1,556,7,2,class,0,0,0,0,7,0,100,50,50,278,278,,,,,,,0.8162162162,1,405,weka.AdaBoostM1_J48,1,Supervised Classification
333,monks-problems-1,556,7,2,class,0,0,0,0,7,0,100,50,50,278,278,,,,,,,0.8162162162,1,406,weka.AdaBoostM1_JRip,1,Supervised Classification
333,monks-problems-1,556,7,2,class,0,0,0,0,7,0,100,50,50,278,278,,,,,,,0.8162162162,1,407,weka.AdaBoostM1_LADTree,1,Supervised Classification
333,monks-problems-1,556,7,2,class,0,0,0,0,7,0,100,50,50,278,278,,,,,,,0.8162162162,1,411,weka.AdaBoostM1_LMT,0.994536,Supervised Classification
333,monks-problems-1,556,7,2,class,0,0,0,0,7,0,100,50,50,278,278,,,,,,,0.8162162162,1,411,weka.AdaBoostM1_LMT,1,Supervised Classification
333,monks-problems-1,556,7,2,class,0,0,0,0,7,0,100,50,50,278,278,,,,,,,0.8162162162,1,413,weka.AdaBoostM1_LWL_DecisionStump,1,Supervised Classification
333,monks-problems-1,556,7,2,class,0,0,0,0,7,0,100,50,50,278,278,,,,,,,0.8162162162,1,413,weka.AdaBoostM1_LWL_DecisionStump,0.808743,Supervised Classification
333,monks-problems-1,556,7,2,class,0,0,0,0,7,0,100,50,50,278,278,,,,,,,0.8162162162,1,417,weka.AdaBoostM1_NaiveBayes,0.765027,Supervised Classification
333,monks-problems-1,556,7,2,class,0,0,0,0,7,0,100,50,50,278,278,,,,,,,0.8162162162,1,418,weka.AdaBoostM1_OneR,0.770492,Supervised Classification
333,monks-problems-1,556,7,2,class,0,0,0,0,7,0,100,50,50,278,278,,,,,,,0.8162162162,1,419,weka.AdaBoostM1_RandomForest,0.972678,Supervised Classification
333,monks-problems-1,556,7,2,class,0,0,0,0,7,0,100,50,50,278,278,,,,,,,0.8162162162,1,420,weka.AdaBoostM1_RandomTree,0.918033,Supervised Classification
333,monks-problems-1,556,7,2,class,0,0,0,0,7,0,100,50,50,278,278,,,,,,,0.8162162162,1,422,weka.AdaBoostM1_REPTree,0.961749,Supervised Classification
333,monks-problems-1,556,7,2,class,0,0,0,0,7,0,100,50,50,278,278,,,,,,,0.8162162162,1,423,weka.AdaBoostM1_SMO_PolyKernel,1,Supervised Classification
333,monks-problems-1,556,7,2,class,0,0,0,0,7,0,100,50,50,278,278,,,,,,,0.8162162162,1,1075,weka.NNge,1,Supervised Classification
333,monks-problems-1,556,7,2,class,0,0,0,0,7,0,100,50,50,278,278,,,,,,,0.8162162162,1,1076,weka.SimpleCart,0.89071,Supervised Classification
333,monks-problems-1,556,7,2,class,0,0,0,0,7,0,100,50,50,278,278,,,,,,,0.8162162162,1,1077,weka.REPTree,0.819672,Supervised Classification
333,monks-problems-1,556,7,2,class,0,0,0,0,7,0,100,50,50,278,278,,,,,,,0.8162162162,1,1078,weka.RandomTree,0.879781,Supervised Classification
333,monks-problems-1,556,7,2,class,0,0,0,0,7,0,100,50,50,278,278,,,,,,,0.8162162162,1,1079,weka.RandomForest,1,Supervised Classification
333,monks-problems-1,556,7,2,class,0,0,0,0,7,0,100,50,50,278,278,,,,,,,0.8162162162,1,1168,weka.BayesNet_K2,0.770492,Supervised Classification
333,monks-problems-1,556,7,2,class,0,0,0,0,7,0,100,50,50,278,278,,,,,,,0.8162162162,1,1173,weka.HNB,1,Supervised Classification
333,monks-problems-1,556,7,2,class,0,0,0,0,7,0,100,50,50,278,278,,,,,,,0.8162162162,1,1174,weka.KernelLogisticRegression_RBFKernel,1,Supervised Classification
333,monks-problems-1,556,7,2,class,0,0,0,0,7,0,100,50,50,278,278,,,,,,,0.8162162162,1,1112,weka.LibLINEAR,0.770492,Supervised Classification
333,monks-problems-1,556,7,2,class,0,0,0,0,7,0,100,50,50,278,278,,,,,,,0.8162162162,1,1177,weka.SimpleLogistic,0.770492,Supervised Classification
333,monks-problems-1,556,7,2,class,0,0,0,0,7,0,100,50,50,278,278,,,,,,,0.8162162162,1,1178,weka.SMO_PolyKernel,0.770492,Supervised Classification
333,monks-problems-1,556,7,2,class,0,0,0,0,7,0,100,50,50,278,278,,,,,,,0.8162162162,1,1179,weka.SMO_RBFKernel,0.770492,Supervised Classification
333,monks-problems-1,556,7,2,class,0,0,0,0,7,0,100,50,50,278,278,,,,,,,0.8162162162,1,1180,weka.SPegasos,0.770492,Supervised Classification
333,monks-problems-1,556,7,2,class,0,0,0,0,7,0,100,50,50,278,278,,,,,,,0.8162162162,1,1181,weka.Winnow,0.704918,Supervised Classification
333,monks-problems-1,556,7,2,class,0,0,0,0,7,0,100,50,50,278,278,,,,,,,0.8162162162,1,1182,weka.AdaBoostM1_DecisionStump,0.770492,Supervised Classification
333,monks-problems-1,556,7,2,class,0,0,0,0,7,0,100,50,50,278,278,,,,,,,0.8162162162,1,1183,weka.AttributeSelectedClassifier_CfsSubsetEval_BestFirst_J48,0.770492,Supervised Classification
333,monks-problems-1,556,7,2,class,0,0,0,0,7,0,100,50,50,278,278,,,,,,,0.8162162162,1,1185,weka.Bagging_REPTree,1,Supervised Classification
333,monks-problems-1,556,7,2,class,0,0,0,0,7,0,100,50,50,278,278,,,,,,,0.8162162162,1,1185,weka.Bagging_REPTree,0.961749,Supervised Classification
333,monks-problems-1,556,7,2,class,0,0,0,0,7,0,100,50,50,278,278,,,,,,,0.8162162162,1,1191,weka.LogitBoost_DecisionStump,0.775956,Supervised Classification
333,monks-problems-1,556,7,2,class,0,0,0,0,7,0,100,50,50,278,278,,,,,,,0.8162162162,1,1194,weka.RandomSubSpace_REPTree,1,Supervised Classification
333,monks-problems-1,556,7,2,class,0,0,0,0,7,0,100,50,50,278,278,,,,,,,0.8162162162,1,1199,weka.ADTree,0.836066,Supervised Classification
333,monks-problems-1,556,7,2,class,0,0,0,0,7,0,100,50,50,278,278,,,,,,,0.8162162162,1,1086,weka.Id3,0.972678,Supervised Classification
333,monks-problems-1,556,7,2,class,0,0,0,0,7,0,100,50,50,278,278,,,,,,,0.8162162162,1,1088,weka.FT,0.983607,Supervised Classification
333,monks-problems-1,556,7,2,class,0,0,0,0,7,0,100,50,50,278,278,,,,,,,0.8162162162,1,1100,weka.HyperPipes,0.770492,Supervised Classification
333,monks-problems-1,556,7,2,class,0,0,0,0,7,0,100,50,50,278,278,,,,,,,0.8162162162,1,1101,weka.InputMappedClassifier_ZeroR,0.486339,Supervised Classification
333,monks-problems-1,556,7,2,class,0,0,0,0,7,0,100,50,50,278,278,,,,,,,0.8162162162,1,1103,weka.VFI,0.770492,Supervised Classification
333,monks-problems-1,556,7,2,class,0,0,0,0,7,0,100,50,50,278,278,,,,,,,0.8162162162,1,1155,weka.FilteredClassifier_Standardize_NaiveBayes,0.770492,Supervised Classification
333,monks-problems-1,556,7,2,class,0,0,0,0,7,0,100,50,50,278,278,,,,,,,0.8162162162,1,1172,weka.LibSVM,0.770492,Supervised Classification
333,monks-problems-1,556,7,2,class,0,0,0,0,7,0,100,50,50,278,278,,,,,,,0.8162162162,1,1197,weka.FURIA,1,Supervised Classification
333,monks-problems-1,556,7,2,class,0,0,0,0,7,0,100,50,50,278,278,,,,,,,0.8162162162,1,1200,weka.LADTree,0.836066,Supervised Classification
333,monks-problems-1,556,7,2,class,0,0,0,0,7,0,100,50,50,278,278,,,,,,,0.8162162162,1,1096,weka.DecisionTable_BestFirst,1,Supervised Classification
333,monks-problems-1,556,7,2,class,0,0,0,0,7,0,100,50,50,278,278,,,,,,,0.8162162162,1,1102,weka.OSDL,0.486339,Supervised Classification
333,monks-problems-1,556,7,2,class,0,0,0,0,7,0,100,50,50,278,278,,,,,,,0.8162162162,1,1114,weka.Logistic,0.770492,Supervised Classification
333,monks-problems-1,556,7,2,class,0,0,0,0,7,0,100,50,50,278,278,,,,,,,0.8162162162,1,1117,weka.RBFClassifier,0.89071,Supervised Classification
333,monks-problems-1,556,7,2,class,0,0,0,0,7,0,100,50,50,278,278,,,,,,,0.8162162162,1,1154,weka.NaiveBayes,0.770492,Supervised Classification
333,monks-problems-1,556,7,2,class,0,0,0,0,7,0,100,50,50,278,278,,,,,,,0.8162162162,1,1244,weka.FilteredClassifier_Discretize_J48,1,Supervised Classification
333,monks-problems-1,556,7,2,class,0,0,0,0,7,0,100,50,50,278,278,,,,,,,0.8162162162,1,1160,weka.AttributeSelectedClassifier_PrincipalComponents_Ranker_J48,0.945355,Supervised Classification
333,monks-problems-1,556,7,2,class,0,0,0,0,7,0,100,50,50,278,278,,,,,,,0.8162162162,1,1163,weka.FilteredClassifier_PrincipalComponents_J48,0.945355,Supervised Classification
333,monks-problems-1,556,7,2,class,0,0,0,0,7,0,100,50,50,278,278,,,,,,,0.8162162162,1,1185,weka.Bagging_REPTree,0.989071,Supervised Classification
333,monks-problems-1,556,7,2,class,0,0,0,0,7,0,100,50,50,278,278,,,,,,,0.8162162162,1,1094,weka.JRip,0.868852,Supervised Classification
333,monks-problems-1,556,7,2,class,0,0,0,0,7,0,100,50,50,278,278,,,,,,,0.8162162162,1,1098,weka.ConjunctiveRule,0.770492,Supervised Classification
333,monks-problems-1,556,7,2,class,0,0,0,0,7,0,100,50,50,278,278,,,,,,,0.8162162162,1,1099,weka.CHIRP,0.513661,Supervised Classification
333,monks-problems-1,556,7,2,class,0,0,0,0,7,0,100,50,50,278,278,,,,,,,0.8162162162,1,1104,weka.IB1,0.786885,Supervised Classification
333,monks-problems-1,556,7,2,class,0,0,0,0,7,0,100,50,50,278,278,,,,,,,0.8162162162,1,1105,weka.IBk,0.983607,Supervised Classification
333,monks-problems-1,556,7,2,class,0,0,0,0,7,0,100,50,50,278,278,,,,,,,0.8162162162,1,1107,weka.LBR,1,Supervised Classification
333,monks-problems-1,556,7,2,class,0,0,0,0,7,0,100,50,50,278,278,,,,,,,0.8162162162,1,1111,weka.KernelLogisticRegression_PolyKernel,0.770492,Supervised Classification
333,monks-problems-1,556,7,2,class,0,0,0,0,7,0,100,50,50,278,278,,,,,,,0.8162162162,1,1120,weka.SGD,0.770492,Supervised Classification
333,monks-problems-1,556,7,2,class,0,0,0,0,7,0,100,50,50,278,278,,,,,,,0.8162162162,1,1090,weka.DecisionStump,0.770492,Supervised Classification
333,monks-problems-1,556,7,2,class,0,0,0,0,7,0,100,50,50,278,278,,,,,,,0.8162162162,1,1091,weka.BFTree,0.912568,Supervised Classification
333,monks-problems-1,556,7,2,class,0,0,0,0,7,0,100,50,50,278,278,,,,,,,0.8162162162,1,1106,weka.KStar,0.983607,Supervised Classification
333,monks-problems-1,556,7,2,class,0,0,0,0,7,0,100,50,50,278,278,,,,,,,0.8162162162,1,1082,weka.LMT,0.972678,Supervised Classification
333,monks-problems-1,556,7,2,class,0,0,0,0,7,0,100,50,50,278,278,,,,,,,0.8162162162,1,1084,weka.J48graft,1,Supervised Classification
333,monks-problems-1,556,7,2,class,0,0,0,0,7,0,100,50,50,278,278,,,,,,,0.8162162162,1,1108,weka.LWL_DecisionStump,0.770492,Supervised Classification
333,monks-problems-1,556,7,2,class,0,0,0,0,7,0,100,50,50,278,278,,,,,,,0.8162162162,1,1186,weka.Dagging_DecisionStump,0.770492,Supervised Classification
333,monks-problems-1,556,7,2,class,0,0,0,0,7,0,100,50,50,278,278,,,,,,,0.8162162162,1,1187,weka.Decorate,0.972678,Supervised Classification
333,monks-problems-1,556,7,2,class,0,0,0,0,7,0,100,50,50,278,278,,,,,,,0.8162162162,1,1188,weka.END_ND_J48,1,Supervised Classification
333,monks-problems-1,556,7,2,class,0,0,0,0,7,0,100,50,50,278,278,,,,,,,0.8162162162,1,1190,weka.Grading_ZeroR,0.486339,Supervised Classification
333,monks-problems-1,556,7,2,class,0,0,0,0,7,0,100,50,50,278,278,,,,,,,0.8162162162,1,1192,weka.MultiBoostAB_DecisionStump,0.770492,Supervised Classification
333,monks-problems-1,556,7,2,class,0,0,0,0,7,0,100,50,50,278,278,,,,,,,0.8162162162,1,1193,weka.RacedIncrementalLogitBoost_DecisionStump,0.486339,Supervised Classification
333,monks-problems-1,556,7,2,class,0,0,0,0,7,0,100,50,50,278,278,,,,,,,0.8162162162,1,1195,weka.RealAdaBoost_DecisionStump,0.770492,Supervised Classification
333,monks-problems-1,556,7,2,class,0,0,0,0,7,0,100,50,50,278,278,,,,,,,0.8162162162,1,1196,weka.RotationForest_PrincipalComponents_J48,1,Supervised Classification
334,monks-problems-2,601,7,2,class,0,0,0,0,7,0,100,65.72379368,34.27620632,395,206,,,,,,,0.44,0.9274373178,1068,weka.J48,0.631313,Supervised Classification
334,monks-problems-2,601,7,2,class,0,0,0,0,7,0,100,65.72379368,34.27620632,395,206,,,,,,,0.44,0.9274373178,1069,weka.ZeroR,0.631313,Supervised Classification
334,monks-problems-2,601,7,2,class,0,0,0,0,7,0,100,65.72379368,34.27620632,395,206,,,,,,,0.44,0.9274373178,1070,weka.Ridor,0.631313,Supervised Classification
334,monks-problems-2,601,7,2,class,0,0,0,0,7,0,100,65.72379368,34.27620632,395,206,,,,,,,0.44,0.9274373178,1071,weka.OneR,0.631313,Supervised Classification
334,monks-problems-2,601,7,2,class,0,0,0,0,7,0,100,65.72379368,34.27620632,395,206,,,,,,,0.44,0.9274373178,1072,weka.Prism,0.732323,Supervised Classification
334,monks-problems-2,601,7,2,class,0,0,0,0,7,0,100,65.72379368,34.27620632,395,206,,,,,,,0.44,0.9274373178,1073,weka.PART,0.813131,Supervised Classification
334,monks-problems-2,601,7,2,class,0,0,0,0,7,0,100,65.72379368,34.27620632,395,206,,,,,,,0.44,0.9274373178,1074,weka.OLM,0.580808,Supervised Classification
334,monks-problems-2,601,7,2,class,0,0,0,0,7,0,100,65.72379368,34.27620632,395,206,,,,,,,0.44,0.9274373178,1080,weka.NBTree,0.60101,Supervised Classification
334,monks-problems-2,601,7,2,class,0,0,0,0,7,0,100,65.72379368,34.27620632,395,206,,,,,,,0.44,0.9274373178,1105,weka.IBk,0.550505,Supervised Classification
334,monks-problems-2,601,7,2,class,0,0,0,0,7,0,100,65.72379368,34.27620632,395,206,,,,,,,0.44,0.9274373178,1191,weka.LogitBoost_DecisionStump,0.585859,Supervised Classification
334,monks-problems-2,601,7,2,class,0,0,0,0,7,0,100,65.72379368,34.27620632,395,206,,,,,,,0.44,0.9274373178,1100,weka.HyperPipes,0.631313,Supervised Classification
334,monks-problems-2,601,7,2,class,0,0,0,0,7,0,100,65.72379368,34.27620632,395,206,,,,,,,0.44,0.9274373178,1160,weka.AttributeSelectedClassifier_PrincipalComponents_Ranker_J48,0.873737,Supervised Classification
334,monks-problems-2,601,7,2,class,0,0,0,0,7,0,100,65.72379368,34.27620632,395,206,,,,,,,0.44,0.9274373178,1168,weka.BayesNet_K2,0.60101,Supervised Classification
334,monks-problems-2,601,7,2,class,0,0,0,0,7,0,100,65.72379368,34.27620632,395,206,,,,,,,0.44,0.9274373178,523,weka.Bagging_J48,0.631313,Supervised Classification
334,monks-problems-2,601,7,2,class,0,0,0,0,7,0,100,65.72379368,34.27620632,395,206,,,,,,,0.44,0.9274373178,523,weka.Bagging_J48,0.611111,Supervised Classification
334,monks-problems-2,601,7,2,class,0,0,0,0,7,0,100,65.72379368,34.27620632,395,206,,,,,,,0.44,0.9274373178,523,weka.Bagging_J48,0.626263,Supervised Classification
334,monks-problems-2,601,7,2,class,0,0,0,0,7,0,100,65.72379368,34.27620632,395,206,,,,,,,0.44,0.9274373178,524,weka.Bagging_JRip,0.60101,Supervised Classification
334,monks-problems-2,601,7,2,class,0,0,0,0,7,0,100,65.72379368,34.27620632,395,206,,,,,,,0.44,0.9274373178,524,weka.Bagging_JRip,0.611111,Supervised Classification
334,monks-problems-2,601,7,2,class,0,0,0,0,7,0,100,65.72379368,34.27620632,395,206,,,,,,,0.44,0.9274373178,611,weka.MultiBoostAB_ADTree,0.69697,Supervised Classification
334,monks-problems-2,601,7,2,class,0,0,0,0,7,0,100,65.72379368,34.27620632,395,206,,,,,,,0.44,0.9274373178,611,weka.MultiBoostAB_ADTree,0.752525,Supervised Classification
334,monks-problems-2,601,7,2,class,0,0,0,0,7,0,100,65.72379368,34.27620632,395,206,,,,,,,0.44,0.9274373178,611,weka.MultiBoostAB_ADTree,0.893939,Supervised Classification
334,monks-problems-2,601,7,2,class,0,0,0,0,7,0,100,65.72379368,34.27620632,395,206,,,,,,,0.44,0.9274373178,611,weka.MultiBoostAB_ADTree,0.924242,Supervised Classification
334,monks-problems-2,601,7,2,class,0,0,0,0,7,0,100,65.72379368,34.27620632,395,206,,,,,,,0.44,0.9274373178,611,weka.MultiBoostAB_ADTree,0.964646,Supervised Classification
334,monks-problems-2,601,7,2,class,0,0,0,0,7,0,100,65.72379368,34.27620632,395,206,,,,,,,0.44,0.9274373178,527,weka.Bagging_LMT,0.732323,Supervised Classification
334,monks-problems-2,601,7,2,class,0,0,0,0,7,0,100,65.72379368,34.27620632,395,206,,,,,,,0.44,0.9274373178,527,weka.Bagging_LMT,0.712121,Supervised Classification
334,monks-problems-2,601,7,2,class,0,0,0,0,7,0,100,65.72379368,34.27620632,395,206,,,,,,,0.44,0.9274373178,527,weka.Bagging_LMT,0.666667,Supervised Classification
334,monks-problems-2,601,7,2,class,0,0,0,0,7,0,100,65.72379368,34.27620632,395,206,,,,,,,0.44,0.9274373178,527,weka.Bagging_LMT,0.691919,Supervised Classification
334,monks-problems-2,601,7,2,class,0,0,0,0,7,0,100,65.72379368,34.27620632,395,206,,,,,,,0.44,0.9274373178,528,weka.Bagging_LWL_DecisionStump,0.631313,Supervised Classification
334,monks-problems-2,601,7,2,class,0,0,0,0,7,0,100,65.72379368,34.27620632,395,206,,,,,,,0.44,0.9274373178,529,weka.Bagging_MultilayerPerceptron,1,Supervised Classification
334,monks-problems-2,601,7,2,class,0,0,0,0,7,0,100,65.72379368,34.27620632,395,206,,,,,,,0.44,0.9274373178,622,weka.RealAdaBoost_RandomTree,0.636364,Supervised Classification
334,monks-problems-2,601,7,2,class,0,0,0,0,7,0,100,65.72379368,34.27620632,395,206,,,,,,,0.44,0.9274373178,506,weka.RotationForest_PrincipalComponents_J48,1,Supervised Classification
334,monks-problems-2,601,7,2,class,0,0,0,0,7,0,100,65.72379368,34.27620632,395,206,,,,,,,0.44,0.9274373178,531,weka.Bagging_OneR,0.631313,Supervised Classification
334,monks-problems-2,601,7,2,class,0,0,0,0,7,0,100,65.72379368,34.27620632,395,206,,,,,,,0.44,0.9274373178,532,weka.Bagging_RandomForest,0.661616,Supervised Classification
334,monks-problems-2,601,7,2,class,0,0,0,0,7,0,100,65.72379368,34.27620632,395,206,,,,,,,0.44,0.9274373178,532,weka.Bagging_RandomForest,0.641414,Supervised Classification
334,monks-problems-2,601,7,2,class,0,0,0,0,7,0,100,65.72379368,34.27620632,395,206,,,,,,,0.44,0.9274373178,532,weka.Bagging_RandomForest,0.656566,Supervised Classification
334,monks-problems-2,601,7,2,class,0,0,0,0,7,0,100,65.72379368,34.27620632,395,206,,,,,,,0.44,0.9274373178,533,weka.Bagging_RandomTree,0.636364,Supervised Classification
334,monks-problems-2,601,7,2,class,0,0,0,0,7,0,100,65.72379368,34.27620632,395,206,,,,,,,0.44,0.9274373178,533,weka.Bagging_RandomTree,0.626263,Supervised Classification
334,monks-problems-2,601,7,2,class,0,0,0,0,7,0,100,65.72379368,34.27620632,395,206,,,,,,,0.44,0.9274373178,533,weka.Bagging_RandomTree,0.651515,Supervised Classification
334,monks-problems-2,601,7,2,class,0,0,0,0,7,0,100,65.72379368,34.27620632,395,206,,,,,,,0.44,0.9274373178,533,weka.Bagging_RandomTree,0.646465,Supervised Classification
334,monks-problems-2,601,7,2,class,0,0,0,0,7,0,100,65.72379368,34.27620632,395,206,,,,,,,0.44,0.9274373178,378,weka.Bagging_REPTree,0.616162,Supervised Classification
334,monks-problems-2,601,7,2,class,0,0,0,0,7,0,100,65.72379368,34.27620632,395,206,,,,,,,0.44,0.9274373178,378,weka.Bagging_REPTree,0.621212,Supervised Classification
334,monks-problems-2,601,7,2,class,0,0,0,0,7,0,100,65.72379368,34.27620632,395,206,,,,,,,0.44,0.9274373178,378,weka.Bagging_REPTree,0.626263,Supervised Classification
334,monks-problems-2,601,7,2,class,0,0,0,0,7,0,100,65.72379368,34.27620632,395,206,,,,,,,0.44,0.9274373178,534,weka.Bagging_SMO_PolyKernel,0.631313,Supervised Classification
334,monks-problems-2,601,7,2,class,0,0,0,0,7,0,100,65.72379368,34.27620632,395,206,,,,,,,0.44,0.9274373178,535,weka.Bagging_SPegasos,0.631313,Supervised Classification
334,monks-problems-2,601,7,2,class,0,0,0,0,7,0,100,65.72379368,34.27620632,395,206,,,,,,,0.44,0.9274373178,675,weka.J48,0.631313,Supervised Classification
334,monks-problems-2,601,7,2,class,0,0,0,0,7,0,100,65.72379368,34.27620632,395,206,,,,,,,0.44,0.9274373178,364,weka.ZeroR,0.631313,Supervised Classification
334,monks-problems-2,601,7,2,class,0,0,0,0,7,0,100,65.72379368,34.27620632,395,206,,,,,,,0.44,0.9274373178,375,weka.OneR,0.631313,Supervised Classification
334,monks-problems-2,601,7,2,class,0,0,0,0,7,0,100,65.72379368,34.27620632,395,206,,,,,,,0.44,0.9274373178,378,weka.Bagging_REPTree,0.636364,Supervised Classification
334,monks-problems-2,601,7,2,class,0,0,0,0,7,0,100,65.72379368,34.27620632,395,206,,,,,,,0.44,0.9274373178,677,weka.Logistic,0.585859,Supervised Classification
334,monks-problems-2,601,7,2,class,0,0,0,0,7,0,100,65.72379368,34.27620632,395,206,,,,,,,0.44,0.9274373178,384,weka.SGD,0.631313,Supervised Classification
334,monks-problems-2,601,7,2,class,0,0,0,0,7,0,100,65.72379368,34.27620632,395,206,,,,,,,0.44,0.9274373178,385,weka.SMO_PolyKernel,0.631313,Supervised Classification
334,monks-problems-2,601,7,2,class,0,0,0,0,7,0,100,65.72379368,34.27620632,395,206,,,,,,,0.44,0.9274373178,387,weka.SMO_RBFKernel,0.631313,Supervised Classification
334,monks-problems-2,601,7,2,class,0,0,0,0,7,0,100,65.72379368,34.27620632,395,206,,,,,,,0.44,0.9274373178,389,weka.IBk,0.69697,Supervised Classification
334,monks-problems-2,601,7,2,class,0,0,0,0,7,0,100,65.72379368,34.27620632,395,206,,,,,,,0.44,0.9274373178,390,weka.JRip,0.59596,Supervised Classification
334,monks-problems-2,601,7,2,class,0,0,0,0,7,0,100,65.72379368,34.27620632,395,206,,,,,,,0.44,0.9274373178,391,weka.RandomForest,0.631313,Supervised Classification
334,monks-problems-2,601,7,2,class,0,0,0,0,7,0,100,65.72379368,34.27620632,395,206,,,,,,,0.44,0.9274373178,394,weka.AdaBoostM1_ADTree,0.853535,Supervised Classification
334,monks-problems-2,601,7,2,class,0,0,0,0,7,0,100,65.72379368,34.27620632,395,206,,,,,,,0.44,0.9274373178,398,weka.AdaBoostM1_BFTree,0.782828,Supervised Classification
334,monks-problems-2,601,7,2,class,0,0,0,0,7,0,100,65.72379368,34.27620632,395,206,,,,,,,0.44,0.9274373178,398,weka.AdaBoostM1_BFTree,0.813131,Supervised Classification
334,monks-problems-2,601,7,2,class,0,0,0,0,7,0,100,65.72379368,34.27620632,395,206,,,,,,,0.44,0.9274373178,398,weka.AdaBoostM1_BFTree,0.833333,Supervised Classification
334,monks-problems-2,601,7,2,class,0,0,0,0,7,0,100,65.72379368,34.27620632,395,206,,,,,,,0.44,0.9274373178,398,weka.AdaBoostM1_BFTree,0.792929,Supervised Classification
334,monks-problems-2,601,7,2,class,0,0,0,0,7,0,100,65.72379368,34.27620632,395,206,,,,,,,0.44,0.9274373178,376,weka.AdaBoostM1_DecisionStump,0.575758,Supervised Classification
334,monks-problems-2,601,7,2,class,0,0,0,0,7,0,100,65.72379368,34.27620632,395,206,,,,,,,0.44,0.9274373178,404,weka.AdaBoostM1_IBk,0.69697,Supervised Classification
334,monks-problems-2,601,7,2,class,0,0,0,0,7,0,100,65.72379368,34.27620632,395,206,,,,,,,0.44,0.9274373178,405,weka.AdaBoostM1_J48,0.666667,Supervised Classification
334,monks-problems-2,601,7,2,class,0,0,0,0,7,0,100,65.72379368,34.27620632,395,206,,,,,,,0.44,0.9274373178,405,weka.AdaBoostM1_J48,0.671717,Supervised Classification
334,monks-problems-2,601,7,2,class,0,0,0,0,7,0,100,65.72379368,34.27620632,395,206,,,,,,,0.44,0.9274373178,405,weka.AdaBoostM1_J48,0.686869,Supervised Classification
334,monks-problems-2,601,7,2,class,0,0,0,0,7,0,100,65.72379368,34.27620632,395,206,,,,,,,0.44,0.9274373178,405,weka.AdaBoostM1_J48,0.681818,Supervised Classification
334,monks-problems-2,601,7,2,class,0,0,0,0,7,0,100,65.72379368,34.27620632,395,206,,,,,,,0.44,0.9274373178,406,weka.AdaBoostM1_JRip,0.661616,Supervised Classification
334,monks-problems-2,601,7,2,class,0,0,0,0,7,0,100,65.72379368,34.27620632,395,206,,,,,,,0.44,0.9274373178,406,weka.AdaBoostM1_JRip,0.747475,Supervised Classification
334,monks-problems-2,601,7,2,class,0,0,0,0,7,0,100,65.72379368,34.27620632,395,206,,,,,,,0.44,0.9274373178,406,weka.AdaBoostM1_JRip,0.787879,Supervised Classification
334,monks-problems-2,601,7,2,class,0,0,0,0,7,0,100,65.72379368,34.27620632,395,206,,,,,,,0.44,0.9274373178,406,weka.AdaBoostM1_JRip,0.80303,Supervised Classification
334,monks-problems-2,601,7,2,class,0,0,0,0,7,0,100,65.72379368,34.27620632,395,206,,,,,,,0.44,0.9274373178,407,weka.AdaBoostM1_LADTree,0.949495,Supervised Classification
334,monks-problems-2,601,7,2,class,0,0,0,0,7,0,100,65.72379368,34.27620632,395,206,,,,,,,0.44,0.9274373178,407,weka.AdaBoostM1_LADTree,0.919192,Supervised Classification
334,monks-problems-2,601,7,2,class,0,0,0,0,7,0,100,65.72379368,34.27620632,395,206,,,,,,,0.44,0.9274373178,407,weka.AdaBoostM1_LADTree,0.914141,Supervised Classification
334,monks-problems-2,601,7,2,class,0,0,0,0,7,0,100,65.72379368,34.27620632,395,206,,,,,,,0.44,0.9274373178,407,weka.AdaBoostM1_LADTree,0.808081,Supervised Classification
334,monks-problems-2,601,7,2,class,0,0,0,0,7,0,100,65.72379368,34.27620632,395,206,,,,,,,0.44,0.9274373178,411,weka.AdaBoostM1_LMT,0.762626,Supervised Classification
334,monks-problems-2,601,7,2,class,0,0,0,0,7,0,100,65.72379368,34.27620632,395,206,,,,,,,0.44,0.9274373178,411,weka.AdaBoostM1_LMT,0.742424,Supervised Classification
334,monks-problems-2,601,7,2,class,0,0,0,0,7,0,100,65.72379368,34.27620632,395,206,,,,,,,0.44,0.9274373178,411,weka.AdaBoostM1_LMT,0.722222,Supervised Classification
334,monks-problems-2,601,7,2,class,0,0,0,0,7,0,100,65.72379368,34.27620632,395,206,,,,,,,0.44,0.9274373178,411,weka.AdaBoostM1_LMT,0.747475,Supervised Classification
334,monks-problems-2,601,7,2,class,0,0,0,0,7,0,100,65.72379368,34.27620632,395,206,,,,,,,0.44,0.9274373178,413,weka.AdaBoostM1_LWL_DecisionStump,0.717172,Supervised Classification
334,monks-problems-2,601,7,2,class,0,0,0,0,7,0,100,65.72379368,34.27620632,395,206,,,,,,,0.44,0.9274373178,413,weka.AdaBoostM1_LWL_DecisionStump,0.69697,Supervised Classification
334,monks-problems-2,601,7,2,class,0,0,0,0,7,0,100,65.72379368,34.27620632,395,206,,,,,,,0.44,0.9274373178,413,weka.AdaBoostM1_LWL_DecisionStump,0.636364,Supervised Classification
334,monks-problems-2,601,7,2,class,0,0,0,0,7,0,100,65.72379368,34.27620632,395,206,,,,,,,0.44,0.9274373178,413,weka.AdaBoostM1_LWL_DecisionStump,0.565657,Supervised Classification
334,monks-problems-2,601,7,2,class,0,0,0,0,7,0,100,65.72379368,34.27620632,395,206,,,,,,,0.44,0.9274373178,417,weka.AdaBoostM1_NaiveBayes,0.60101,Supervised Classification
334,monks-problems-2,601,7,2,class,0,0,0,0,7,0,100,65.72379368,34.27620632,395,206,,,,,,,0.44,0.9274373178,418,weka.AdaBoostM1_OneR,0.621212,Supervised Classification
334,monks-problems-2,601,7,2,class,0,0,0,0,7,0,100,65.72379368,34.27620632,395,206,,,,,,,0.44,0.9274373178,418,weka.AdaBoostM1_OneR,0.585859,Supervised Classification
334,monks-problems-2,601,7,2,class,0,0,0,0,7,0,100,65.72379368,34.27620632,395,206,,,,,,,0.44,0.9274373178,419,weka.AdaBoostM1_RandomForest,0.631313,Supervised Classification
334,monks-problems-2,601,7,2,class,0,0,0,0,7,0,100,65.72379368,34.27620632,395,206,,,,,,,0.44,0.9274373178,420,weka.AdaBoostM1_RandomTree,0.676768,Supervised Classification
334,monks-problems-2,601,7,2,class,0,0,0,0,7,0,100,65.72379368,34.27620632,395,206,,,,,,,0.44,0.9274373178,422,weka.AdaBoostM1_REPTree,0.656566,Supervised Classification
334,monks-problems-2,601,7,2,class,0,0,0,0,7,0,100,65.72379368,34.27620632,395,206,,,,,,,0.44,0.9274373178,422,weka.AdaBoostM1_REPTree,0.616162,Supervised Classification
334,monks-problems-2,601,7,2,class,0,0,0,0,7,0,100,65.72379368,34.27620632,395,206,,,,,,,0.44,0.9274373178,423,weka.AdaBoostM1_SMO_PolyKernel,0.686869,Supervised Classification
334,monks-problems-2,601,7,2,class,0,0,0,0,7,0,100,65.72379368,34.27620632,395,206,,,,,,,0.44,0.9274373178,1075,weka.NNge,0.722222,Supervised Classification
334,monks-problems-2,601,7,2,class,0,0,0,0,7,0,100,65.72379368,34.27620632,395,206,,,,,,,0.44,0.9274373178,1076,weka.SimpleCart,0.79798,Supervised Classification
334,monks-problems-2,601,7,2,class,0,0,0,0,7,0,100,65.72379368,34.27620632,395,206,,,,,,,0.44,0.9274373178,1077,weka.REPTree,0.611111,Supervised Classification
334,monks-problems-2,601,7,2,class,0,0,0,0,7,0,100,65.72379368,34.27620632,395,206,,,,,,,0.44,0.9274373178,1078,weka.RandomTree,0.691919,Supervised Classification
334,monks-problems-2,601,7,2,class,0,0,0,0,7,0,100,65.72379368,34.27620632,395,206,,,,,,,0.44,0.9274373178,1079,weka.RandomForest,0.631313,Supervised Classification
334,monks-problems-2,601,7,2,class,0,0,0,0,7,0,100,65.72379368,34.27620632,395,206,,,,,,,0.44,0.9274373178,1172,weka.LibSVM,0.631313,Supervised Classification
334,monks-problems-2,601,7,2,class,0,0,0,0,7,0,100,65.72379368,34.27620632,395,206,,,,,,,0.44,0.9274373178,1173,weka.HNB,0.666667,Supervised Classification
334,monks-problems-2,601,7,2,class,0,0,0,0,7,0,100,65.72379368,34.27620632,395,206,,,,,,,0.44,0.9274373178,1174,weka.KernelLogisticRegression_RBFKernel,0.69697,Supervised Classification
334,monks-problems-2,601,7,2,class,0,0,0,0,7,0,100,65.72379368,34.27620632,395,206,,,,,,,0.44,0.9274373178,1112,weka.LibLINEAR,0.60101,Supervised Classification
334,monks-problems-2,601,7,2,class,0,0,0,0,7,0,100,65.72379368,34.27620632,395,206,,,,,,,0.44,0.9274373178,1177,weka.SimpleLogistic,0.631313,Supervised Classification
334,monks-problems-2,601,7,2,class,0,0,0,0,7,0,100,65.72379368,34.27620632,395,206,,,,,,,0.44,0.9274373178,1178,weka.SMO_PolyKernel,0.631313,Supervised Classification
334,monks-problems-2,601,7,2,class,0,0,0,0,7,0,100,65.72379368,34.27620632,395,206,,,,,,,0.44,0.9274373178,1179,weka.SMO_RBFKernel,0.631313,Supervised Classification
334,monks-problems-2,601,7,2,class,0,0,0,0,7,0,100,65.72379368,34.27620632,395,206,,,,,,,0.44,0.9274373178,1180,weka.SPegasos,0.631313,Supervised Classification
334,monks-problems-2,601,7,2,class,0,0,0,0,7,0,100,65.72379368,34.27620632,395,206,,,,,,,0.44,0.9274373178,1181,weka.Winnow,0.570707,Supervised Classification
334,monks-problems-2,601,7,2,class,0,0,0,0,7,0,100,65.72379368,34.27620632,395,206,,,,,,,0.44,0.9274373178,1182,weka.AdaBoostM1_DecisionStump,0.59596,Supervised Classification
334,monks-problems-2,601,7,2,class,0,0,0,0,7,0,100,65.72379368,34.27620632,395,206,,,,,,,0.44,0.9274373178,1182,weka.AdaBoostM1_DecisionStump,0.580808,Supervised Classification
334,monks-problems-2,601,7,2,class,0,0,0,0,7,0,100,65.72379368,34.27620632,395,206,,,,,,,0.44,0.9274373178,1182,weka.AdaBoostM1_DecisionStump,0.575758,Supervised Classification
334,monks-problems-2,601,7,2,class,0,0,0,0,7,0,100,65.72379368,34.27620632,395,206,,,,,,,0.44,0.9274373178,1183,weka.AttributeSelectedClassifier_CfsSubsetEval_BestFirst_J48,0.631313,Supervised Classification
334,monks-problems-2,601,7,2,class,0,0,0,0,7,0,100,65.72379368,34.27620632,395,206,,,,,,,0.44,0.9274373178,1194,weka.RandomSubSpace_REPTree,0.631313,Supervised Classification
334,monks-problems-2,601,7,2,class,0,0,0,0,7,0,100,65.72379368,34.27620632,395,206,,,,,,,0.44,0.9274373178,1199,weka.ADTree,0.686869,Supervised Classification
334,monks-problems-2,601,7,2,class,0,0,0,0,7,0,100,65.72379368,34.27620632,395,206,,,,,,,0.44,0.9274373178,1084,weka.J48graft,0.631313,Supervised Classification
334,monks-problems-2,601,7,2,class,0,0,0,0,7,0,100,65.72379368,34.27620632,395,206,,,,,,,0.44,0.9274373178,1086,weka.Id3,0.656566,Supervised Classification
334,monks-problems-2,601,7,2,class,0,0,0,0,7,0,100,65.72379368,34.27620632,395,206,,,,,,,0.44,0.9274373178,1087,weka.HoeffdingTree,0.631313,Supervised Classification
334,monks-problems-2,601,7,2,class,0,0,0,0,7,0,100,65.72379368,34.27620632,395,206,,,,,,,0.44,0.9274373178,1091,weka.BFTree,0.843434,Supervised Classification
334,monks-problems-2,601,7,2,class,0,0,0,0,7,0,100,65.72379368,34.27620632,395,206,,,,,,,0.44,0.9274373178,1095,weka.DTNB,0.752525,Supervised Classification
334,monks-problems-2,601,7,2,class,0,0,0,0,7,0,100,65.72379368,34.27620632,395,206,,,,,,,0.44,0.9274373178,1102,weka.OSDL,0.737374,Supervised Classification
334,monks-problems-2,601,7,2,class,0,0,0,0,7,0,100,65.72379368,34.27620632,395,206,,,,,,,0.44,0.9274373178,1103,weka.VFI,0.530303,Supervised Classification
334,monks-problems-2,601,7,2,class,0,0,0,0,7,0,100,65.72379368,34.27620632,395,206,,,,,,,0.44,0.9274373178,1104,weka.IB1,0.742424,Supervised Classification
334,monks-problems-2,601,7,2,class,0,0,0,0,7,0,100,65.72379368,34.27620632,395,206,,,,,,,0.44,0.9274373178,1105,weka.IBk,0.69697,Supervised Classification
334,monks-problems-2,601,7,2,class,0,0,0,0,7,0,100,65.72379368,34.27620632,395,206,,,,,,,0.44,0.9274373178,1107,weka.LBR,0.60101,Supervised Classification
334,monks-problems-2,601,7,2,class,0,0,0,0,7,0,100,65.72379368,34.27620632,395,206,,,,,,,0.44,0.9274373178,1154,weka.NaiveBayes,0.60101,Supervised Classification
334,monks-problems-2,601,7,2,class,0,0,0,0,7,0,100,65.72379368,34.27620632,395,206,,,,,,,0.44,0.9274373178,1185,weka.Bagging_REPTree,0.636364,Supervised Classification
334,monks-problems-2,601,7,2,class,0,0,0,0,7,0,100,65.72379368,34.27620632,395,206,,,,,,,0.44,0.9274373178,1185,weka.Bagging_REPTree,0.616162,Supervised Classification
334,monks-problems-2,601,7,2,class,0,0,0,0,7,0,100,65.72379368,34.27620632,395,206,,,,,,,0.44,0.9274373178,1185,weka.Bagging_REPTree,0.621212,Supervised Classification
334,monks-problems-2,601,7,2,class,0,0,0,0,7,0,100,65.72379368,34.27620632,395,206,,,,,,,0.44,0.9274373178,1185,weka.Bagging_REPTree,0.626263,Supervised Classification
334,monks-problems-2,601,7,2,class,0,0,0,0,7,0,100,65.72379368,34.27620632,395,206,,,,,,,0.44,0.9274373178,1200,weka.LADTree,0.666667,Supervised Classification
334,monks-problems-2,601,7,2,class,0,0,0,0,7,0,100,65.72379368,34.27620632,395,206,,,,,,,0.44,0.9274373178,1082,weka.LMT,0.717172,Supervised Classification
334,monks-problems-2,601,7,2,class,0,0,0,0,7,0,100,65.72379368,34.27620632,395,206,,,,,,,0.44,0.9274373178,1090,weka.DecisionStump,0.631313,Supervised Classification
334,monks-problems-2,601,7,2,class,0,0,0,0,7,0,100,65.72379368,34.27620632,395,206,,,,,,,0.44,0.9274373178,1096,weka.DecisionTable_BestFirst,0.631313,Supervised Classification
334,monks-problems-2,601,7,2,class,0,0,0,0,7,0,100,65.72379368,34.27620632,395,206,,,,,,,0.44,0.9274373178,1098,weka.ConjunctiveRule,0.631313,Supervised Classification
334,monks-problems-2,601,7,2,class,0,0,0,0,7,0,100,65.72379368,34.27620632,395,206,,,,,,,0.44,0.9274373178,1101,weka.InputMappedClassifier_ZeroR,0.631313,Supervised Classification
334,monks-problems-2,601,7,2,class,0,0,0,0,7,0,100,65.72379368,34.27620632,395,206,,,,,,,0.44,0.9274373178,1114,weka.Logistic,0.585859,Supervised Classification
334,monks-problems-2,601,7,2,class,0,0,0,0,7,0,100,65.72379368,34.27620632,395,206,,,,,,,0.44,0.9274373178,1117,weka.RBFClassifier,0.631313,Supervised Classification
334,monks-problems-2,601,7,2,class,0,0,0,0,7,0,100,65.72379368,34.27620632,395,206,,,,,,,0.44,0.9274373178,1155,weka.FilteredClassifier_Standardize_NaiveBayes,0.60101,Supervised Classification
334,monks-problems-2,601,7,2,class,0,0,0,0,7,0,100,65.72379368,34.27620632,395,206,,,,,,,0.44,0.9274373178,1244,weka.FilteredClassifier_Discretize_J48,0.631313,Supervised Classification
334,monks-problems-2,601,7,2,class,0,0,0,0,7,0,100,65.72379368,34.27620632,395,206,,,,,,,0.44,0.9274373178,1163,weka.FilteredClassifier_PrincipalComponents_J48,0.873737,Supervised Classification
334,monks-problems-2,601,7,2,class,0,0,0,0,7,0,100,65.72379368,34.27620632,395,206,,,,,,,0.44,0.9274373178,1191,weka.LogitBoost_DecisionStump,0.59596,Supervised Classification
334,monks-problems-2,601,7,2,class,0,0,0,0,7,0,100,65.72379368,34.27620632,395,206,,,,,,,0.44,0.9274373178,1094,weka.JRip,0.59596,Supervised Classification
334,monks-problems-2,601,7,2,class,0,0,0,0,7,0,100,65.72379368,34.27620632,395,206,,,,,,,0.44,0.9274373178,1099,weka.CHIRP,0.631313,Supervised Classification
334,monks-problems-2,601,7,2,class,0,0,0,0,7,0,100,65.72379368,34.27620632,395,206,,,,,,,0.44,0.9274373178,1111,weka.KernelLogisticRegression_PolyKernel,0.585859,Supervised Classification
334,monks-problems-2,601,7,2,class,0,0,0,0,7,0,100,65.72379368,34.27620632,395,206,,,,,,,0.44,0.9274373178,1197,weka.FURIA,0.631313,Supervised Classification
334,monks-problems-2,601,7,2,class,0,0,0,0,7,0,100,65.72379368,34.27620632,395,206,,,,,,,0.44,0.9274373178,1120,weka.SGD,0.631313,Supervised Classification
334,monks-problems-2,601,7,2,class,0,0,0,0,7,0,100,65.72379368,34.27620632,395,206,,,,,,,0.44,0.9274373178,1088,weka.FT,0.772727,Supervised Classification
334,monks-problems-2,601,7,2,class,0,0,0,0,7,0,100,65.72379368,34.27620632,395,206,,,,,,,0.44,0.9274373178,1106,weka.KStar,0.737374,Supervised Classification
334,monks-problems-2,601,7,2,class,0,0,0,0,7,0,100,65.72379368,34.27620632,395,206,,,,,,,0.44,0.9274373178,1165,weka.A1DE,0.636364,Supervised Classification
334,monks-problems-2,601,7,2,class,0,0,0,0,7,0,100,65.72379368,34.27620632,395,206,,,,,,,0.44,0.9274373178,1108,weka.LWL_DecisionStump,0.631313,Supervised Classification
334,monks-problems-2,601,7,2,class,0,0,0,0,7,0,100,65.72379368,34.27620632,395,206,,,,,,,0.44,0.9274373178,1186,weka.Dagging_DecisionStump,0.631313,Supervised Classification
334,monks-problems-2,601,7,2,class,0,0,0,0,7,0,100,65.72379368,34.27620632,395,206,,,,,,,0.44,0.9274373178,1187,weka.Decorate,0.671717,Supervised Classification
334,monks-problems-2,601,7,2,class,0,0,0,0,7,0,100,65.72379368,34.27620632,395,206,,,,,,,0.44,0.9274373178,1188,weka.END_ND_J48,0.631313,Supervised Classification
334,monks-problems-2,601,7,2,class,0,0,0,0,7,0,100,65.72379368,34.27620632,395,206,,,,,,,0.44,0.9274373178,1190,weka.Grading_ZeroR,0.631313,Supervised Classification
334,monks-problems-2,601,7,2,class,0,0,0,0,7,0,100,65.72379368,34.27620632,395,206,,,,,,,0.44,0.9274373178,1192,weka.MultiBoostAB_DecisionStump,0.631313,Supervised Classification
334,monks-problems-2,601,7,2,class,0,0,0,0,7,0,100,65.72379368,34.27620632,395,206,,,,,,,0.44,0.9274373178,1192,weka.MultiBoostAB_DecisionStump,0.611111,Supervised Classification
334,monks-problems-2,601,7,2,class,0,0,0,0,7,0,100,65.72379368,34.27620632,395,206,,,,,,,0.44,0.9274373178,1192,weka.MultiBoostAB_DecisionStump,0.59596,Supervised Classification
334,monks-problems-2,601,7,2,class,0,0,0,0,7,0,100,65.72379368,34.27620632,395,206,,,,,,,0.44,0.9274373178,1192,weka.MultiBoostAB_DecisionStump,0.590909,Supervised Classification
334,monks-problems-2,601,7,2,class,0,0,0,0,7,0,100,65.72379368,34.27620632,395,206,,,,,,,0.44,0.9274373178,1193,weka.RacedIncrementalLogitBoost_DecisionStump,0.631313,Supervised Classification
334,monks-problems-2,601,7,2,class,0,0,0,0,7,0,100,65.72379368,34.27620632,395,206,,,,,,,0.44,0.9274373178,1195,weka.RealAdaBoost_DecisionStump,0.585859,Supervised Classification
334,monks-problems-2,601,7,2,class,0,0,0,0,7,0,100,65.72379368,34.27620632,395,206,,,,,,,0.44,0.9274373178,1195,weka.RealAdaBoost_DecisionStump,0.575758,Supervised Classification
334,monks-problems-2,601,7,2,class,0,0,0,0,7,0,100,65.72379368,34.27620632,395,206,,,,,,,0.44,0.9274373178,1196,weka.RotationForest_PrincipalComponents_J48,0.949495,Supervised Classification
334,monks-problems-2,601,7,2,class,0,0,0,0,7,0,100,65.72379368,34.27620632,395,206,,,,,,,0.44,0.9274373178,1196,weka.RotationForest_PrincipalComponents_J48,1,Supervised Classification
335,monks-problems-3,554,7,2,class,0,0,0,0,7,0,100,51.98555957,48.01444043,288,266,,,,,,,0.7703435805,0.9988621511,423,weka.AdaBoostM1_SMO_PolyKernel,0.978022,Supervised Classification
335,monks-problems-3,554,7,2,class,0,0,0,0,7,0,100,51.98555957,48.01444043,288,266,,,,,,,0.7703435805,0.9988621511,1068,weka.J48,0.994505,Supervised Classification
335,monks-problems-3,554,7,2,class,0,0,0,0,7,0,100,51.98555957,48.01444043,288,266,,,,,,,0.7703435805,0.9988621511,1069,weka.ZeroR,0.417582,Supervised Classification
335,monks-problems-3,554,7,2,class,0,0,0,0,7,0,100,51.98555957,48.01444043,288,266,,,,,,,0.7703435805,0.9988621511,1070,weka.Ridor,0.862637,Supervised Classification
335,monks-problems-3,554,7,2,class,0,0,0,0,7,0,100,51.98555957,48.01444043,288,266,,,,,,,0.7703435805,0.9988621511,1071,weka.OneR,0.82967,Supervised Classification
335,monks-problems-3,554,7,2,class,0,0,0,0,7,0,100,51.98555957,48.01444043,288,266,,,,,,,0.7703435805,0.9988621511,1072,weka.Prism,0.967033,Supervised Classification
335,monks-problems-3,554,7,2,class,0,0,0,0,7,0,100,51.98555957,48.01444043,288,266,,,,,,,0.7703435805,0.9988621511,1073,weka.PART,0.994505,Supervised Classification
335,monks-problems-3,554,7,2,class,0,0,0,0,7,0,100,51.98555957,48.01444043,288,266,,,,,,,0.7703435805,0.9988621511,1074,weka.OLM,0.456044,Supervised Classification
335,monks-problems-3,554,7,2,class,0,0,0,0,7,0,100,51.98555957,48.01444043,288,266,,,,,,,0.7703435805,0.9988621511,1182,weka.AdaBoostM1_DecisionStump,0.961538,Supervised Classification
335,monks-problems-3,554,7,2,class,0,0,0,0,7,0,100,51.98555957,48.01444043,288,266,,,,,,,0.7703435805,0.9988621511,1191,weka.LogitBoost_DecisionStump,0.978022,Supervised Classification
335,monks-problems-3,554,7,2,class,0,0,0,0,7,0,100,51.98555957,48.01444043,288,266,,,,,,,0.7703435805,0.9988621511,1200,weka.LADTree,0.994505,Supervised Classification
335,monks-problems-3,554,7,2,class,0,0,0,0,7,0,100,51.98555957,48.01444043,288,266,,,,,,,0.7703435805,0.9988621511,1086,weka.Id3,0.961538,Supervised Classification
335,monks-problems-3,554,7,2,class,0,0,0,0,7,0,100,51.98555957,48.01444043,288,266,,,,,,,0.7703435805,0.9988621511,1101,weka.InputMappedClassifier_ZeroR,0.417582,Supervised Classification
335,monks-problems-3,554,7,2,class,0,0,0,0,7,0,100,51.98555957,48.01444043,288,266,,,,,,,0.7703435805,0.9988621511,1197,weka.FURIA,0.994505,Supervised Classification
335,monks-problems-3,554,7,2,class,0,0,0,0,7,0,100,51.98555957,48.01444043,288,266,,,,,,,0.7703435805,0.9988621511,1165,weka.A1DE,0.967033,Supervised Classification
335,monks-problems-3,554,7,2,class,0,0,0,0,7,0,100,51.98555957,48.01444043,288,266,,,,,,,0.7703435805,0.9988621511,1080,weka.NBTree,0.994505,Supervised Classification
335,monks-problems-3,554,7,2,class,0,0,0,0,7,0,100,51.98555957,48.01444043,288,266,,,,,,,0.7703435805,0.9988621511,1168,weka.BayesNet_K2,0.961538,Supervised Classification
335,monks-problems-3,554,7,2,class,0,0,0,0,7,0,100,51.98555957,48.01444043,288,266,,,,,,,0.7703435805,0.9988621511,523,weka.Bagging_J48,0.994505,Supervised Classification
335,monks-problems-3,554,7,2,class,0,0,0,0,7,0,100,51.98555957,48.01444043,288,266,,,,,,,0.7703435805,0.9988621511,524,weka.Bagging_JRip,0.994505,Supervised Classification
335,monks-problems-3,554,7,2,class,0,0,0,0,7,0,100,51.98555957,48.01444043,288,266,,,,,,,0.7703435805,0.9988621511,611,weka.MultiBoostAB_ADTree,0.994505,Supervised Classification
335,monks-problems-3,554,7,2,class,0,0,0,0,7,0,100,51.98555957,48.01444043,288,266,,,,,,,0.7703435805,0.9988621511,611,weka.MultiBoostAB_ADTree,0.989011,Supervised Classification
335,monks-problems-3,554,7,2,class,0,0,0,0,7,0,100,51.98555957,48.01444043,288,266,,,,,,,0.7703435805,0.9988621511,611,weka.MultiBoostAB_ADTree,0.983516,Supervised Classification
335,monks-problems-3,554,7,2,class,0,0,0,0,7,0,100,51.98555957,48.01444043,288,266,,,,,,,0.7703435805,0.9988621511,527,weka.Bagging_LMT,0.994505,Supervised Classification
335,monks-problems-3,554,7,2,class,0,0,0,0,7,0,100,51.98555957,48.01444043,288,266,,,,,,,0.7703435805,0.9988621511,528,weka.Bagging_LWL_DecisionStump,0.961538,Supervised Classification
335,monks-problems-3,554,7,2,class,0,0,0,0,7,0,100,51.98555957,48.01444043,288,266,,,,,,,0.7703435805,0.9988621511,613,weka.MultiBoostAB_SPegasos,0.994505,Supervised Classification
335,monks-problems-3,554,7,2,class,0,0,0,0,7,0,100,51.98555957,48.01444043,288,266,,,,,,,0.7703435805,0.9988621511,529,weka.Bagging_MultilayerPerceptron,0.994505,Supervised Classification
335,monks-problems-3,554,7,2,class,0,0,0,0,7,0,100,51.98555957,48.01444043,288,266,,,,,,,0.7703435805,0.9988621511,622,weka.RealAdaBoost_RandomTree,0.983516,Supervised Classification
335,monks-problems-3,554,7,2,class,0,0,0,0,7,0,100,51.98555957,48.01444043,288,266,,,,,,,0.7703435805,0.9988621511,531,weka.Bagging_OneR,0.82967,Supervised Classification
335,monks-problems-3,554,7,2,class,0,0,0,0,7,0,100,51.98555957,48.01444043,288,266,,,,,,,0.7703435805,0.9988621511,532,weka.Bagging_RandomForest,0.994505,Supervised Classification
335,monks-problems-3,554,7,2,class,0,0,0,0,7,0,100,51.98555957,48.01444043,288,266,,,,,,,0.7703435805,0.9988621511,533,weka.Bagging_RandomTree,0.989011,Supervised Classification
335,monks-problems-3,554,7,2,class,0,0,0,0,7,0,100,51.98555957,48.01444043,288,266,,,,,,,0.7703435805,0.9988621511,533,weka.Bagging_RandomTree,0.978022,Supervised Classification
335,monks-problems-3,554,7,2,class,0,0,0,0,7,0,100,51.98555957,48.01444043,288,266,,,,,,,0.7703435805,0.9988621511,378,weka.Bagging_REPTree,0.994505,Supervised Classification
335,monks-problems-3,554,7,2,class,0,0,0,0,7,0,100,51.98555957,48.01444043,288,266,,,,,,,0.7703435805,0.9988621511,534,weka.Bagging_SMO_PolyKernel,0.961538,Supervised Classification
335,monks-problems-3,554,7,2,class,0,0,0,0,7,0,100,51.98555957,48.01444043,288,266,,,,,,,0.7703435805,0.9988621511,563,weka.NaiveBayesUpdateable,0.961538,Supervised Classification
335,monks-problems-3,554,7,2,class,0,0,0,0,7,0,100,51.98555957,48.01444043,288,266,,,,,,,0.7703435805,0.9988621511,375,weka.OneR,0.82967,Supervised Classification
335,monks-problems-3,554,7,2,class,0,0,0,0,7,0,100,51.98555957,48.01444043,288,266,,,,,,,0.7703435805,0.9988621511,376,weka.AdaBoostM1_DecisionStump,0.961538,Supervised Classification
335,monks-problems-3,554,7,2,class,0,0,0,0,7,0,100,51.98555957,48.01444043,288,266,,,,,,,0.7703435805,0.9988621511,677,weka.Logistic,0.978022,Supervised Classification
335,monks-problems-3,554,7,2,class,0,0,0,0,7,0,100,51.98555957,48.01444043,288,266,,,,,,,0.7703435805,0.9988621511,384,weka.SGD,0.994505,Supervised Classification
335,monks-problems-3,554,7,2,class,0,0,0,0,7,0,100,51.98555957,48.01444043,288,266,,,,,,,0.7703435805,0.9988621511,385,weka.SMO_PolyKernel,0.961538,Supervised Classification
335,monks-problems-3,554,7,2,class,0,0,0,0,7,0,100,51.98555957,48.01444043,288,266,,,,,,,0.7703435805,0.9988621511,387,weka.SMO_RBFKernel,0.961538,Supervised Classification
335,monks-problems-3,554,7,2,class,0,0,0,0,7,0,100,51.98555957,48.01444043,288,266,,,,,,,0.7703435805,0.9988621511,389,weka.IBk,0.972527,Supervised Classification
335,monks-problems-3,554,7,2,class,0,0,0,0,7,0,100,51.98555957,48.01444043,288,266,,,,,,,0.7703435805,0.9988621511,390,weka.JRip,0.994505,Supervised Classification
335,monks-problems-3,554,7,2,class,0,0,0,0,7,0,100,51.98555957,48.01444043,288,266,,,,,,,0.7703435805,0.9988621511,391,weka.RandomForest,0.989011,Supervised Classification
335,monks-problems-3,554,7,2,class,0,0,0,0,7,0,100,51.98555957,48.01444043,288,266,,,,,,,0.7703435805,0.9988621511,394,weka.AdaBoostM1_ADTree,0.994505,Supervised Classification
335,monks-problems-3,554,7,2,class,0,0,0,0,7,0,100,51.98555957,48.01444043,288,266,,,,,,,0.7703435805,0.9988621511,398,weka.AdaBoostM1_BFTree,0.978022,Supervised Classification
335,monks-problems-3,554,7,2,class,0,0,0,0,7,0,100,51.98555957,48.01444043,288,266,,,,,,,0.7703435805,0.9988621511,398,weka.AdaBoostM1_BFTree,0.983516,Supervised Classification
335,monks-problems-3,554,7,2,class,0,0,0,0,7,0,100,51.98555957,48.01444043,288,266,,,,,,,0.7703435805,0.9988621511,404,weka.AdaBoostM1_IBk,0.950549,Supervised Classification
335,monks-problems-3,554,7,2,class,0,0,0,0,7,0,100,51.98555957,48.01444043,288,266,,,,,,,0.7703435805,0.9988621511,405,weka.AdaBoostM1_J48,0.989011,Supervised Classification
335,monks-problems-3,554,7,2,class,0,0,0,0,7,0,100,51.98555957,48.01444043,288,266,,,,,,,0.7703435805,0.9988621511,406,weka.AdaBoostM1_JRip,0.994505,Supervised Classification
335,monks-problems-3,554,7,2,class,0,0,0,0,7,0,100,51.98555957,48.01444043,288,266,,,,,,,0.7703435805,0.9988621511,407,weka.AdaBoostM1_LADTree,0.978022,Supervised Classification
335,monks-problems-3,554,7,2,class,0,0,0,0,7,0,100,51.98555957,48.01444043,288,266,,,,,,,0.7703435805,0.9988621511,411,weka.AdaBoostM1_LMT,0.983516,Supervised Classification
335,monks-problems-3,554,7,2,class,0,0,0,0,7,0,100,51.98555957,48.01444043,288,266,,,,,,,0.7703435805,0.9988621511,413,weka.AdaBoostM1_LWL_DecisionStump,0.989011,Supervised Classification
335,monks-problems-3,554,7,2,class,0,0,0,0,7,0,100,51.98555957,48.01444043,288,266,,,,,,,0.7703435805,0.9988621511,417,weka.AdaBoostM1_NaiveBayes,0.967033,Supervised Classification
335,monks-problems-3,554,7,2,class,0,0,0,0,7,0,100,51.98555957,48.01444043,288,266,,,,,,,0.7703435805,0.9988621511,418,weka.AdaBoostM1_OneR,0.961538,Supervised Classification
335,monks-problems-3,554,7,2,class,0,0,0,0,7,0,100,51.98555957,48.01444043,288,266,,,,,,,0.7703435805,0.9988621511,419,weka.AdaBoostM1_RandomForest,0.989011,Supervised Classification
335,monks-problems-3,554,7,2,class,0,0,0,0,7,0,100,51.98555957,48.01444043,288,266,,,,,,,0.7703435805,0.9988621511,420,weka.AdaBoostM1_RandomTree,0.983516,Supervised Classification
335,monks-problems-3,554,7,2,class,0,0,0,0,7,0,100,51.98555957,48.01444043,288,266,,,,,,,0.7703435805,0.9988621511,420,weka.AdaBoostM1_RandomTree,0.989011,Supervised Classification
335,monks-problems-3,554,7,2,class,0,0,0,0,7,0,100,51.98555957,48.01444043,288,266,,,,,,,0.7703435805,0.9988621511,422,weka.AdaBoostM1_REPTree,0.989011,Supervised Classification
335,monks-problems-3,554,7,2,class,0,0,0,0,7,0,100,51.98555957,48.01444043,288,266,,,,,,,0.7703435805,0.9988621511,423,weka.AdaBoostM1_SMO_PolyKernel,0.983516,Supervised Classification
335,monks-problems-3,554,7,2,class,0,0,0,0,7,0,100,51.98555957,48.01444043,288,266,,,,,,,0.7703435805,0.9988621511,1075,weka.NNge,0.983516,Supervised Classification
335,monks-problems-3,554,7,2,class,0,0,0,0,7,0,100,51.98555957,48.01444043,288,266,,,,,,,0.7703435805,0.9988621511,1076,weka.SimpleCart,0.994505,Supervised Classification
335,monks-problems-3,554,7,2,class,0,0,0,0,7,0,100,51.98555957,48.01444043,288,266,,,,,,,0.7703435805,0.9988621511,1077,weka.REPTree,0.994505,Supervised Classification
335,monks-problems-3,554,7,2,class,0,0,0,0,7,0,100,51.98555957,48.01444043,288,266,,,,,,,0.7703435805,0.9988621511,1078,weka.RandomTree,0.906593,Supervised Classification
335,monks-problems-3,554,7,2,class,0,0,0,0,7,0,100,51.98555957,48.01444043,288,266,,,,,,,0.7703435805,0.9988621511,1079,weka.RandomForest,0.989011,Supervised Classification
335,monks-problems-3,554,7,2,class,0,0,0,0,7,0,100,51.98555957,48.01444043,288,266,,,,,,,0.7703435805,0.9988621511,1173,weka.HNB,0.994505,Supervised Classification
335,monks-problems-3,554,7,2,class,0,0,0,0,7,0,100,51.98555957,48.01444043,288,266,,,,,,,0.7703435805,0.9988621511,1174,weka.KernelLogisticRegression_RBFKernel,0.989011,Supervised Classification
335,monks-problems-3,554,7,2,class,0,0,0,0,7,0,100,51.98555957,48.01444043,288,266,,,,,,,0.7703435805,0.9988621511,1112,weka.LibLINEAR,0.961538,Supervised Classification
335,monks-problems-3,554,7,2,class,0,0,0,0,7,0,100,51.98555957,48.01444043,288,266,,,,,,,0.7703435805,0.9988621511,1177,weka.SimpleLogistic,0.961538,Supervised Classification
335,monks-problems-3,554,7,2,class,0,0,0,0,7,0,100,51.98555957,48.01444043,288,266,,,,,,,0.7703435805,0.9988621511,1178,weka.SMO_PolyKernel,0.961538,Supervised Classification
335,monks-problems-3,554,7,2,class,0,0,0,0,7,0,100,51.98555957,48.01444043,288,266,,,,,,,0.7703435805,0.9988621511,1179,weka.SMO_RBFKernel,0.961538,Supervised Classification
335,monks-problems-3,554,7,2,class,0,0,0,0,7,0,100,51.98555957,48.01444043,288,266,,,,,,,0.7703435805,0.9988621511,1180,weka.SPegasos,0.994505,Supervised Classification
335,monks-problems-3,554,7,2,class,0,0,0,0,7,0,100,51.98555957,48.01444043,288,266,,,,,,,0.7703435805,0.9988621511,1181,weka.Winnow,0.961538,Supervised Classification
335,monks-problems-3,554,7,2,class,0,0,0,0,7,0,100,51.98555957,48.01444043,288,266,,,,,,,0.7703435805,0.9988621511,1105,weka.IBk,0.972527,Supervised Classification
335,monks-problems-3,554,7,2,class,0,0,0,0,7,0,100,51.98555957,48.01444043,288,266,,,,,,,0.7703435805,0.9988621511,1183,weka.AttributeSelectedClassifier_CfsSubsetEval_BestFirst_J48,0.961538,Supervised Classification
335,monks-problems-3,554,7,2,class,0,0,0,0,7,0,100,51.98555957,48.01444043,288,266,,,,,,,0.7703435805,0.9988621511,1185,weka.Bagging_REPTree,0.994505,Supervised Classification
335,monks-problems-3,554,7,2,class,0,0,0,0,7,0,100,51.98555957,48.01444043,288,266,,,,,,,0.7703435805,0.9988621511,1191,weka.LogitBoost_DecisionStump,0.961538,Supervised Classification
335,monks-problems-3,554,7,2,class,0,0,0,0,7,0,100,51.98555957,48.01444043,288,266,,,,,,,0.7703435805,0.9988621511,1194,weka.RandomSubSpace_REPTree,0.82967,Supervised Classification
335,monks-problems-3,554,7,2,class,0,0,0,0,7,0,100,51.98555957,48.01444043,288,266,,,,,,,0.7703435805,0.9988621511,1087,weka.HoeffdingTree,0.961538,Supervised Classification
335,monks-problems-3,554,7,2,class,0,0,0,0,7,0,100,51.98555957,48.01444043,288,266,,,,,,,0.7703435805,0.9988621511,1088,weka.FT,0.994505,Supervised Classification
335,monks-problems-3,554,7,2,class,0,0,0,0,7,0,100,51.98555957,48.01444043,288,266,,,,,,,0.7703435805,0.9988621511,1096,weka.DecisionTable_BestFirst,0.994505,Supervised Classification
335,monks-problems-3,554,7,2,class,0,0,0,0,7,0,100,51.98555957,48.01444043,288,266,,,,,,,0.7703435805,0.9988621511,1100,weka.HyperPipes,0.417582,Supervised Classification
335,monks-problems-3,554,7,2,class,0,0,0,0,7,0,100,51.98555957,48.01444043,288,266,,,,,,,0.7703435805,0.9988621511,1104,weka.IB1,0.835165,Supervised Classification
335,monks-problems-3,554,7,2,class,0,0,0,0,7,0,100,51.98555957,48.01444043,288,266,,,,,,,0.7703435805,0.9988621511,1194,weka.RandomSubSpace_REPTree,0.961538,Supervised Classification
335,monks-problems-3,554,7,2,class,0,0,0,0,7,0,100,51.98555957,48.01444043,288,266,,,,,,,0.7703435805,0.9988621511,1084,weka.J48graft,0.994505,Supervised Classification
335,monks-problems-3,554,7,2,class,0,0,0,0,7,0,100,51.98555957,48.01444043,288,266,,,,,,,0.7703435805,0.9988621511,1090,weka.DecisionStump,0.763736,Supervised Classification
335,monks-problems-3,554,7,2,class,0,0,0,0,7,0,100,51.98555957,48.01444043,288,266,,,,,,,0.7703435805,0.9988621511,1199,weka.ADTree,0.994505,Supervised Classification
335,monks-problems-3,554,7,2,class,0,0,0,0,7,0,100,51.98555957,48.01444043,288,266,,,,,,,0.7703435805,0.9988621511,1094,weka.JRip,0.994505,Supervised Classification
335,monks-problems-3,554,7,2,class,0,0,0,0,7,0,100,51.98555957,48.01444043,288,266,,,,,,,0.7703435805,0.9988621511,1098,weka.ConjunctiveRule,0.763736,Supervised Classification
335,monks-problems-3,554,7,2,class,0,0,0,0,7,0,100,51.98555957,48.01444043,288,266,,,,,,,0.7703435805,0.9988621511,1099,weka.CHIRP,0.417582,Supervised Classification
335,monks-problems-3,554,7,2,class,0,0,0,0,7,0,100,51.98555957,48.01444043,288,266,,,,,,,0.7703435805,0.9988621511,1102,weka.OSDL,0.582418,Supervised Classification
335,monks-problems-3,554,7,2,class,0,0,0,0,7,0,100,51.98555957,48.01444043,288,266,,,,,,,0.7703435805,0.9988621511,1107,weka.LBR,0.994505,Supervised Classification
335,monks-problems-3,554,7,2,class,0,0,0,0,7,0,100,51.98555957,48.01444043,288,266,,,,,,,0.7703435805,0.9988621511,1111,weka.KernelLogisticRegression_PolyKernel,0.978022,Supervised Classification
335,monks-problems-3,554,7,2,class,0,0,0,0,7,0,100,51.98555957,48.01444043,288,266,,,,,,,0.7703435805,0.9988621511,1114,weka.Logistic,0.978022,Supervised Classification
335,monks-problems-3,554,7,2,class,0,0,0,0,7,0,100,51.98555957,48.01444043,288,266,,,,,,,0.7703435805,0.9988621511,1117,weka.RBFClassifier,0.961538,Supervised Classification
335,monks-problems-3,554,7,2,class,0,0,0,0,7,0,100,51.98555957,48.01444043,288,266,,,,,,,0.7703435805,0.9988621511,1154,weka.NaiveBayes,0.961538,Supervised Classification
335,monks-problems-3,554,7,2,class,0,0,0,0,7,0,100,51.98555957,48.01444043,288,266,,,,,,,0.7703435805,0.9988621511,1155,weka.FilteredClassifier_Standardize_NaiveBayes,0.961538,Supervised Classification
335,monks-problems-3,554,7,2,class,0,0,0,0,7,0,100,51.98555957,48.01444043,288,266,,,,,,,0.7703435805,0.9988621511,1244,weka.FilteredClassifier_Discretize_J48,0.994505,Supervised Classification
335,monks-problems-3,554,7,2,class,0,0,0,0,7,0,100,51.98555957,48.01444043,288,266,,,,,,,0.7703435805,0.9988621511,1160,weka.AttributeSelectedClassifier_PrincipalComponents_Ranker_J48,0.967033,Supervised Classification
335,monks-problems-3,554,7,2,class,0,0,0,0,7,0,100,51.98555957,48.01444043,288,266,,,,,,,0.7703435805,0.9988621511,1163,weka.FilteredClassifier_PrincipalComponents_J48,0.967033,Supervised Classification
335,monks-problems-3,554,7,2,class,0,0,0,0,7,0,100,51.98555957,48.01444043,288,266,,,,,,,0.7703435805,0.9988621511,1172,weka.LibSVM,0.961538,Supervised Classification
335,monks-problems-3,554,7,2,class,0,0,0,0,7,0,100,51.98555957,48.01444043,288,266,,,,,,,0.7703435805,0.9988621511,1103,weka.VFI,0.961538,Supervised Classification
335,monks-problems-3,554,7,2,class,0,0,0,0,7,0,100,51.98555957,48.01444043,288,266,,,,,,,0.7703435805,0.9988621511,1082,weka.LMT,0.994505,Supervised Classification
335,monks-problems-3,554,7,2,class,0,0,0,0,7,0,100,51.98555957,48.01444043,288,266,,,,,,,0.7703435805,0.9988621511,1120,weka.SGD,0.994505,Supervised Classification
335,monks-problems-3,554,7,2,class,0,0,0,0,7,0,100,51.98555957,48.01444043,288,266,,,,,,,0.7703435805,0.9988621511,1091,weka.BFTree,0.994505,Supervised Classification
335,monks-problems-3,554,7,2,class,0,0,0,0,7,0,100,51.98555957,48.01444043,288,266,,,,,,,0.7703435805,0.9988621511,1106,weka.KStar,0.972527,Supervised Classification
335,monks-problems-3,554,7,2,class,0,0,0,0,7,0,100,51.98555957,48.01444043,288,266,,,,,,,0.7703435805,0.9988621511,1108,weka.LWL_DecisionStump,0.961538,Supervised Classification
335,monks-problems-3,554,7,2,class,0,0,0,0,7,0,100,51.98555957,48.01444043,288,266,,,,,,,0.7703435805,0.9988621511,1186,weka.Dagging_DecisionStump,0.961538,Supervised Classification
335,monks-problems-3,554,7,2,class,0,0,0,0,7,0,100,51.98555957,48.01444043,288,266,,,,,,,0.7703435805,0.9988621511,1187,weka.Decorate,0.994505,Supervised Classification
335,monks-problems-3,554,7,2,class,0,0,0,0,7,0,100,51.98555957,48.01444043,288,266,,,,,,,0.7703435805,0.9988621511,1188,weka.END_ND_J48,0.994505,Supervised Classification
335,monks-problems-3,554,7,2,class,0,0,0,0,7,0,100,51.98555957,48.01444043,288,266,,,,,,,0.7703435805,0.9988621511,1190,weka.Grading_ZeroR,0.417582,Supervised Classification
335,monks-problems-3,554,7,2,class,0,0,0,0,7,0,100,51.98555957,48.01444043,288,266,,,,,,,0.7703435805,0.9988621511,1192,weka.MultiBoostAB_DecisionStump,0.961538,Supervised Classification
335,monks-problems-3,554,7,2,class,0,0,0,0,7,0,100,51.98555957,48.01444043,288,266,,,,,,,0.7703435805,0.9988621511,1193,weka.RacedIncrementalLogitBoost_DecisionStump,0.417582,Supervised Classification
335,monks-problems-3,554,7,2,class,0,0,0,0,7,0,100,51.98555957,48.01444043,288,266,,,,,,,0.7703435805,0.9988621511,1195,weka.RealAdaBoost_DecisionStump,0.961538,Supervised Classification
335,monks-problems-3,554,7,2,class,0,0,0,0,7,0,100,51.98555957,48.01444043,288,266,,,,,,,0.7703435805,0.9988621511,1196,weka.RotationForest_PrincipalComponents_J48,0.994505,Supervised Classification
24,mushroom,8124,23,2,class,2480,1.327253655,2480,0,23,0,100,51.79714426,48.20285574,4208,3916,,,,,,,0.7263326357,0.9990678969,1068,weka.J48,1,Supervised Classification
24,mushroom,8124,23,2,class,2480,1.327253655,2480,0,23,0,100,51.79714426,48.20285574,4208,3916,,,,,,,0.7263326357,0.9990678969,1069,weka.ZeroR,0.522388,Supervised Classification
24,mushroom,8124,23,2,class,2480,1.327253655,2480,0,23,0,100,51.79714426,48.20285574,4208,3916,,,,,,,0.7263326357,0.9990678969,1070,weka.Ridor,1,Supervised Classification
24,mushroom,8124,23,2,class,2480,1.327253655,2480,0,23,0,100,51.79714426,48.20285574,4208,3916,,,,,,,0.7263326357,0.9990678969,1071,weka.OneR,0.986567,Supervised Classification
24,mushroom,8124,23,2,class,2480,1.327253655,2480,0,23,0,100,51.79714426,48.20285574,4208,3916,,,,,,,0.7263326357,0.9990678969,1073,weka.PART,1,Supervised Classification
24,mushroom,8124,23,2,class,2480,1.327253655,2480,0,23,0,100,51.79714426,48.20285574,4208,3916,,,,,,,0.7263326357,0.9990678969,1074,weka.OLM,0.88097,Supervised Classification
24,mushroom,8124,23,2,class,2480,1.327253655,2480,0,23,0,100,51.79714426,48.20285574,4208,3916,,,,,,,0.7263326357,0.9990678969,1177,weka.SimpleLogistic,1,Supervised Classification
24,mushroom,8124,23,2,class,2480,1.327253655,2480,0,23,0,100,51.79714426,48.20285574,4208,3916,,,,,,,0.7263326357,0.9990678969,1095,weka.DTNB,1,Supervised Classification
24,mushroom,8124,23,2,class,2480,1.327253655,2480,0,23,0,100,51.79714426,48.20285574,4208,3916,,,,,,,0.7263326357,0.9990678969,1088,weka.FT,1,Supervised Classification
24,mushroom,8124,23,2,class,2480,1.327253655,2480,0,23,0,100,51.79714426,48.20285574,4208,3916,,,,,,,0.7263326357,0.9990678969,1082,weka.LMT,1,Supervised Classification
24,mushroom,8124,23,2,class,2480,1.327253655,2480,0,23,0,100,51.79714426,48.20285574,4208,3916,,,,,,,0.7263326357,0.9990678969,1165,weka.A1DE,0.999627,Supervised Classification
24,mushroom,8124,23,2,class,2480,1.327253655,2480,0,23,0,100,51.79714426,48.20285574,4208,3916,,,,,,,0.7263326357,0.9990678969,365,weka.J48,1,Supervised Classification
24,mushroom,8124,23,2,class,2480,1.327253655,2480,0,23,0,100,51.79714426,48.20285574,4208,3916,,,,,,,0.7263326357,0.9990678969,523,weka.Bagging_J48,1,Supervised Classification
24,mushroom,8124,23,2,class,2480,1.327253655,2480,0,23,0,100,51.79714426,48.20285574,4208,3916,,,,,,,0.7263326357,0.9990678969,524,weka.Bagging_JRip,1,Supervised Classification
24,mushroom,8124,23,2,class,2480,1.327253655,2480,0,23,0,100,51.79714426,48.20285574,4208,3916,,,,,,,0.7263326357,0.9990678969,611,weka.MultiBoostAB_ADTree,1,Supervised Classification
24,mushroom,8124,23,2,class,2480,1.327253655,2480,0,23,0,100,51.79714426,48.20285574,4208,3916,,,,,,,0.7263326357,0.9990678969,527,weka.Bagging_LMT,0.999627,Supervised Classification
24,mushroom,8124,23,2,class,2480,1.327253655,2480,0,23,0,100,51.79714426,48.20285574,4208,3916,,,,,,,0.7263326357,0.9990678969,527,weka.Bagging_LMT,1,Supervised Classification
24,mushroom,8124,23,2,class,2480,1.327253655,2480,0,23,0,100,51.79714426,48.20285574,4208,3916,,,,,,,0.7263326357,0.9990678969,528,weka.Bagging_LWL_DecisionStump,0.977239,Supervised Classification
24,mushroom,8124,23,2,class,2480,1.327253655,2480,0,23,0,100,51.79714426,48.20285574,4208,3916,,,,,,,0.7263326357,0.9990678969,529,weka.Bagging_MultilayerPerceptron,1,Supervised Classification
24,mushroom,8124,23,2,class,2480,1.327253655,2480,0,23,0,100,51.79714426,48.20285574,4208,3916,,,,,,,0.7263326357,0.9990678969,530,weka.Bagging_NaiveBayes,0.955597,Supervised Classification
24,mushroom,8124,23,2,class,2480,1.327253655,2480,0,23,0,100,51.79714426,48.20285574,4208,3916,,,,,,,0.7263326357,0.9990678969,622,weka.RealAdaBoost_RandomTree,1,Supervised Classification
24,mushroom,8124,23,2,class,2480,1.327253655,2480,0,23,0,100,51.79714426,48.20285574,4208,3916,,,,,,,0.7263326357,0.9990678969,531,weka.Bagging_OneR,0.986567,Supervised Classification
24,mushroom,8124,23,2,class,2480,1.327253655,2480,0,23,0,100,51.79714426,48.20285574,4208,3916,,,,,,,0.7263326357,0.9990678969,506,weka.RotationForest_PrincipalComponents_J48,1,Supervised Classification
24,mushroom,8124,23,2,class,2480,1.327253655,2480,0,23,0,100,51.79714426,48.20285574,4208,3916,,,,,,,0.7263326357,0.9990678969,532,weka.Bagging_RandomForest,1,Supervised Classification
24,mushroom,8124,23,2,class,2480,1.327253655,2480,0,23,0,100,51.79714426,48.20285574,4208,3916,,,,,,,0.7263326357,0.9990678969,533,weka.Bagging_RandomTree,1,Supervised Classification
24,mushroom,8124,23,2,class,2480,1.327253655,2480,0,23,0,100,51.79714426,48.20285574,4208,3916,,,,,,,0.7263326357,0.9990678969,378,weka.Bagging_REPTree,1,Supervised Classification
24,mushroom,8124,23,2,class,2480,1.327253655,2480,0,23,0,100,51.79714426,48.20285574,4208,3916,,,,,,,0.7263326357,0.9990678969,534,weka.Bagging_SMO_PolyKernel,1,Supervised Classification
24,mushroom,8124,23,2,class,2480,1.327253655,2480,0,23,0,100,51.79714426,48.20285574,4208,3916,,,,,,,0.7263326357,0.9990678969,364,weka.ZeroR,0.522388,Supervised Classification
24,mushroom,8124,23,2,class,2480,1.327253655,2480,0,23,0,100,51.79714426,48.20285574,4208,3916,,,,,,,0.7263326357,0.9990678969,376,weka.AdaBoostM1_DecisionStump,0.964179,Supervised Classification
24,mushroom,8124,23,2,class,2480,1.327253655,2480,0,23,0,100,51.79714426,48.20285574,4208,3916,,,,,,,0.7263326357,0.9990678969,380,weka.NaiveBayes,0.955597,Supervised Classification
24,mushroom,8124,23,2,class,2480,1.327253655,2480,0,23,0,100,51.79714426,48.20285574,4208,3916,,,,,,,0.7263326357,0.9990678969,677,weka.Logistic,1,Supervised Classification
24,mushroom,8124,23,2,class,2480,1.327253655,2480,0,23,0,100,51.79714426,48.20285574,4208,3916,,,,,,,0.7263326357,0.9990678969,384,weka.SGD,1,Supervised Classification
24,mushroom,8124,23,2,class,2480,1.327253655,2480,0,23,0,100,51.79714426,48.20285574,4208,3916,,,,,,,0.7263326357,0.9990678969,385,weka.SMO_PolyKernel,1,Supervised Classification
24,mushroom,8124,23,2,class,2480,1.327253655,2480,0,23,0,100,51.79714426,48.20285574,4208,3916,,,,,,,0.7263326357,0.9990678969,387,weka.SMO_RBFKernel,0.998507,Supervised Classification
24,mushroom,8124,23,2,class,2480,1.327253655,2480,0,23,0,100,51.79714426,48.20285574,4208,3916,,,,,,,0.7263326357,0.9990678969,389,weka.IBk,1,Supervised Classification
24,mushroom,8124,23,2,class,2480,1.327253655,2480,0,23,0,100,51.79714426,48.20285574,4208,3916,,,,,,,0.7263326357,0.9990678969,390,weka.JRip,1,Supervised Classification
24,mushroom,8124,23,2,class,2480,1.327253655,2480,0,23,0,100,51.79714426,48.20285574,4208,3916,,,,,,,0.7263326357,0.9990678969,391,weka.RandomForest,1,Supervised Classification
24,mushroom,8124,23,2,class,2480,1.327253655,2480,0,23,0,100,51.79714426,48.20285574,4208,3916,,,,,,,0.7263326357,0.9990678969,392,weka.A1DE,0.999627,Supervised Classification
24,mushroom,8124,23,2,class,2480,1.327253655,2480,0,23,0,100,51.79714426,48.20285574,4208,3916,,,,,,,0.7263326357,0.9990678969,393,weka.A2DE,1,Supervised Classification
24,mushroom,8124,23,2,class,2480,1.327253655,2480,0,23,0,100,51.79714426,48.20285574,4208,3916,,,,,,,0.7263326357,0.9990678969,394,weka.AdaBoostM1_ADTree,1,Supervised Classification
24,mushroom,8124,23,2,class,2480,1.327253655,2480,0,23,0,100,51.79714426,48.20285574,4208,3916,,,,,,,0.7263326357,0.9990678969,398,weka.AdaBoostM1_BFTree,1,Supervised Classification
24,mushroom,8124,23,2,class,2480,1.327253655,2480,0,23,0,100,51.79714426,48.20285574,4208,3916,,,,,,,0.7263326357,0.9990678969,376,weka.AdaBoostM1_DecisionStump,1,Supervised Classification
24,mushroom,8124,23,2,class,2480,1.327253655,2480,0,23,0,100,51.79714426,48.20285574,4208,3916,,,,,,,0.7263326357,0.9990678969,376,weka.AdaBoostM1_DecisionStump,0.999627,Supervised Classification
24,mushroom,8124,23,2,class,2480,1.327253655,2480,0,23,0,100,51.79714426,48.20285574,4208,3916,,,,,,,0.7263326357,0.9990678969,404,weka.AdaBoostM1_IBk,1,Supervised Classification
24,mushroom,8124,23,2,class,2480,1.327253655,2480,0,23,0,100,51.79714426,48.20285574,4208,3916,,,,,,,0.7263326357,0.9990678969,405,weka.AdaBoostM1_J48,1,Supervised Classification
24,mushroom,8124,23,2,class,2480,1.327253655,2480,0,23,0,100,51.79714426,48.20285574,4208,3916,,,,,,,0.7263326357,0.9990678969,406,weka.AdaBoostM1_JRip,1,Supervised Classification
24,mushroom,8124,23,2,class,2480,1.327253655,2480,0,23,0,100,51.79714426,48.20285574,4208,3916,,,,,,,0.7263326357,0.9990678969,407,weka.AdaBoostM1_LADTree,1,Supervised Classification
24,mushroom,8124,23,2,class,2480,1.327253655,2480,0,23,0,100,51.79714426,48.20285574,4208,3916,,,,,,,0.7263326357,0.9990678969,411,weka.AdaBoostM1_LMT,1,Supervised Classification
24,mushroom,8124,23,2,class,2480,1.327253655,2480,0,23,0,100,51.79714426,48.20285574,4208,3916,,,,,,,0.7263326357,0.9990678969,413,weka.AdaBoostM1_LWL_DecisionStump,1,Supervised Classification
24,mushroom,8124,23,2,class,2480,1.327253655,2480,0,23,0,100,51.79714426,48.20285574,4208,3916,,,,,,,0.7263326357,0.9990678969,417,weka.AdaBoostM1_NaiveBayes,1,Supervised Classification
24,mushroom,8124,23,2,class,2480,1.327253655,2480,0,23,0,100,51.79714426,48.20285574,4208,3916,,,,,,,0.7263326357,0.9990678969,418,weka.AdaBoostM1_OneR,0.999254,Supervised Classification
24,mushroom,8124,23,2,class,2480,1.327253655,2480,0,23,0,100,51.79714426,48.20285574,4208,3916,,,,,,,0.7263326357,0.9990678969,418,weka.AdaBoostM1_OneR,0.999627,Supervised Classification
24,mushroom,8124,23,2,class,2480,1.327253655,2480,0,23,0,100,51.79714426,48.20285574,4208,3916,,,,,,,0.7263326357,0.9990678969,418,weka.AdaBoostM1_OneR,1,Supervised Classification
24,mushroom,8124,23,2,class,2480,1.327253655,2480,0,23,0,100,51.79714426,48.20285574,4208,3916,,,,,,,0.7263326357,0.9990678969,419,weka.AdaBoostM1_RandomForest,1,Supervised Classification
24,mushroom,8124,23,2,class,2480,1.327253655,2480,0,23,0,100,51.79714426,48.20285574,4208,3916,,,,,,,0.7263326357,0.9990678969,420,weka.AdaBoostM1_RandomTree,1,Supervised Classification
24,mushroom,8124,23,2,class,2480,1.327253655,2480,0,23,0,100,51.79714426,48.20285574,4208,3916,,,,,,,0.7263326357,0.9990678969,422,weka.AdaBoostM1_REPTree,1,Supervised Classification
24,mushroom,8124,23,2,class,2480,1.327253655,2480,0,23,0,100,51.79714426,48.20285574,4208,3916,,,,,,,0.7263326357,0.9990678969,423,weka.AdaBoostM1_SMO_PolyKernel,1,Supervised Classification
24,mushroom,8124,23,2,class,2480,1.327253655,2480,0,23,0,100,51.79714426,48.20285574,4208,3916,,,,,,,0.7263326357,0.9990678969,1075,weka.NNge,1,Supervised Classification
24,mushroom,8124,23,2,class,2480,1.327253655,2480,0,23,0,100,51.79714426,48.20285574,4208,3916,,,,,,,0.7263326357,0.9990678969,1076,weka.SimpleCart,0.999627,Supervised Classification
24,mushroom,8124,23,2,class,2480,1.327253655,2480,0,23,0,100,51.79714426,48.20285574,4208,3916,,,,,,,0.7263326357,0.9990678969,1077,weka.REPTree,1,Supervised Classification
24,mushroom,8124,23,2,class,2480,1.327253655,2480,0,23,0,100,51.79714426,48.20285574,4208,3916,,,,,,,0.7263326357,0.9990678969,1078,weka.RandomTree,1,Supervised Classification
24,mushroom,8124,23,2,class,2480,1.327253655,2480,0,23,0,100,51.79714426,48.20285574,4208,3916,,,,,,,0.7263326357,0.9990678969,1080,weka.NBTree,1,Supervised Classification
24,mushroom,8124,23,2,class,2480,1.327253655,2480,0,23,0,100,51.79714426,48.20285574,4208,3916,,,,,,,0.7263326357,0.9990678969,1172,weka.LibSVM,0.998507,Supervised Classification
24,mushroom,8124,23,2,class,2480,1.327253655,2480,0,23,0,100,51.79714426,48.20285574,4208,3916,,,,,,,0.7263326357,0.9990678969,1174,weka.KernelLogisticRegression_RBFKernel,0.999627,Supervised Classification
24,mushroom,8124,23,2,class,2480,1.327253655,2480,0,23,0,100,51.79714426,48.20285574,4208,3916,,,,,,,0.7263326357,0.9990678969,1112,weka.LibLINEAR,1,Supervised Classification
24,mushroom,8124,23,2,class,2480,1.327253655,2480,0,23,0,100,51.79714426,48.20285574,4208,3916,,,,,,,0.7263326357,0.9990678969,1178,weka.SMO_PolyKernel,1,Supervised Classification
24,mushroom,8124,23,2,class,2480,1.327253655,2480,0,23,0,100,51.79714426,48.20285574,4208,3916,,,,,,,0.7263326357,0.9990678969,1179,weka.SMO_RBFKernel,0.998507,Supervised Classification
24,mushroom,8124,23,2,class,2480,1.327253655,2480,0,23,0,100,51.79714426,48.20285574,4208,3916,,,,,,,0.7263326357,0.9990678969,1180,weka.SPegasos,1,Supervised Classification
24,mushroom,8124,23,2,class,2480,1.327253655,2480,0,23,0,100,51.79714426,48.20285574,4208,3916,,,,,,,0.7263326357,0.9990678969,1181,weka.Winnow,0.998134,Supervised Classification
24,mushroom,8124,23,2,class,2480,1.327253655,2480,0,23,0,100,51.79714426,48.20285574,4208,3916,,,,,,,0.7263326357,0.9990678969,1105,weka.IBk,1,Supervised Classification
24,mushroom,8124,23,2,class,2480,1.327253655,2480,0,23,0,100,51.79714426,48.20285574,4208,3916,,,,,,,0.7263326357,0.9990678969,1182,weka.AdaBoostM1_DecisionStump,0.964179,Supervised Classification
24,mushroom,8124,23,2,class,2480,1.327253655,2480,0,23,0,100,51.79714426,48.20285574,4208,3916,,,,,,,0.7263326357,0.9990678969,1182,weka.AdaBoostM1_DecisionStump,0.983582,Supervised Classification
24,mushroom,8124,23,2,class,2480,1.327253655,2480,0,23,0,100,51.79714426,48.20285574,4208,3916,,,,,,,0.7263326357,0.9990678969,1182,weka.AdaBoostM1_DecisionStump,0.996642,Supervised Classification
24,mushroom,8124,23,2,class,2480,1.327253655,2480,0,23,0,100,51.79714426,48.20285574,4208,3916,,,,,,,0.7263326357,0.9990678969,1182,weka.AdaBoostM1_DecisionStump,0.999627,Supervised Classification
24,mushroom,8124,23,2,class,2480,1.327253655,2480,0,23,0,100,51.79714426,48.20285574,4208,3916,,,,,,,0.7263326357,0.9990678969,1182,weka.AdaBoostM1_DecisionStump,1,Supervised Classification
24,mushroom,8124,23,2,class,2480,1.327253655,2480,0,23,0,100,51.79714426,48.20285574,4208,3916,,,,,,,0.7263326357,0.9990678969,1183,weka.AttributeSelectedClassifier_CfsSubsetEval_BestFirst_J48,0.991418,Supervised Classification
24,mushroom,8124,23,2,class,2480,1.327253655,2480,0,23,0,100,51.79714426,48.20285574,4208,3916,,,,,,,0.7263326357,0.9990678969,1185,weka.Bagging_REPTree,1,Supervised Classification
24,mushroom,8124,23,2,class,2480,1.327253655,2480,0,23,0,100,51.79714426,48.20285574,4208,3916,,,,,,,0.7263326357,0.9990678969,1191,weka.LogitBoost_DecisionStump,0.985075,Supervised Classification
24,mushroom,8124,23,2,class,2480,1.327253655,2480,0,23,0,100,51.79714426,48.20285574,4208,3916,,,,,,,0.7263326357,0.9990678969,1197,weka.FURIA,1,Supervised Classification
24,mushroom,8124,23,2,class,2480,1.327253655,2480,0,23,0,100,51.79714426,48.20285574,4208,3916,,,,,,,0.7263326357,0.9990678969,1101,weka.InputMappedClassifier_ZeroR,0.522388,Supervised Classification
24,mushroom,8124,23,2,class,2480,1.327253655,2480,0,23,0,100,51.79714426,48.20285574,4208,3916,,,,,,,0.7263326357,0.9990678969,1103,weka.VFI,0.998134,Supervised Classification
24,mushroom,8124,23,2,class,2480,1.327253655,2480,0,23,0,100,51.79714426,48.20285574,4208,3916,,,,,,,0.7263326357,0.9990678969,1104,weka.IB1,1,Supervised Classification
24,mushroom,8124,23,2,class,2480,1.327253655,2480,0,23,0,100,51.79714426,48.20285574,4208,3916,,,,,,,0.7263326357,0.9990678969,1111,weka.KernelLogisticRegression_PolyKernel,1,Supervised Classification
24,mushroom,8124,23,2,class,2480,1.327253655,2480,0,23,0,100,51.79714426,48.20285574,4208,3916,,,,,,,0.7263326357,0.9990678969,1194,weka.RandomSubSpace_REPTree,1,Supervised Classification
24,mushroom,8124,23,2,class,2480,1.327253655,2480,0,23,0,100,51.79714426,48.20285574,4208,3916,,,,,,,0.7263326357,0.9990678969,1199,weka.ADTree,0.999627,Supervised Classification
24,mushroom,8124,23,2,class,2480,1.327253655,2480,0,23,0,100,51.79714426,48.20285574,4208,3916,,,,,,,0.7263326357,0.9990678969,1200,weka.LADTree,0.999627,Supervised Classification
24,mushroom,8124,23,2,class,2480,1.327253655,2480,0,23,0,100,51.79714426,48.20285574,4208,3916,,,,,,,0.7263326357,0.9990678969,1090,weka.DecisionStump,0.898881,Supervised Classification
24,mushroom,8124,23,2,class,2480,1.327253655,2480,0,23,0,100,51.79714426,48.20285574,4208,3916,,,,,,,0.7263326357,0.9990678969,1094,weka.JRip,1,Supervised Classification
24,mushroom,8124,23,2,class,2480,1.327253655,2480,0,23,0,100,51.79714426,48.20285574,4208,3916,,,,,,,0.7263326357,0.9990678969,1096,weka.DecisionTable_BestFirst,1,Supervised Classification
24,mushroom,8124,23,2,class,2480,1.327253655,2480,0,23,0,100,51.79714426,48.20285574,4208,3916,,,,,,,0.7263326357,0.9990678969,1114,weka.Logistic,1,Supervised Classification
24,mushroom,8124,23,2,class,2480,1.327253655,2480,0,23,0,100,51.79714426,48.20285574,4208,3916,,,,,,,0.7263326357,0.9990678969,1116,weka.MultilayerPerceptronCS,1,Supervised Classification
24,mushroom,8124,23,2,class,2480,1.327253655,2480,0,23,0,100,51.79714426,48.20285574,4208,3916,,,,,,,0.7263326357,0.9990678969,1117,weka.RBFClassifier,0.999627,Supervised Classification
24,mushroom,8124,23,2,class,2480,1.327253655,2480,0,23,0,100,51.79714426,48.20285574,4208,3916,,,,,,,0.7263326357,0.9990678969,1120,weka.SGD,1,Supervised Classification
24,mushroom,8124,23,2,class,2480,1.327253655,2480,0,23,0,100,51.79714426,48.20285574,4208,3916,,,,,,,0.7263326357,0.9990678969,1154,weka.NaiveBayes,0.955597,Supervised Classification
24,mushroom,8124,23,2,class,2480,1.327253655,2480,0,23,0,100,51.79714426,48.20285574,4208,3916,,,,,,,0.7263326357,0.9990678969,1155,weka.FilteredClassifier_Standardize_NaiveBayes,0.955597,Supervised Classification
24,mushroom,8124,23,2,class,2480,1.327253655,2480,0,23,0,100,51.79714426,48.20285574,4208,3916,,,,,,,0.7263326357,0.9990678969,1244,weka.FilteredClassifier_Discretize_J48,1,Supervised Classification
24,mushroom,8124,23,2,class,2480,1.327253655,2480,0,23,0,100,51.79714426,48.20285574,4208,3916,,,,,,,0.7263326357,0.9990678969,1163,weka.FilteredClassifier_PrincipalComponents_J48,0.995522,Supervised Classification
24,mushroom,8124,23,2,class,2480,1.327253655,2480,0,23,0,100,51.79714426,48.20285574,4208,3916,,,,,,,0.7263326357,0.9990678969,1191,weka.LogitBoost_DecisionStump,0.998507,Supervised Classification
24,mushroom,8124,23,2,class,2480,1.327253655,2480,0,23,0,100,51.79714426,48.20285574,4208,3916,,,,,,,0.7263326357,0.9990678969,1191,weka.LogitBoost_DecisionStump,0.999627,Supervised Classification
24,mushroom,8124,23,2,class,2480,1.327253655,2480,0,23,0,100,51.79714426,48.20285574,4208,3916,,,,,,,0.7263326357,0.9990678969,1191,weka.LogitBoost_DecisionStump,1,Supervised Classification
24,mushroom,8124,23,2,class,2480,1.327253655,2480,0,23,0,100,51.79714426,48.20285574,4208,3916,,,,,,,0.7263326357,0.9990678969,1098,weka.ConjunctiveRule,0.898881,Supervised Classification
24,mushroom,8124,23,2,class,2480,1.327253655,2480,0,23,0,100,51.79714426,48.20285574,4208,3916,,,,,,,0.7263326357,0.9990678969,1099,weka.CHIRP,1,Supervised Classification
24,mushroom,8124,23,2,class,2480,1.327253655,2480,0,23,0,100,51.79714426,48.20285574,4208,3916,,,,,,,0.7263326357,0.9990678969,1100,weka.HyperPipes,0.997388,Supervised Classification
24,mushroom,8124,23,2,class,2480,1.327253655,2480,0,23,0,100,51.79714426,48.20285574,4208,3916,,,,,,,0.7263326357,0.9990678969,1107,weka.LBR,1,Supervised Classification
24,mushroom,8124,23,2,class,2480,1.327253655,2480,0,23,0,100,51.79714426,48.20285574,4208,3916,,,,,,,0.7263326357,0.9990678969,1108,weka.LWL_DecisionStump,0.977239,Supervised Classification
24,mushroom,8124,23,2,class,2480,1.327253655,2480,0,23,0,100,51.79714426,48.20285574,4208,3916,,,,,,,0.7263326357,0.9990678969,1166,weka.A2DE,1,Supervised Classification
24,mushroom,8124,23,2,class,2480,1.327253655,2480,0,23,0,100,51.79714426,48.20285574,4208,3916,,,,,,,0.7263326357,0.9990678969,1168,weka.BayesNet_K2,0.957836,Supervised Classification
24,mushroom,8124,23,2,class,2480,1.327253655,2480,0,23,0,100,51.79714426,48.20285574,4208,3916,,,,,,,0.7263326357,0.9990678969,1079,weka.RandomForest,1,Supervised Classification
24,mushroom,8124,23,2,class,2480,1.327253655,2480,0,23,0,100,51.79714426,48.20285574,4208,3916,,,,,,,0.7263326357,0.9990678969,1160,weka.AttributeSelectedClassifier_PrincipalComponents_Ranker_J48,0.995522,Supervised Classification
24,mushroom,8124,23,2,class,2480,1.327253655,2480,0,23,0,100,51.79714426,48.20285574,4208,3916,,,,,,,0.7263326357,0.9990678969,1087,weka.HoeffdingTree,0.986567,Supervised Classification
24,mushroom,8124,23,2,class,2480,1.327253655,2480,0,23,0,100,51.79714426,48.20285574,4208,3916,,,,,,,0.7263326357,0.9990678969,1091,weka.BFTree,0.999627,Supervised Classification
24,mushroom,8124,23,2,class,2480,1.327253655,2480,0,23,0,100,51.79714426,48.20285574,4208,3916,,,,,,,0.7263326357,0.9990678969,1106,weka.KStar,1,Supervised Classification
24,mushroom,8124,23,2,class,2480,1.327253655,2480,0,23,0,100,51.79714426,48.20285574,4208,3916,,,,,,,0.7263326357,0.9990678969,1084,weka.J48graft,1,Supervised Classification
24,mushroom,8124,23,2,class,2480,1.327253655,2480,0,23,0,100,51.79714426,48.20285574,4208,3916,,,,,,,0.7263326357,0.9990678969,1186,weka.Dagging_DecisionStump,0.898881,Supervised Classification
24,mushroom,8124,23,2,class,2480,1.327253655,2480,0,23,0,100,51.79714426,48.20285574,4208,3916,,,,,,,0.7263326357,0.9990678969,1187,weka.Decorate,1,Supervised Classification
24,mushroom,8124,23,2,class,2480,1.327253655,2480,0,23,0,100,51.79714426,48.20285574,4208,3916,,,,,,,0.7263326357,0.9990678969,1188,weka.END_ND_J48,1,Supervised Classification
24,mushroom,8124,23,2,class,2480,1.327253655,2480,0,23,0,100,51.79714426,48.20285574,4208,3916,,,,,,,0.7263326357,0.9990678969,1190,weka.Grading_ZeroR,0.522388,Supervised Classification
24,mushroom,8124,23,2,class,2480,1.327253655,2480,0,23,0,100,51.79714426,48.20285574,4208,3916,,,,,,,0.7263326357,0.9990678969,1192,weka.MultiBoostAB_DecisionStump,0.973134,Supervised Classification
24,mushroom,8124,23,2,class,2480,1.327253655,2480,0,23,0,100,51.79714426,48.20285574,4208,3916,,,,,,,0.7263326357,0.9990678969,1192,weka.MultiBoostAB_DecisionStump,0.982463,Supervised Classification
24,mushroom,8124,23,2,class,2480,1.327253655,2480,0,23,0,100,51.79714426,48.20285574,4208,3916,,,,,,,0.7263326357,0.9990678969,1192,weka.MultiBoostAB_DecisionStump,0.980597,Supervised Classification
24,mushroom,8124,23,2,class,2480,1.327253655,2480,0,23,0,100,51.79714426,48.20285574,4208,3916,,,,,,,0.7263326357,0.9990678969,1192,weka.MultiBoostAB_DecisionStump,0.998507,Supervised Classification
24,mushroom,8124,23,2,class,2480,1.327253655,2480,0,23,0,100,51.79714426,48.20285574,4208,3916,,,,,,,0.7263326357,0.9990678969,1193,weka.RacedIncrementalLogitBoost_DecisionStump,0.976866,Supervised Classification
24,mushroom,8124,23,2,class,2480,1.327253655,2480,0,23,0,100,51.79714426,48.20285574,4208,3916,,,,,,,0.7263326357,0.9990678969,1195,weka.RealAdaBoost_DecisionStump,0.945522,Supervised Classification
24,mushroom,8124,23,2,class,2480,1.327253655,2480,0,23,0,100,51.79714426,48.20285574,4208,3916,,,,,,,0.7263326357,0.9990678969,1196,weka.RotationForest_PrincipalComponents_J48,1,Supervised Classification
30,page-blocks,5473,11,5,class,0,0,0,10,1,90.90909091,9.090909091,89.76795176,0.5116024118,4913,28,253.3275863,840.2336193,0.3686424265,1198.405628,652.829669,14.71145197,0.8733552632,0.6354628259,1068,weka.J48,0.968992,Supervised Classification
30,page-blocks,5473,11,5,class,0,0,0,10,1,90.90909091,9.090909091,89.76795176,0.5116024118,4913,28,253.3275863,840.2336193,0.3686424265,1198.405628,652.829669,14.71145197,0.8733552632,0.6354628259,1069,weka.ZeroR,0.901993,Supervised Classification
30,page-blocks,5473,11,5,class,0,0,0,10,1,90.90909091,9.090909091,89.76795176,0.5116024118,4913,28,253.3275863,840.2336193,0.3686424265,1198.405628,652.829669,14.71145197,0.8733552632,0.6354628259,1070,weka.Ridor,0.960687,Supervised Classification
30,page-blocks,5473,11,5,class,0,0,0,10,1,90.90909091,9.090909091,89.76795176,0.5116024118,4913,28,253.3275863,840.2336193,0.3686424265,1198.405628,652.829669,14.71145197,0.8733552632,0.6354628259,1071,weka.OneR,0.933555,Supervised Classification
30,page-blocks,5473,11,5,class,0,0,0,10,1,90.90909091,9.090909091,89.76795176,0.5116024118,4913,28,253.3275863,840.2336193,0.3686424265,1198.405628,652.829669,14.71145197,0.8733552632,0.6354628259,1073,weka.PART,0.971761,Supervised Classification
30,page-blocks,5473,11,5,class,0,0,0,10,1,90.90909091,9.090909091,89.76795176,0.5116024118,4913,28,253.3275863,840.2336193,0.3686424265,1198.405628,652.829669,14.71145197,0.8733552632,0.6354628259,1074,weka.OLM,0.929125,Supervised Classification
30,page-blocks,5473,11,5,class,0,0,0,10,1,90.90909091,9.090909091,89.76795176,0.5116024118,4913,28,253.3275863,840.2336193,0.3686424265,1198.405628,652.829669,14.71145197,0.8733552632,0.6354628259,1168,weka.BayesNet_K2,0.937984,Supervised Classification
30,page-blocks,5473,11,5,class,0,0,0,10,1,90.90909091,9.090909091,89.76795176,0.5116024118,4913,28,253.3275863,840.2336193,0.3686424265,1198.405628,652.829669,14.71145197,0.8733552632,0.6354628259,1191,weka.LogitBoost_DecisionStump,0.9701,Supervised Classification
30,page-blocks,5473,11,5,class,0,0,0,10,1,90.90909091,9.090909091,89.76795176,0.5116024118,4913,28,253.3275863,840.2336193,0.3686424265,1198.405628,652.829669,14.71145197,0.8733552632,0.6354628259,1200,weka.LADTree,0.964009,Supervised Classification
30,page-blocks,5473,11,5,class,0,0,0,10,1,90.90909091,9.090909091,89.76795176,0.5116024118,4913,28,253.3275863,840.2336193,0.3686424265,1198.405628,652.829669,14.71145197,0.8733552632,0.6354628259,1114,weka.Logistic,0.964009,Supervised Classification
30,page-blocks,5473,11,5,class,0,0,0,10,1,90.90909091,9.090909091,89.76795176,0.5116024118,4913,28,253.3275863,840.2336193,0.3686424265,1198.405628,652.829669,14.71145197,0.8733552632,0.6354628259,1155,weka.FilteredClassifier_Standardize_NaiveBayes,0.869324,Supervised Classification
30,page-blocks,5473,11,5,class,0,0,0,10,1,90.90909091,9.090909091,89.76795176,0.5116024118,4913,28,253.3275863,840.2336193,0.3686424265,1198.405628,652.829669,14.71145197,0.8733552632,0.6354628259,1082,weka.LMT,0.967885,Supervised Classification
30,page-blocks,5473,11,5,class,0,0,0,10,1,90.90909091,9.090909091,89.76795176,0.5116024118,4913,28,253.3275863,840.2336193,0.3686424265,1198.405628,652.829669,14.71145197,0.8733552632,0.6354628259,1165,weka.A1DE,0.963455,Supervised Classification
30,page-blocks,5473,11,5,class,0,0,0,10,1,90.90909091,9.090909091,89.76795176,0.5116024118,4913,28,253.3275863,840.2336193,0.3686424265,1198.405628,652.829669,14.71145197,0.8733552632,0.6354628259,365,weka.J48,0.968992,Supervised Classification
30,page-blocks,5473,11,5,class,0,0,0,10,1,90.90909091,9.090909091,89.76795176,0.5116024118,4913,28,253.3275863,840.2336193,0.3686424265,1198.405628,652.829669,14.71145197,0.8733552632,0.6354628259,523,weka.Bagging_J48,0.972315,Supervised Classification
30,page-blocks,5473,11,5,class,0,0,0,10,1,90.90909091,9.090909091,89.76795176,0.5116024118,4913,28,253.3275863,840.2336193,0.3686424265,1198.405628,652.829669,14.71145197,0.8733552632,0.6354628259,523,weka.Bagging_J48,0.973422,Supervised Classification
30,page-blocks,5473,11,5,class,0,0,0,10,1,90.90909091,9.090909091,89.76795176,0.5116024118,4913,28,253.3275863,840.2336193,0.3686424265,1198.405628,652.829669,14.71145197,0.8733552632,0.6354628259,524,weka.Bagging_JRip,0.975083,Supervised Classification
30,page-blocks,5473,11,5,class,0,0,0,10,1,90.90909091,9.090909091,89.76795176,0.5116024118,4913,28,253.3275863,840.2336193,0.3686424265,1198.405628,652.829669,14.71145197,0.8733552632,0.6354628259,524,weka.Bagging_JRip,0.973976,Supervised Classification
30,page-blocks,5473,11,5,class,0,0,0,10,1,90.90909091,9.090909091,89.76795176,0.5116024118,4913,28,253.3275863,840.2336193,0.3686424265,1198.405628,652.829669,14.71145197,0.8733552632,0.6354628259,527,weka.Bagging_LMT,0.975637,Supervised Classification
30,page-blocks,5473,11,5,class,0,0,0,10,1,90.90909091,9.090909091,89.76795176,0.5116024118,4913,28,253.3275863,840.2336193,0.3686424265,1198.405628,652.829669,14.71145197,0.8733552632,0.6354628259,527,weka.Bagging_LMT,0.974529,Supervised Classification
30,page-blocks,5473,11,5,class,0,0,0,10,1,90.90909091,9.090909091,89.76795176,0.5116024118,4913,28,253.3275863,840.2336193,0.3686424265,1198.405628,652.829669,14.71145197,0.8733552632,0.6354628259,527,weka.Bagging_LMT,0.973422,Supervised Classification
30,page-blocks,5473,11,5,class,0,0,0,10,1,90.90909091,9.090909091,89.76795176,0.5116024118,4913,28,253.3275863,840.2336193,0.3686424265,1198.405628,652.829669,14.71145197,0.8733552632,0.6354628259,527,weka.Bagging_LMT,0.967885,Supervised Classification
30,page-blocks,5473,11,5,class,0,0,0,10,1,90.90909091,9.090909091,89.76795176,0.5116024118,4913,28,253.3275863,840.2336193,0.3686424265,1198.405628,652.829669,14.71145197,0.8733552632,0.6354628259,528,weka.Bagging_LWL_DecisionStump,0.92691,Supervised Classification
30,page-blocks,5473,11,5,class,0,0,0,10,1,90.90909091,9.090909091,89.76795176,0.5116024118,4913,28,253.3275863,840.2336193,0.3686424265,1198.405628,652.829669,14.71145197,0.8733552632,0.6354628259,529,weka.Bagging_MultilayerPerceptron,0.968439,Supervised Classification
30,page-blocks,5473,11,5,class,0,0,0,10,1,90.90909091,9.090909091,89.76795176,0.5116024118,4913,28,253.3275863,840.2336193,0.3686424265,1198.405628,652.829669,14.71145197,0.8733552632,0.6354628259,529,weka.Bagging_MultilayerPerceptron,0.967885,Supervised Classification
30,page-blocks,5473,11,5,class,0,0,0,10,1,90.90909091,9.090909091,89.76795176,0.5116024118,4913,28,253.3275863,840.2336193,0.3686424265,1198.405628,652.829669,14.71145197,0.8733552632,0.6354628259,530,weka.Bagging_NaiveBayes,0.880952,Supervised Classification
30,page-blocks,5473,11,5,class,0,0,0,10,1,90.90909091,9.090909091,89.76795176,0.5116024118,4913,28,253.3275863,840.2336193,0.3686424265,1198.405628,652.829669,14.71145197,0.8733552632,0.6354628259,530,weka.Bagging_NaiveBayes,0.875969,Supervised Classification
30,page-blocks,5473,11,5,class,0,0,0,10,1,90.90909091,9.090909091,89.76795176,0.5116024118,4913,28,253.3275863,840.2336193,0.3686424265,1198.405628,652.829669,14.71145197,0.8733552632,0.6354628259,506,weka.RotationForest_PrincipalComponents_J48,0.9701,Supervised Classification
30,page-blocks,5473,11,5,class,0,0,0,10,1,90.90909091,9.090909091,89.76795176,0.5116024118,4913,28,253.3275863,840.2336193,0.3686424265,1198.405628,652.829669,14.71145197,0.8733552632,0.6354628259,531,weka.Bagging_OneR,0.934109,Supervised Classification
30,page-blocks,5473,11,5,class,0,0,0,10,1,90.90909091,9.090909091,89.76795176,0.5116024118,4913,28,253.3275863,840.2336193,0.3686424265,1198.405628,652.829669,14.71145197,0.8733552632,0.6354628259,506,weka.RotationForest_PrincipalComponents_J48,0.970653,Supervised Classification
30,page-blocks,5473,11,5,class,0,0,0,10,1,90.90909091,9.090909091,89.76795176,0.5116024118,4913,28,253.3275863,840.2336193,0.3686424265,1198.405628,652.829669,14.71145197,0.8733552632,0.6354628259,531,weka.Bagging_OneR,0.933001,Supervised Classification
30,page-blocks,5473,11,5,class,0,0,0,10,1,90.90909091,9.090909091,89.76795176,0.5116024118,4913,28,253.3275863,840.2336193,0.3686424265,1198.405628,652.829669,14.71145197,0.8733552632,0.6354628259,531,weka.Bagging_OneR,0.939646,Supervised Classification
30,page-blocks,5473,11,5,class,0,0,0,10,1,90.90909091,9.090909091,89.76795176,0.5116024118,4913,28,253.3275863,840.2336193,0.3686424265,1198.405628,652.829669,14.71145197,0.8733552632,0.6354628259,531,weka.Bagging_OneR,0.940753,Supervised Classification
30,page-blocks,5473,11,5,class,0,0,0,10,1,90.90909091,9.090909091,89.76795176,0.5116024118,4913,28,253.3275863,840.2336193,0.3686424265,1198.405628,652.829669,14.71145197,0.8733552632,0.6354628259,532,weka.Bagging_RandomForest,0.973422,Supervised Classification
30,page-blocks,5473,11,5,class,0,0,0,10,1,90.90909091,9.090909091,89.76795176,0.5116024118,4913,28,253.3275863,840.2336193,0.3686424265,1198.405628,652.829669,14.71145197,0.8733552632,0.6354628259,532,weka.Bagging_RandomForest,0.973976,Supervised Classification
30,page-blocks,5473,11,5,class,0,0,0,10,1,90.90909091,9.090909091,89.76795176,0.5116024118,4913,28,253.3275863,840.2336193,0.3686424265,1198.405628,652.829669,14.71145197,0.8733552632,0.6354628259,532,weka.Bagging_RandomForest,0.974529,Supervised Classification
30,page-blocks,5473,11,5,class,0,0,0,10,1,90.90909091,9.090909091,89.76795176,0.5116024118,4913,28,253.3275863,840.2336193,0.3686424265,1198.405628,652.829669,14.71145197,0.8733552632,0.6354628259,532,weka.Bagging_RandomForest,0.975083,Supervised Classification
30,page-blocks,5473,11,5,class,0,0,0,10,1,90.90909091,9.090909091,89.76795176,0.5116024118,4913,28,253.3275863,840.2336193,0.3686424265,1198.405628,652.829669,14.71145197,0.8733552632,0.6354628259,532,weka.Bagging_RandomForest,0.975637,Supervised Classification
30,page-blocks,5473,11,5,class,0,0,0,10,1,90.90909091,9.090909091,89.76795176,0.5116024118,4913,28,253.3275863,840.2336193,0.3686424265,1198.405628,652.829669,14.71145197,0.8733552632,0.6354628259,533,weka.Bagging_RandomTree,0.972868,Supervised Classification
30,page-blocks,5473,11,5,class,0,0,0,10,1,90.90909091,9.090909091,89.76795176,0.5116024118,4913,28,253.3275863,840.2336193,0.3686424265,1198.405628,652.829669,14.71145197,0.8733552632,0.6354628259,533,weka.Bagging_RandomTree,0.973422,Supervised Classification
30,page-blocks,5473,11,5,class,0,0,0,10,1,90.90909091,9.090909091,89.76795176,0.5116024118,4913,28,253.3275863,840.2336193,0.3686424265,1198.405628,652.829669,14.71145197,0.8733552632,0.6354628259,533,weka.Bagging_RandomTree,0.971207,Supervised Classification
30,page-blocks,5473,11,5,class,0,0,0,10,1,90.90909091,9.090909091,89.76795176,0.5116024118,4913,28,253.3275863,840.2336193,0.3686424265,1198.405628,652.829669,14.71145197,0.8733552632,0.6354628259,378,weka.Bagging_REPTree,0.970653,Supervised Classification
30,page-blocks,5473,11,5,class,0,0,0,10,1,90.90909091,9.090909091,89.76795176,0.5116024118,4913,28,253.3275863,840.2336193,0.3686424265,1198.405628,652.829669,14.71145197,0.8733552632,0.6354628259,378,weka.Bagging_REPTree,0.974529,Supervised Classification
30,page-blocks,5473,11,5,class,0,0,0,10,1,90.90909091,9.090909091,89.76795176,0.5116024118,4913,28,253.3275863,840.2336193,0.3686424265,1198.405628,652.829669,14.71145197,0.8733552632,0.6354628259,378,weka.Bagging_REPTree,0.973976,Supervised Classification
30,page-blocks,5473,11,5,class,0,0,0,10,1,90.90909091,9.090909091,89.76795176,0.5116024118,4913,28,253.3275863,840.2336193,0.3686424265,1198.405628,652.829669,14.71145197,0.8733552632,0.6354628259,378,weka.Bagging_REPTree,0.973422,Supervised Classification
30,page-blocks,5473,11,5,class,0,0,0,10,1,90.90909091,9.090909091,89.76795176,0.5116024118,4913,28,253.3275863,840.2336193,0.3686424265,1198.405628,652.829669,14.71145197,0.8733552632,0.6354628259,534,weka.Bagging_SMO_PolyKernel,0.937431,Supervised Classification
30,page-blocks,5473,11,5,class,0,0,0,10,1,90.90909091,9.090909091,89.76795176,0.5116024118,4913,28,253.3275863,840.2336193,0.3686424265,1198.405628,652.829669,14.71145197,0.8733552632,0.6354628259,534,weka.Bagging_SMO_PolyKernel,0.936877,Supervised Classification
30,page-blocks,5473,11,5,class,0,0,0,10,1,90.90909091,9.090909091,89.76795176,0.5116024118,4913,28,253.3275863,840.2336193,0.3686424265,1198.405628,652.829669,14.71145197,0.8733552632,0.6354628259,534,weka.Bagging_SMO_PolyKernel,0.936323,Supervised Classification
30,page-blocks,5473,11,5,class,0,0,0,10,1,90.90909091,9.090909091,89.76795176,0.5116024118,4913,28,253.3275863,840.2336193,0.3686424265,1198.405628,652.829669,14.71145197,0.8733552632,0.6354628259,534,weka.Bagging_SMO_PolyKernel,0.935216,Supervised Classification
30,page-blocks,5473,11,5,class,0,0,0,10,1,90.90909091,9.090909091,89.76795176,0.5116024118,4913,28,253.3275863,840.2336193,0.3686424265,1198.405628,652.829669,14.71145197,0.8733552632,0.6354628259,534,weka.Bagging_SMO_PolyKernel,0.93577,Supervised Classification
30,page-blocks,5473,11,5,class,0,0,0,10,1,90.90909091,9.090909091,89.76795176,0.5116024118,4913,28,253.3275863,840.2336193,0.3686424265,1198.405628,652.829669,14.71145197,0.8733552632,0.6354628259,441,weka.ComplementNaiveBayes,0.920266,Supervised Classification
30,page-blocks,5473,11,5,class,0,0,0,10,1,90.90909091,9.090909091,89.76795176,0.5116024118,4913,28,253.3275863,840.2336193,0.3686424265,1198.405628,652.829669,14.71145197,0.8733552632,0.6354628259,376,weka.AdaBoostM1_DecisionStump,0.92691,Supervised Classification
30,page-blocks,5473,11,5,class,0,0,0,10,1,90.90909091,9.090909091,89.76795176,0.5116024118,4913,28,253.3275863,840.2336193,0.3686424265,1198.405628,652.829669,14.71145197,0.8733552632,0.6354628259,378,weka.Bagging_REPTree,0.969546,Supervised Classification
30,page-blocks,5473,11,5,class,0,0,0,10,1,90.90909091,9.090909091,89.76795176,0.5116024118,4913,28,253.3275863,840.2336193,0.3686424265,1198.405628,652.829669,14.71145197,0.8733552632,0.6354628259,380,weka.NaiveBayes,0.872647,Supervised Classification
30,page-blocks,5473,11,5,class,0,0,0,10,1,90.90909091,9.090909091,89.76795176,0.5116024118,4913,28,253.3275863,840.2336193,0.3686424265,1198.405628,652.829669,14.71145197,0.8733552632,0.6354628259,677,weka.Logistic,0.964009,Supervised Classification
30,page-blocks,5473,11,5,class,0,0,0,10,1,90.90909091,9.090909091,89.76795176,0.5116024118,4913,28,253.3275863,840.2336193,0.3686424265,1198.405628,652.829669,14.71145197,0.8733552632,0.6354628259,385,weka.SMO_PolyKernel,0.931894,Supervised Classification
30,page-blocks,5473,11,5,class,0,0,0,10,1,90.90909091,9.090909091,89.76795176,0.5116024118,4913,28,253.3275863,840.2336193,0.3686424265,1198.405628,652.829669,14.71145197,0.8733552632,0.6354628259,387,weka.SMO_RBFKernel,0.901993,Supervised Classification
30,page-blocks,5473,11,5,class,0,0,0,10,1,90.90909091,9.090909091,89.76795176,0.5116024118,4913,28,253.3275863,840.2336193,0.3686424265,1198.405628,652.829669,14.71145197,0.8733552632,0.6354628259,389,weka.IBk,0.961794,Supervised Classification
30,page-blocks,5473,11,5,class,0,0,0,10,1,90.90909091,9.090909091,89.76795176,0.5116024118,4913,28,253.3275863,840.2336193,0.3686424265,1198.405628,652.829669,14.71145197,0.8733552632,0.6354628259,390,weka.JRip,0.966777,Supervised Classification
30,page-blocks,5473,11,5,class,0,0,0,10,1,90.90909091,9.090909091,89.76795176,0.5116024118,4913,28,253.3275863,840.2336193,0.3686424265,1198.405628,652.829669,14.71145197,0.8733552632,0.6354628259,391,weka.RandomForest,0.972868,Supervised Classification
30,page-blocks,5473,11,5,class,0,0,0,10,1,90.90909091,9.090909091,89.76795176,0.5116024118,4913,28,253.3275863,840.2336193,0.3686424265,1198.405628,652.829669,14.71145197,0.8733552632,0.6354628259,392,weka.A1DE,0.963455,Supervised Classification
30,page-blocks,5473,11,5,class,0,0,0,10,1,90.90909091,9.090909091,89.76795176,0.5116024118,4913,28,253.3275863,840.2336193,0.3686424265,1198.405628,652.829669,14.71145197,0.8733552632,0.6354628259,393,weka.A2DE,0.966777,Supervised Classification
30,page-blocks,5473,11,5,class,0,0,0,10,1,90.90909091,9.090909091,89.76795176,0.5116024118,4913,28,253.3275863,840.2336193,0.3686424265,1198.405628,652.829669,14.71145197,0.8733552632,0.6354628259,398,weka.AdaBoostM1_BFTree,0.972315,Supervised Classification
30,page-blocks,5473,11,5,class,0,0,0,10,1,90.90909091,9.090909091,89.76795176,0.5116024118,4913,28,253.3275863,840.2336193,0.3686424265,1198.405628,652.829669,14.71145197,0.8733552632,0.6354628259,404,weka.AdaBoostM1_IBk,0.961794,Supervised Classification
30,page-blocks,5473,11,5,class,0,0,0,10,1,90.90909091,9.090909091,89.76795176,0.5116024118,4913,28,253.3275863,840.2336193,0.3686424265,1198.405628,652.829669,14.71145197,0.8733552632,0.6354628259,405,weka.AdaBoostM1_J48,0.967885,Supervised Classification
30,page-blocks,5473,11,5,class,0,0,0,10,1,90.90909091,9.090909091,89.76795176,0.5116024118,4913,28,253.3275863,840.2336193,0.3686424265,1198.405628,652.829669,14.71145197,0.8733552632,0.6354628259,405,weka.AdaBoostM1_J48,0.968439,Supervised Classification
30,page-blocks,5473,11,5,class,0,0,0,10,1,90.90909091,9.090909091,89.76795176,0.5116024118,4913,28,253.3275863,840.2336193,0.3686424265,1198.405628,652.829669,14.71145197,0.8733552632,0.6354628259,406,weka.AdaBoostM1_JRip,0.973422,Supervised Classification
30,page-blocks,5473,11,5,class,0,0,0,10,1,90.90909091,9.090909091,89.76795176,0.5116024118,4913,28,253.3275863,840.2336193,0.3686424265,1198.405628,652.829669,14.71145197,0.8733552632,0.6354628259,407,weka.AdaBoostM1_LADTree,0.968439,Supervised Classification
30,page-blocks,5473,11,5,class,0,0,0,10,1,90.90909091,9.090909091,89.76795176,0.5116024118,4913,28,253.3275863,840.2336193,0.3686424265,1198.405628,652.829669,14.71145197,0.8733552632,0.6354628259,407,weka.AdaBoostM1_LADTree,0.966224,Supervised Classification
30,page-blocks,5473,11,5,class,0,0,0,10,1,90.90909091,9.090909091,89.76795176,0.5116024118,4913,28,253.3275863,840.2336193,0.3686424265,1198.405628,652.829669,14.71145197,0.8733552632,0.6354628259,411,weka.AdaBoostM1_LMT,0.967331,Supervised Classification
30,page-blocks,5473,11,5,class,0,0,0,10,1,90.90909091,9.090909091,89.76795176,0.5116024118,4913,28,253.3275863,840.2336193,0.3686424265,1198.405628,652.829669,14.71145197,0.8733552632,0.6354628259,411,weka.AdaBoostM1_LMT,0.9701,Supervised Classification
30,page-blocks,5473,11,5,class,0,0,0,10,1,90.90909091,9.090909091,89.76795176,0.5116024118,4913,28,253.3275863,840.2336193,0.3686424265,1198.405628,652.829669,14.71145197,0.8733552632,0.6354628259,413,weka.AdaBoostM1_LWL_DecisionStump,0.92691,Supervised Classification
30,page-blocks,5473,11,5,class,0,0,0,10,1,90.90909091,9.090909091,89.76795176,0.5116024118,4913,28,253.3275863,840.2336193,0.3686424265,1198.405628,652.829669,14.71145197,0.8733552632,0.6354628259,417,weka.AdaBoostM1_NaiveBayes,0.872647,Supervised Classification
30,page-blocks,5473,11,5,class,0,0,0,10,1,90.90909091,9.090909091,89.76795176,0.5116024118,4913,28,253.3275863,840.2336193,0.3686424265,1198.405628,652.829669,14.71145197,0.8733552632,0.6354628259,418,weka.AdaBoostM1_OneR,0.944629,Supervised Classification
30,page-blocks,5473,11,5,class,0,0,0,10,1,90.90909091,9.090909091,89.76795176,0.5116024118,4913,28,253.3275863,840.2336193,0.3686424265,1198.405628,652.829669,14.71145197,0.8733552632,0.6354628259,418,weka.AdaBoostM1_OneR,0.943522,Supervised Classification
30,page-blocks,5473,11,5,class,0,0,0,10,1,90.90909091,9.090909091,89.76795176,0.5116024118,4913,28,253.3275863,840.2336193,0.3686424265,1198.405628,652.829669,14.71145197,0.8733552632,0.6354628259,419,weka.AdaBoostM1_RandomForest,0.973422,Supervised Classification
30,page-blocks,5473,11,5,class,0,0,0,10,1,90.90909091,9.090909091,89.76795176,0.5116024118,4913,28,253.3275863,840.2336193,0.3686424265,1198.405628,652.829669,14.71145197,0.8733552632,0.6354628259,419,weka.AdaBoostM1_RandomForest,0.972868,Supervised Classification
30,page-blocks,5473,11,5,class,0,0,0,10,1,90.90909091,9.090909091,89.76795176,0.5116024118,4913,28,253.3275863,840.2336193,0.3686424265,1198.405628,652.829669,14.71145197,0.8733552632,0.6354628259,420,weka.AdaBoostM1_RandomTree,0.971761,Supervised Classification
30,page-blocks,5473,11,5,class,0,0,0,10,1,90.90909091,9.090909091,89.76795176,0.5116024118,4913,28,253.3275863,840.2336193,0.3686424265,1198.405628,652.829669,14.71145197,0.8733552632,0.6354628259,420,weka.AdaBoostM1_RandomTree,0.971207,Supervised Classification
30,page-blocks,5473,11,5,class,0,0,0,10,1,90.90909091,9.090909091,89.76795176,0.5116024118,4913,28,253.3275863,840.2336193,0.3686424265,1198.405628,652.829669,14.71145197,0.8733552632,0.6354628259,420,weka.AdaBoostM1_RandomTree,0.972315,Supervised Classification
30,page-blocks,5473,11,5,class,0,0,0,10,1,90.90909091,9.090909091,89.76795176,0.5116024118,4913,28,253.3275863,840.2336193,0.3686424265,1198.405628,652.829669,14.71145197,0.8733552632,0.6354628259,420,weka.AdaBoostM1_RandomTree,0.970653,Supervised Classification
30,page-blocks,5473,11,5,class,0,0,0,10,1,90.90909091,9.090909091,89.76795176,0.5116024118,4913,28,253.3275863,840.2336193,0.3686424265,1198.405628,652.829669,14.71145197,0.8733552632,0.6354628259,422,weka.AdaBoostM1_REPTree,0.966224,Supervised Classification
30,page-blocks,5473,11,5,class,0,0,0,10,1,90.90909091,9.090909091,89.76795176,0.5116024118,4913,28,253.3275863,840.2336193,0.3686424265,1198.405628,652.829669,14.71145197,0.8733552632,0.6354628259,423,weka.AdaBoostM1_SMO_PolyKernel,0.931894,Supervised Classification
30,page-blocks,5473,11,5,class,0,0,0,10,1,90.90909091,9.090909091,89.76795176,0.5116024118,4913,28,253.3275863,840.2336193,0.3686424265,1198.405628,652.829669,14.71145197,0.8733552632,0.6354628259,1075,weka.NNge,0.968439,Supervised Classification
30,page-blocks,5473,11,5,class,0,0,0,10,1,90.90909091,9.090909091,89.76795176,0.5116024118,4913,28,253.3275863,840.2336193,0.3686424265,1198.405628,652.829669,14.71145197,0.8733552632,0.6354628259,1076,weka.SimpleCart,0.968992,Supervised Classification
30,page-blocks,5473,11,5,class,0,0,0,10,1,90.90909091,9.090909091,89.76795176,0.5116024118,4913,28,253.3275863,840.2336193,0.3686424265,1198.405628,652.829669,14.71145197,0.8733552632,0.6354628259,1077,weka.REPTree,0.972868,Supervised Classification
30,page-blocks,5473,11,5,class,0,0,0,10,1,90.90909091,9.090909091,89.76795176,0.5116024118,4913,28,253.3275863,840.2336193,0.3686424265,1198.405628,652.829669,14.71145197,0.8733552632,0.6354628259,1078,weka.RandomTree,0.964009,Supervised Classification
30,page-blocks,5473,11,5,class,0,0,0,10,1,90.90909091,9.090909091,89.76795176,0.5116024118,4913,28,253.3275863,840.2336193,0.3686424265,1198.405628,652.829669,14.71145197,0.8733552632,0.6354628259,1079,weka.RandomForest,0.972868,Supervised Classification
30,page-blocks,5473,11,5,class,0,0,0,10,1,90.90909091,9.090909091,89.76795176,0.5116024118,4913,28,253.3275863,840.2336193,0.3686424265,1198.405628,652.829669,14.71145197,0.8733552632,0.6354628259,1080,weka.NBTree,0.959025,Supervised Classification
30,page-blocks,5473,11,5,class,0,0,0,10,1,90.90909091,9.090909091,89.76795176,0.5116024118,4913,28,253.3275863,840.2336193,0.3686424265,1198.405628,652.829669,14.71145197,0.8733552632,0.6354628259,1112,weka.LibLINEAR,0.960133,Supervised Classification
30,page-blocks,5473,11,5,class,0,0,0,10,1,90.90909091,9.090909091,89.76795176,0.5116024118,4913,28,253.3275863,840.2336193,0.3686424265,1198.405628,652.829669,14.71145197,0.8733552632,0.6354628259,1177,weka.SimpleLogistic,0.966224,Supervised Classification
30,page-blocks,5473,11,5,class,0,0,0,10,1,90.90909091,9.090909091,89.76795176,0.5116024118,4913,28,253.3275863,840.2336193,0.3686424265,1198.405628,652.829669,14.71145197,0.8733552632,0.6354628259,1178,weka.SMO_PolyKernel,0.931894,Supervised Classification
30,page-blocks,5473,11,5,class,0,0,0,10,1,90.90909091,9.090909091,89.76795176,0.5116024118,4913,28,253.3275863,840.2336193,0.3686424265,1198.405628,652.829669,14.71145197,0.8733552632,0.6354628259,1179,weka.SMO_RBFKernel,0.901993,Supervised Classification
30,page-blocks,5473,11,5,class,0,0,0,10,1,90.90909091,9.090909091,89.76795176,0.5116024118,4913,28,253.3275863,840.2336193,0.3686424265,1198.405628,652.829669,14.71145197,0.8733552632,0.6354628259,1105,weka.IBk,0.963455,Supervised Classification
30,page-blocks,5473,11,5,class,0,0,0,10,1,90.90909091,9.090909091,89.76795176,0.5116024118,4913,28,253.3275863,840.2336193,0.3686424265,1198.405628,652.829669,14.71145197,0.8733552632,0.6354628259,1105,weka.IBk,0.958472,Supervised Classification
30,page-blocks,5473,11,5,class,0,0,0,10,1,90.90909091,9.090909091,89.76795176,0.5116024118,4913,28,253.3275863,840.2336193,0.3686424265,1198.405628,652.829669,14.71145197,0.8733552632,0.6354628259,1182,weka.AdaBoostM1_DecisionStump,0.92691,Supervised Classification
30,page-blocks,5473,11,5,class,0,0,0,10,1,90.90909091,9.090909091,89.76795176,0.5116024118,4913,28,253.3275863,840.2336193,0.3686424265,1198.405628,652.829669,14.71145197,0.8733552632,0.6354628259,1183,weka.AttributeSelectedClassifier_CfsSubsetEval_BestFirst_J48,0.967331,Supervised Classification
30,page-blocks,5473,11,5,class,0,0,0,10,1,90.90909091,9.090909091,89.76795176,0.5116024118,4913,28,253.3275863,840.2336193,0.3686424265,1198.405628,652.829669,14.71145197,0.8733552632,0.6354628259,1191,weka.LogitBoost_DecisionStump,0.972868,Supervised Classification
30,page-blocks,5473,11,5,class,0,0,0,10,1,90.90909091,9.090909091,89.76795176,0.5116024118,4913,28,253.3275863,840.2336193,0.3686424265,1198.405628,652.829669,14.71145197,0.8733552632,0.6354628259,1194,weka.RandomSubSpace_REPTree,0.968992,Supervised Classification
30,page-blocks,5473,11,5,class,0,0,0,10,1,90.90909091,9.090909091,89.76795176,0.5116024118,4913,28,253.3275863,840.2336193,0.3686424265,1198.405628,652.829669,14.71145197,0.8733552632,0.6354628259,1087,weka.HoeffdingTree,0.901993,Supervised Classification
30,page-blocks,5473,11,5,class,0,0,0,10,1,90.90909091,9.090909091,89.76795176,0.5116024118,4913,28,253.3275863,840.2336193,0.3686424265,1198.405628,652.829669,14.71145197,0.8733552632,0.6354628259,1101,weka.InputMappedClassifier_ZeroR,0.901993,Supervised Classification
30,page-blocks,5473,11,5,class,0,0,0,10,1,90.90909091,9.090909091,89.76795176,0.5116024118,4913,28,253.3275863,840.2336193,0.3686424265,1198.405628,652.829669,14.71145197,0.8733552632,0.6354628259,1104,weka.IB1,0.961794,Supervised Classification
30,page-blocks,5473,11,5,class,0,0,0,10,1,90.90909091,9.090909091,89.76795176,0.5116024118,4913,28,253.3275863,840.2336193,0.3686424265,1198.405628,652.829669,14.71145197,0.8733552632,0.6354628259,1106,weka.KStar,0.965116,Supervised Classification
30,page-blocks,5473,11,5,class,0,0,0,10,1,90.90909091,9.090909091,89.76795176,0.5116024118,4913,28,253.3275863,840.2336193,0.3686424265,1198.405628,652.829669,14.71145197,0.8733552632,0.6354628259,1185,weka.Bagging_REPTree,0.970653,Supervised Classification
30,page-blocks,5473,11,5,class,0,0,0,10,1,90.90909091,9.090909091,89.76795176,0.5116024118,4913,28,253.3275863,840.2336193,0.3686424265,1198.405628,652.829669,14.71145197,0.8733552632,0.6354628259,1185,weka.Bagging_REPTree,0.973422,Supervised Classification
30,page-blocks,5473,11,5,class,0,0,0,10,1,90.90909091,9.090909091,89.76795176,0.5116024118,4913,28,253.3275863,840.2336193,0.3686424265,1198.405628,652.829669,14.71145197,0.8733552632,0.6354628259,1194,weka.RandomSubSpace_REPTree,0.971207,Supervised Classification
30,page-blocks,5473,11,5,class,0,0,0,10,1,90.90909091,9.090909091,89.76795176,0.5116024118,4913,28,253.3275863,840.2336193,0.3686424265,1198.405628,652.829669,14.71145197,0.8733552632,0.6354628259,1088,weka.FT,0.963455,Supervised Classification
30,page-blocks,5473,11,5,class,0,0,0,10,1,90.90909091,9.090909091,89.76795176,0.5116024118,4913,28,253.3275863,840.2336193,0.3686424265,1198.405628,652.829669,14.71145197,0.8733552632,0.6354628259,1089,weka.ExtraTree,0.951827,Supervised Classification
30,page-blocks,5473,11,5,class,0,0,0,10,1,90.90909091,9.090909091,89.76795176,0.5116024118,4913,28,253.3275863,840.2336193,0.3686424265,1198.405628,652.829669,14.71145197,0.8733552632,0.6354628259,1090,weka.DecisionStump,0.92691,Supervised Classification
30,page-blocks,5473,11,5,class,0,0,0,10,1,90.90909091,9.090909091,89.76795176,0.5116024118,4913,28,253.3275863,840.2336193,0.3686424265,1198.405628,652.829669,14.71145197,0.8733552632,0.6354628259,1091,weka.BFTree,0.968992,Supervised Classification
30,page-blocks,5473,11,5,class,0,0,0,10,1,90.90909091,9.090909091,89.76795176,0.5116024118,4913,28,253.3275863,840.2336193,0.3686424265,1198.405628,652.829669,14.71145197,0.8733552632,0.6354628259,1096,weka.DecisionTable_BestFirst,0.957364,Supervised Classification
30,page-blocks,5473,11,5,class,0,0,0,10,1,90.90909091,9.090909091,89.76795176,0.5116024118,4913,28,253.3275863,840.2336193,0.3686424265,1198.405628,652.829669,14.71145197,0.8733552632,0.6354628259,1103,weka.VFI,0.900886,Supervised Classification
30,page-blocks,5473,11,5,class,0,0,0,10,1,90.90909091,9.090909091,89.76795176,0.5116024118,4913,28,253.3275863,840.2336193,0.3686424265,1198.405628,652.829669,14.71145197,0.8733552632,0.6354628259,1117,weka.RBFClassifier,0.92691,Supervised Classification
30,page-blocks,5473,11,5,class,0,0,0,10,1,90.90909091,9.090909091,89.76795176,0.5116024118,4913,28,253.3275863,840.2336193,0.3686424265,1198.405628,652.829669,14.71145197,0.8733552632,0.6354628259,1154,weka.NaiveBayes,0.872647,Supervised Classification
30,page-blocks,5473,11,5,class,0,0,0,10,1,90.90909091,9.090909091,89.76795176,0.5116024118,4913,28,253.3275863,840.2336193,0.3686424265,1198.405628,652.829669,14.71145197,0.8733552632,0.6354628259,1244,weka.FilteredClassifier_Discretize_J48,0.961794,Supervised Classification
30,page-blocks,5473,11,5,class,0,0,0,10,1,90.90909091,9.090909091,89.76795176,0.5116024118,4913,28,253.3275863,840.2336193,0.3686424265,1198.405628,652.829669,14.71145197,0.8733552632,0.6354628259,1163,weka.FilteredClassifier_PrincipalComponents_J48,0.960687,Supervised Classification
30,page-blocks,5473,11,5,class,0,0,0,10,1,90.90909091,9.090909091,89.76795176,0.5116024118,4913,28,253.3275863,840.2336193,0.3686424265,1198.405628,652.829669,14.71145197,0.8733552632,0.6354628259,1172,weka.LibSVM,0.918605,Supervised Classification
30,page-blocks,5473,11,5,class,0,0,0,10,1,90.90909091,9.090909091,89.76795176,0.5116024118,4913,28,253.3275863,840.2336193,0.3686424265,1198.405628,652.829669,14.71145197,0.8733552632,0.6354628259,1185,weka.Bagging_REPTree,0.969546,Supervised Classification
30,page-blocks,5473,11,5,class,0,0,0,10,1,90.90909091,9.090909091,89.76795176,0.5116024118,4913,28,253.3275863,840.2336193,0.3686424265,1198.405628,652.829669,14.71145197,0.8733552632,0.6354628259,1185,weka.Bagging_REPTree,0.974529,Supervised Classification
30,page-blocks,5473,11,5,class,0,0,0,10,1,90.90909091,9.090909091,89.76795176,0.5116024118,4913,28,253.3275863,840.2336193,0.3686424265,1198.405628,652.829669,14.71145197,0.8733552632,0.6354628259,1185,weka.Bagging_REPTree,0.973976,Supervised Classification
30,page-blocks,5473,11,5,class,0,0,0,10,1,90.90909091,9.090909091,89.76795176,0.5116024118,4913,28,253.3275863,840.2336193,0.3686424265,1198.405628,652.829669,14.71145197,0.8733552632,0.6354628259,1191,weka.LogitBoost_DecisionStump,0.973422,Supervised Classification
30,page-blocks,5473,11,5,class,0,0,0,10,1,90.90909091,9.090909091,89.76795176,0.5116024118,4913,28,253.3275863,840.2336193,0.3686424265,1198.405628,652.829669,14.71145197,0.8733552632,0.6354628259,1191,weka.LogitBoost_DecisionStump,0.966224,Supervised Classification
30,page-blocks,5473,11,5,class,0,0,0,10,1,90.90909091,9.090909091,89.76795176,0.5116024118,4913,28,253.3275863,840.2336193,0.3686424265,1198.405628,652.829669,14.71145197,0.8733552632,0.6354628259,1194,weka.RandomSubSpace_REPTree,0.972315,Supervised Classification
30,page-blocks,5473,11,5,class,0,0,0,10,1,90.90909091,9.090909091,89.76795176,0.5116024118,4913,28,253.3275863,840.2336193,0.3686424265,1198.405628,652.829669,14.71145197,0.8733552632,0.6354628259,1094,weka.JRip,0.966777,Supervised Classification
30,page-blocks,5473,11,5,class,0,0,0,10,1,90.90909091,9.090909091,89.76795176,0.5116024118,4913,28,253.3275863,840.2336193,0.3686424265,1198.405628,652.829669,14.71145197,0.8733552632,0.6354628259,1098,weka.ConjunctiveRule,0.92691,Supervised Classification
30,page-blocks,5473,11,5,class,0,0,0,10,1,90.90909091,9.090909091,89.76795176,0.5116024118,4913,28,253.3275863,840.2336193,0.3686424265,1198.405628,652.829669,14.71145197,0.8733552632,0.6354628259,1099,weka.CHIRP,0.961794,Supervised Classification
30,page-blocks,5473,11,5,class,0,0,0,10,1,90.90909091,9.090909091,89.76795176,0.5116024118,4913,28,253.3275863,840.2336193,0.3686424265,1198.405628,652.829669,14.71145197,0.8733552632,0.6354628259,1100,weka.HyperPipes,0.919712,Supervised Classification
30,page-blocks,5473,11,5,class,0,0,0,10,1,90.90909091,9.090909091,89.76795176,0.5116024118,4913,28,253.3275863,840.2336193,0.3686424265,1198.405628,652.829669,14.71145197,0.8733552632,0.6354628259,1105,weka.IBk,0.961794,Supervised Classification
30,page-blocks,5473,11,5,class,0,0,0,10,1,90.90909091,9.090909091,89.76795176,0.5116024118,4913,28,253.3275863,840.2336193,0.3686424265,1198.405628,652.829669,14.71145197,0.8733552632,0.6354628259,1160,weka.AttributeSelectedClassifier_PrincipalComponents_Ranker_J48,0.960687,Supervised Classification
30,page-blocks,5473,11,5,class,0,0,0,10,1,90.90909091,9.090909091,89.76795176,0.5116024118,4913,28,253.3275863,840.2336193,0.3686424265,1198.405628,652.829669,14.71145197,0.8733552632,0.6354628259,1191,weka.LogitBoost_DecisionStump,0.970653,Supervised Classification
30,page-blocks,5473,11,5,class,0,0,0,10,1,90.90909091,9.090909091,89.76795176,0.5116024118,4913,28,253.3275863,840.2336193,0.3686424265,1198.405628,652.829669,14.71145197,0.8733552632,0.6354628259,1197,weka.FURIA,0.967885,Supervised Classification
30,page-blocks,5473,11,5,class,0,0,0,10,1,90.90909091,9.090909091,89.76795176,0.5116024118,4913,28,253.3275863,840.2336193,0.3686424265,1198.405628,652.829669,14.71145197,0.8733552632,0.6354628259,1108,weka.LWL_DecisionStump,0.92691,Supervised Classification
30,page-blocks,5473,11,5,class,0,0,0,10,1,90.90909091,9.090909091,89.76795176,0.5116024118,4913,28,253.3275863,840.2336193,0.3686424265,1198.405628,652.829669,14.71145197,0.8733552632,0.6354628259,1166,weka.A2DE,0.966777,Supervised Classification
30,page-blocks,5473,11,5,class,0,0,0,10,1,90.90909091,9.090909091,89.76795176,0.5116024118,4913,28,253.3275863,840.2336193,0.3686424265,1198.405628,652.829669,14.71145197,0.8733552632,0.6354628259,1084,weka.J48graft,0.967885,Supervised Classification
30,page-blocks,5473,11,5,class,0,0,0,10,1,90.90909091,9.090909091,89.76795176,0.5116024118,4913,28,253.3275863,840.2336193,0.3686424265,1198.405628,652.829669,14.71145197,0.8733552632,0.6354628259,1186,weka.Dagging_DecisionStump,0.92691,Supervised Classification
30,page-blocks,5473,11,5,class,0,0,0,10,1,90.90909091,9.090909091,89.76795176,0.5116024118,4913,28,253.3275863,840.2336193,0.3686424265,1198.405628,652.829669,14.71145197,0.8733552632,0.6354628259,1187,weka.Decorate,0.968439,Supervised Classification
30,page-blocks,5473,11,5,class,0,0,0,10,1,90.90909091,9.090909091,89.76795176,0.5116024118,4913,28,253.3275863,840.2336193,0.3686424265,1198.405628,652.829669,14.71145197,0.8733552632,0.6354628259,1188,weka.END_ND_J48,0.971207,Supervised Classification
30,page-blocks,5473,11,5,class,0,0,0,10,1,90.90909091,9.090909091,89.76795176,0.5116024118,4913,28,253.3275863,840.2336193,0.3686424265,1198.405628,652.829669,14.71145197,0.8733552632,0.6354628259,1190,weka.Grading_ZeroR,0.901993,Supervised Classification
30,page-blocks,5473,11,5,class,0,0,0,10,1,90.90909091,9.090909091,89.76795176,0.5116024118,4913,28,253.3275863,840.2336193,0.3686424265,1198.405628,652.829669,14.71145197,0.8733552632,0.6354628259,1192,weka.MultiBoostAB_DecisionStump,0.92691,Supervised Classification
30,page-blocks,5473,11,5,class,0,0,0,10,1,90.90909091,9.090909091,89.76795176,0.5116024118,4913,28,253.3275863,840.2336193,0.3686424265,1198.405628,652.829669,14.71145197,0.8733552632,0.6354628259,1193,weka.RacedIncrementalLogitBoost_DecisionStump,0.954596,Supervised Classification
30,page-blocks,5473,11,5,class,0,0,0,10,1,90.90909091,9.090909091,89.76795176,0.5116024118,4913,28,253.3275863,840.2336193,0.3686424265,1198.405628,652.829669,14.71145197,0.8733552632,0.6354628259,1196,weka.RotationForest_PrincipalComponents_J48,0.9701,Supervised Classification
30,page-blocks,5473,11,5,class,0,0,0,10,1,90.90909091,9.090909091,89.76795176,0.5116024118,4913,28,253.3275863,840.2336193,0.3686424265,1198.405628,652.829669,14.71145197,0.8733552632,0.6354628259,1196,weka.RotationForest_PrincipalComponents_J48,0.971207,Supervised Classification
30,page-blocks,5473,11,5,class,0,0,0,10,1,90.90909091,9.090909091,89.76795176,0.5116024118,4913,28,253.3275863,840.2336193,0.3686424265,1198.405628,652.829669,14.71145197,0.8733552632,0.6354628259,1196,weka.RotationForest_PrincipalComponents_J48,0.970653,Supervised Classification
30,page-blocks,5473,11,5,class,0,0,0,10,1,90.90909091,9.090909091,89.76795176,0.5116024118,4913,28,253.3275863,840.2336193,0.3686424265,1198.405628,652.829669,14.71145197,0.8733552632,0.6354628259,1196,weka.RotationForest_PrincipalComponents_J48,0.972315,Supervised Classification
15,breast-w,699,10,2,Class,16,0.2288984263,16,9,1,90,10,65.52217454,34.47782546,458,241,3.1357041,2.751080546,1.589413448,4.417739628,1.684115096,1.477488667,0.6318051576,0.9293179372,1068,weka.J48,0.921739,Supervised Classification
15,breast-w,699,10,2,Class,16,0.2288984263,16,9,1,90,10,65.52217454,34.47782546,458,241,3.1357041,2.751080546,1.589413448,4.417739628,1.684115096,1.477488667,0.6318051576,0.9293179372,1069,weka.ZeroR,0.6,Supervised Classification
15,breast-w,699,10,2,Class,16,0.2288984263,16,9,1,90,10,65.52217454,34.47782546,458,241,3.1357041,2.751080546,1.589413448,4.417739628,1.684115096,1.477488667,0.6318051576,0.9293179372,1070,weka.Ridor,0.947826,Supervised Classification
15,breast-w,699,10,2,Class,16,0.2288984263,16,9,1,90,10,65.52217454,34.47782546,458,241,3.1357041,2.751080546,1.589413448,4.417739628,1.684115096,1.477488667,0.6318051576,0.9293179372,1071,weka.OneR,0.913043,Supervised Classification
15,breast-w,699,10,2,Class,16,0.2288984263,16,9,1,90,10,65.52217454,34.47782546,458,241,3.1357041,2.751080546,1.589413448,4.417739628,1.684115096,1.477488667,0.6318051576,0.9293179372,1073,weka.PART,0.943478,Supervised Classification
15,breast-w,699,10,2,Class,16,0.2288984263,16,9,1,90,10,65.52217454,34.47782546,458,241,3.1357041,2.751080546,1.589413448,4.417739628,1.684115096,1.477488667,0.6318051576,0.9293179372,1074,weka.OLM,0.834783,Supervised Classification
15,breast-w,699,10,2,Class,16,0.2288984263,16,9,1,90,10,65.52217454,34.47782546,458,241,3.1357041,2.751080546,1.589413448,4.417739628,1.684115096,1.477488667,0.6318051576,0.9293179372,1172,weka.LibSVM,0.93913,Supervised Classification
15,breast-w,699,10,2,Class,16,0.2288984263,16,9,1,90,10,65.52217454,34.47782546,458,241,3.1357041,2.751080546,1.589413448,4.417739628,1.684115096,1.477488667,0.6318051576,0.9293179372,1160,weka.AttributeSelectedClassifier_PrincipalComponents_Ranker_J48,0.952174,Supervised Classification
15,breast-w,699,10,2,Class,16,0.2288984263,16,9,1,90,10,65.52217454,34.47782546,458,241,3.1357041,2.751080546,1.589413448,4.417739628,1.684115096,1.477488667,0.6318051576,0.9293179372,1082,weka.LMT,0.956522,Supervised Classification
15,breast-w,699,10,2,Class,16,0.2288984263,16,9,1,90,10,65.52217454,34.47782546,458,241,3.1357041,2.751080546,1.589413448,4.417739628,1.684115096,1.477488667,0.6318051576,0.9293179372,1165,weka.A1DE,0.965217,Supervised Classification
15,breast-w,699,10,2,Class,16,0.2288984263,16,9,1,90,10,65.52217454,34.47782546,458,241,3.1357041,2.751080546,1.589413448,4.417739628,1.684115096,1.477488667,0.6318051576,0.9293179372,365,weka.J48,0.921739,Supervised Classification
15,breast-w,699,10,2,Class,16,0.2288984263,16,9,1,90,10,65.52217454,34.47782546,458,241,3.1357041,2.751080546,1.589413448,4.417739628,1.684115096,1.477488667,0.6318051576,0.9293179372,523,weka.Bagging_J48,0.96087,Supervised Classification
15,breast-w,699,10,2,Class,16,0.2288984263,16,9,1,90,10,65.52217454,34.47782546,458,241,3.1357041,2.751080546,1.589413448,4.417739628,1.684115096,1.477488667,0.6318051576,0.9293179372,524,weka.Bagging_JRip,0.956522,Supervised Classification
15,breast-w,699,10,2,Class,16,0.2288984263,16,9,1,90,10,65.52217454,34.47782546,458,241,3.1357041,2.751080546,1.589413448,4.417739628,1.684115096,1.477488667,0.6318051576,0.9293179372,524,weka.Bagging_JRip,0.96087,Supervised Classification
15,breast-w,699,10,2,Class,16,0.2288984263,16,9,1,90,10,65.52217454,34.47782546,458,241,3.1357041,2.751080546,1.589413448,4.417739628,1.684115096,1.477488667,0.6318051576,0.9293179372,611,weka.MultiBoostAB_ADTree,0.952174,Supervised Classification
15,breast-w,699,10,2,Class,16,0.2288984263,16,9,1,90,10,65.52217454,34.47782546,458,241,3.1357041,2.751080546,1.589413448,4.417739628,1.684115096,1.477488667,0.6318051576,0.9293179372,611,weka.MultiBoostAB_ADTree,0.943478,Supervised Classification
15,breast-w,699,10,2,Class,16,0.2288984263,16,9,1,90,10,65.52217454,34.47782546,458,241,3.1357041,2.751080546,1.589413448,4.417739628,1.684115096,1.477488667,0.6318051576,0.9293179372,611,weka.MultiBoostAB_ADTree,0.93913,Supervised Classification
15,breast-w,699,10,2,Class,16,0.2288984263,16,9,1,90,10,65.52217454,34.47782546,458,241,3.1357041,2.751080546,1.589413448,4.417739628,1.684115096,1.477488667,0.6318051576,0.9293179372,527,weka.Bagging_LMT,0.965217,Supervised Classification
15,breast-w,699,10,2,Class,16,0.2288984263,16,9,1,90,10,65.52217454,34.47782546,458,241,3.1357041,2.751080546,1.589413448,4.417739628,1.684115096,1.477488667,0.6318051576,0.9293179372,527,weka.Bagging_LMT,0.96087,Supervised Classification
15,breast-w,699,10,2,Class,16,0.2288984263,16,9,1,90,10,65.52217454,34.47782546,458,241,3.1357041,2.751080546,1.589413448,4.417739628,1.684115096,1.477488667,0.6318051576,0.9293179372,527,weka.Bagging_LMT,0.956522,Supervised Classification
15,breast-w,699,10,2,Class,16,0.2288984263,16,9,1,90,10,65.52217454,34.47782546,458,241,3.1357041,2.751080546,1.589413448,4.417739628,1.684115096,1.477488667,0.6318051576,0.9293179372,528,weka.Bagging_LWL_DecisionStump,0.943478,Supervised Classification
15,breast-w,699,10,2,Class,16,0.2288984263,16,9,1,90,10,65.52217454,34.47782546,458,241,3.1357041,2.751080546,1.589413448,4.417739628,1.684115096,1.477488667,0.6318051576,0.9293179372,613,weka.MultiBoostAB_SPegasos,0.969565,Supervised Classification
15,breast-w,699,10,2,Class,16,0.2288984263,16,9,1,90,10,65.52217454,34.47782546,458,241,3.1357041,2.751080546,1.589413448,4.417739628,1.684115096,1.477488667,0.6318051576,0.9293179372,528,weka.Bagging_LWL_DecisionStump,0.947826,Supervised Classification
15,breast-w,699,10,2,Class,16,0.2288984263,16,9,1,90,10,65.52217454,34.47782546,458,241,3.1357041,2.751080546,1.589413448,4.417739628,1.684115096,1.477488667,0.6318051576,0.9293179372,613,weka.MultiBoostAB_SPegasos,0.96087,Supervised Classification
15,breast-w,699,10,2,Class,16,0.2288984263,16,9,1,90,10,65.52217454,34.47782546,458,241,3.1357041,2.751080546,1.589413448,4.417739628,1.684115096,1.477488667,0.6318051576,0.9293179372,528,weka.Bagging_LWL_DecisionStump,0.952174,Supervised Classification
15,breast-w,699,10,2,Class,16,0.2288984263,16,9,1,90,10,65.52217454,34.47782546,458,241,3.1357041,2.751080546,1.589413448,4.417739628,1.684115096,1.477488667,0.6318051576,0.9293179372,613,weka.MultiBoostAB_SPegasos,0.965217,Supervised Classification
15,breast-w,699,10,2,Class,16,0.2288984263,16,9,1,90,10,65.52217454,34.47782546,458,241,3.1357041,2.751080546,1.589413448,4.417739628,1.684115096,1.477488667,0.6318051576,0.9293179372,529,weka.Bagging_MultilayerPerceptron,0.96087,Supervised Classification
15,breast-w,699,10,2,Class,16,0.2288984263,16,9,1,90,10,65.52217454,34.47782546,458,241,3.1357041,2.751080546,1.589413448,4.417739628,1.684115096,1.477488667,0.6318051576,0.9293179372,529,weka.Bagging_MultilayerPerceptron,0.952174,Supervised Classification
15,breast-w,699,10,2,Class,16,0.2288984263,16,9,1,90,10,65.52217454,34.47782546,458,241,3.1357041,2.751080546,1.589413448,4.417739628,1.684115096,1.477488667,0.6318051576,0.9293179372,622,weka.RealAdaBoost_RandomTree,0.952174,Supervised Classification
15,breast-w,699,10,2,Class,16,0.2288984263,16,9,1,90,10,65.52217454,34.47782546,458,241,3.1357041,2.751080546,1.589413448,4.417739628,1.684115096,1.477488667,0.6318051576,0.9293179372,530,weka.Bagging_NaiveBayes,0.943478,Supervised Classification
15,breast-w,699,10,2,Class,16,0.2288984263,16,9,1,90,10,65.52217454,34.47782546,458,241,3.1357041,2.751080546,1.589413448,4.417739628,1.684115096,1.477488667,0.6318051576,0.9293179372,531,weka.Bagging_OneR,0.934783,Supervised Classification
15,breast-w,699,10,2,Class,16,0.2288984263,16,9,1,90,10,65.52217454,34.47782546,458,241,3.1357041,2.751080546,1.589413448,4.417739628,1.684115096,1.477488667,0.6318051576,0.9293179372,532,weka.Bagging_RandomForest,0.952174,Supervised Classification
15,breast-w,699,10,2,Class,16,0.2288984263,16,9,1,90,10,65.52217454,34.47782546,458,241,3.1357041,2.751080546,1.589413448,4.417739628,1.684115096,1.477488667,0.6318051576,0.9293179372,532,weka.Bagging_RandomForest,0.956522,Supervised Classification
15,breast-w,699,10,2,Class,16,0.2288984263,16,9,1,90,10,65.52217454,34.47782546,458,241,3.1357041,2.751080546,1.589413448,4.417739628,1.684115096,1.477488667,0.6318051576,0.9293179372,533,weka.Bagging_RandomTree,0.952174,Supervised Classification
15,breast-w,699,10,2,Class,16,0.2288984263,16,9,1,90,10,65.52217454,34.47782546,458,241,3.1357041,2.751080546,1.589413448,4.417739628,1.684115096,1.477488667,0.6318051576,0.9293179372,533,weka.Bagging_RandomTree,0.96087,Supervised Classification
15,breast-w,699,10,2,Class,16,0.2288984263,16,9,1,90,10,65.52217454,34.47782546,458,241,3.1357041,2.751080546,1.589413448,4.417739628,1.684115096,1.477488667,0.6318051576,0.9293179372,378,weka.Bagging_REPTree,0.952174,Supervised Classification
15,breast-w,699,10,2,Class,16,0.2288984263,16,9,1,90,10,65.52217454,34.47782546,458,241,3.1357041,2.751080546,1.589413448,4.417739628,1.684115096,1.477488667,0.6318051576,0.9293179372,378,weka.Bagging_REPTree,0.956522,Supervised Classification
15,breast-w,699,10,2,Class,16,0.2288984263,16,9,1,90,10,65.52217454,34.47782546,458,241,3.1357041,2.751080546,1.589413448,4.417739628,1.684115096,1.477488667,0.6318051576,0.9293179372,534,weka.Bagging_SMO_PolyKernel,0.96087,Supervised Classification
15,breast-w,699,10,2,Class,16,0.2288984263,16,9,1,90,10,65.52217454,34.47782546,458,241,3.1357041,2.751080546,1.589413448,4.417739628,1.684115096,1.477488667,0.6318051576,0.9293179372,563,weka.NaiveBayesUpdateable,0.947826,Supervised Classification
15,breast-w,699,10,2,Class,16,0.2288984263,16,9,1,90,10,65.52217454,34.47782546,458,241,3.1357041,2.751080546,1.589413448,4.417739628,1.684115096,1.477488667,0.6318051576,0.9293179372,375,weka.OneR,0.913043,Supervised Classification
15,breast-w,699,10,2,Class,16,0.2288984263,16,9,1,90,10,65.52217454,34.47782546,458,241,3.1357041,2.751080546,1.589413448,4.417739628,1.684115096,1.477488667,0.6318051576,0.9293179372,677,weka.Logistic,0.965217,Supervised Classification
15,breast-w,699,10,2,Class,16,0.2288984263,16,9,1,90,10,65.52217454,34.47782546,458,241,3.1357041,2.751080546,1.589413448,4.417739628,1.684115096,1.477488667,0.6318051576,0.9293179372,384,weka.SGD,0.96087,Supervised Classification
15,breast-w,699,10,2,Class,16,0.2288984263,16,9,1,90,10,65.52217454,34.47782546,458,241,3.1357041,2.751080546,1.589413448,4.417739628,1.684115096,1.477488667,0.6318051576,0.9293179372,385,weka.SMO_PolyKernel,0.96087,Supervised Classification
15,breast-w,699,10,2,Class,16,0.2288984263,16,9,1,90,10,65.52217454,34.47782546,458,241,3.1357041,2.751080546,1.589413448,4.417739628,1.684115096,1.477488667,0.6318051576,0.9293179372,387,weka.SMO_RBFKernel,0.952174,Supervised Classification
15,breast-w,699,10,2,Class,16,0.2288984263,16,9,1,90,10,65.52217454,34.47782546,458,241,3.1357041,2.751080546,1.589413448,4.417739628,1.684115096,1.477488667,0.6318051576,0.9293179372,389,weka.IBk,0.93913,Supervised Classification
15,breast-w,699,10,2,Class,16,0.2288984263,16,9,1,90,10,65.52217454,34.47782546,458,241,3.1357041,2.751080546,1.589413448,4.417739628,1.684115096,1.477488667,0.6318051576,0.9293179372,390,weka.JRip,0.956522,Supervised Classification
15,breast-w,699,10,2,Class,16,0.2288984263,16,9,1,90,10,65.52217454,34.47782546,458,241,3.1357041,2.751080546,1.589413448,4.417739628,1.684115096,1.477488667,0.6318051576,0.9293179372,391,weka.RandomForest,0.96087,Supervised Classification
15,breast-w,699,10,2,Class,16,0.2288984263,16,9,1,90,10,65.52217454,34.47782546,458,241,3.1357041,2.751080546,1.589413448,4.417739628,1.684115096,1.477488667,0.6318051576,0.9293179372,392,weka.A1DE,0.965217,Supervised Classification
15,breast-w,699,10,2,Class,16,0.2288984263,16,9,1,90,10,65.52217454,34.47782546,458,241,3.1357041,2.751080546,1.589413448,4.417739628,1.684115096,1.477488667,0.6318051576,0.9293179372,393,weka.A2DE,0.956522,Supervised Classification
15,breast-w,699,10,2,Class,16,0.2288984263,16,9,1,90,10,65.52217454,34.47782546,458,241,3.1357041,2.751080546,1.589413448,4.417739628,1.684115096,1.477488667,0.6318051576,0.9293179372,394,weka.AdaBoostM1_ADTree,0.947826,Supervised Classification
15,breast-w,699,10,2,Class,16,0.2288984263,16,9,1,90,10,65.52217454,34.47782546,458,241,3.1357041,2.751080546,1.589413448,4.417739628,1.684115096,1.477488667,0.6318051576,0.9293179372,398,weka.AdaBoostM1_BFTree,0.943478,Supervised Classification
15,breast-w,699,10,2,Class,16,0.2288984263,16,9,1,90,10,65.52217454,34.47782546,458,241,3.1357041,2.751080546,1.589413448,4.417739628,1.684115096,1.477488667,0.6318051576,0.9293179372,398,weka.AdaBoostM1_BFTree,0.947826,Supervised Classification
15,breast-w,699,10,2,Class,16,0.2288984263,16,9,1,90,10,65.52217454,34.47782546,458,241,3.1357041,2.751080546,1.589413448,4.417739628,1.684115096,1.477488667,0.6318051576,0.9293179372,398,weka.AdaBoostM1_BFTree,0.956522,Supervised Classification
15,breast-w,699,10,2,Class,16,0.2288984263,16,9,1,90,10,65.52217454,34.47782546,458,241,3.1357041,2.751080546,1.589413448,4.417739628,1.684115096,1.477488667,0.6318051576,0.9293179372,376,weka.AdaBoostM1_DecisionStump,0.952174,Supervised Classification
15,breast-w,699,10,2,Class,16,0.2288984263,16,9,1,90,10,65.52217454,34.47782546,458,241,3.1357041,2.751080546,1.589413448,4.417739628,1.684115096,1.477488667,0.6318051576,0.9293179372,404,weka.AdaBoostM1_IBk,0.93913,Supervised Classification
15,breast-w,699,10,2,Class,16,0.2288984263,16,9,1,90,10,65.52217454,34.47782546,458,241,3.1357041,2.751080546,1.589413448,4.417739628,1.684115096,1.477488667,0.6318051576,0.9293179372,405,weka.AdaBoostM1_J48,0.956522,Supervised Classification
15,breast-w,699,10,2,Class,16,0.2288984263,16,9,1,90,10,65.52217454,34.47782546,458,241,3.1357041,2.751080546,1.589413448,4.417739628,1.684115096,1.477488667,0.6318051576,0.9293179372,405,weka.AdaBoostM1_J48,0.952174,Supervised Classification
15,breast-w,699,10,2,Class,16,0.2288984263,16,9,1,90,10,65.52217454,34.47782546,458,241,3.1357041,2.751080546,1.589413448,4.417739628,1.684115096,1.477488667,0.6318051576,0.9293179372,405,weka.AdaBoostM1_J48,0.965217,Supervised Classification
15,breast-w,699,10,2,Class,16,0.2288984263,16,9,1,90,10,65.52217454,34.47782546,458,241,3.1357041,2.751080546,1.589413448,4.417739628,1.684115096,1.477488667,0.6318051576,0.9293179372,406,weka.AdaBoostM1_JRip,0.956522,Supervised Classification
15,breast-w,699,10,2,Class,16,0.2288984263,16,9,1,90,10,65.52217454,34.47782546,458,241,3.1357041,2.751080546,1.589413448,4.417739628,1.684115096,1.477488667,0.6318051576,0.9293179372,406,weka.AdaBoostM1_JRip,0.96087,Supervised Classification
15,breast-w,699,10,2,Class,16,0.2288984263,16,9,1,90,10,65.52217454,34.47782546,458,241,3.1357041,2.751080546,1.589413448,4.417739628,1.684115096,1.477488667,0.6318051576,0.9293179372,407,weka.AdaBoostM1_LADTree,0.956522,Supervised Classification
15,breast-w,699,10,2,Class,16,0.2288984263,16,9,1,90,10,65.52217454,34.47782546,458,241,3.1357041,2.751080546,1.589413448,4.417739628,1.684115096,1.477488667,0.6318051576,0.9293179372,407,weka.AdaBoostM1_LADTree,0.952174,Supervised Classification
15,breast-w,699,10,2,Class,16,0.2288984263,16,9,1,90,10,65.52217454,34.47782546,458,241,3.1357041,2.751080546,1.589413448,4.417739628,1.684115096,1.477488667,0.6318051576,0.9293179372,411,weka.AdaBoostM1_LMT,0.956522,Supervised Classification
15,breast-w,699,10,2,Class,16,0.2288984263,16,9,1,90,10,65.52217454,34.47782546,458,241,3.1357041,2.751080546,1.589413448,4.417739628,1.684115096,1.477488667,0.6318051576,0.9293179372,411,weka.AdaBoostM1_LMT,0.96087,Supervised Classification
15,breast-w,699,10,2,Class,16,0.2288984263,16,9,1,90,10,65.52217454,34.47782546,458,241,3.1357041,2.751080546,1.589413448,4.417739628,1.684115096,1.477488667,0.6318051576,0.9293179372,413,weka.AdaBoostM1_LWL_DecisionStump,0.952174,Supervised Classification
15,breast-w,699,10,2,Class,16,0.2288984263,16,9,1,90,10,65.52217454,34.47782546,458,241,3.1357041,2.751080546,1.589413448,4.417739628,1.684115096,1.477488667,0.6318051576,0.9293179372,413,weka.AdaBoostM1_LWL_DecisionStump,0.943478,Supervised Classification
15,breast-w,699,10,2,Class,16,0.2288984263,16,9,1,90,10,65.52217454,34.47782546,458,241,3.1357041,2.751080546,1.589413448,4.417739628,1.684115096,1.477488667,0.6318051576,0.9293179372,413,weka.AdaBoostM1_LWL_DecisionStump,0.947826,Supervised Classification
15,breast-w,699,10,2,Class,16,0.2288984263,16,9,1,90,10,65.52217454,34.47782546,458,241,3.1357041,2.751080546,1.589413448,4.417739628,1.684115096,1.477488667,0.6318051576,0.9293179372,413,weka.AdaBoostM1_LWL_DecisionStump,0.956522,Supervised Classification
15,breast-w,699,10,2,Class,16,0.2288984263,16,9,1,90,10,65.52217454,34.47782546,458,241,3.1357041,2.751080546,1.589413448,4.417739628,1.684115096,1.477488667,0.6318051576,0.9293179372,417,weka.AdaBoostM1_NaiveBayes,0.96087,Supervised Classification
15,breast-w,699,10,2,Class,16,0.2288984263,16,9,1,90,10,65.52217454,34.47782546,458,241,3.1357041,2.751080546,1.589413448,4.417739628,1.684115096,1.477488667,0.6318051576,0.9293179372,418,weka.AdaBoostM1_OneR,0.947826,Supervised Classification
15,breast-w,699,10,2,Class,16,0.2288984263,16,9,1,90,10,65.52217454,34.47782546,458,241,3.1357041,2.751080546,1.589413448,4.417739628,1.684115096,1.477488667,0.6318051576,0.9293179372,418,weka.AdaBoostM1_OneR,0.943478,Supervised Classification
15,breast-w,699,10,2,Class,16,0.2288984263,16,9,1,90,10,65.52217454,34.47782546,458,241,3.1357041,2.751080546,1.589413448,4.417739628,1.684115096,1.477488667,0.6318051576,0.9293179372,418,weka.AdaBoostM1_OneR,0.93913,Supervised Classification
15,breast-w,699,10,2,Class,16,0.2288984263,16,9,1,90,10,65.52217454,34.47782546,458,241,3.1357041,2.751080546,1.589413448,4.417739628,1.684115096,1.477488667,0.6318051576,0.9293179372,419,weka.AdaBoostM1_RandomForest,0.952174,Supervised Classification
15,breast-w,699,10,2,Class,16,0.2288984263,16,9,1,90,10,65.52217454,34.47782546,458,241,3.1357041,2.751080546,1.589413448,4.417739628,1.684115096,1.477488667,0.6318051576,0.9293179372,420,weka.AdaBoostM1_RandomTree,0.943478,Supervised Classification
15,breast-w,699,10,2,Class,16,0.2288984263,16,9,1,90,10,65.52217454,34.47782546,458,241,3.1357041,2.751080546,1.589413448,4.417739628,1.684115096,1.477488667,0.6318051576,0.9293179372,422,weka.AdaBoostM1_REPTree,0.96087,Supervised Classification
15,breast-w,699,10,2,Class,16,0.2288984263,16,9,1,90,10,65.52217454,34.47782546,458,241,3.1357041,2.751080546,1.589413448,4.417739628,1.684115096,1.477488667,0.6318051576,0.9293179372,423,weka.AdaBoostM1_SMO_PolyKernel,0.956522,Supervised Classification
15,breast-w,699,10,2,Class,16,0.2288984263,16,9,1,90,10,65.52217454,34.47782546,458,241,3.1357041,2.751080546,1.589413448,4.417739628,1.684115096,1.477488667,0.6318051576,0.9293179372,1075,weka.NNge,0.947826,Supervised Classification
15,breast-w,699,10,2,Class,16,0.2288984263,16,9,1,90,10,65.52217454,34.47782546,458,241,3.1357041,2.751080546,1.589413448,4.417739628,1.684115096,1.477488667,0.6318051576,0.9293179372,1076,weka.SimpleCart,0.926087,Supervised Classification
15,breast-w,699,10,2,Class,16,0.2288984263,16,9,1,90,10,65.52217454,34.47782546,458,241,3.1357041,2.751080546,1.589413448,4.417739628,1.684115096,1.477488667,0.6318051576,0.9293179372,1077,weka.REPTree,0.956522,Supervised Classification
15,breast-w,699,10,2,Class,16,0.2288984263,16,9,1,90,10,65.52217454,34.47782546,458,241,3.1357041,2.751080546,1.589413448,4.417739628,1.684115096,1.477488667,0.6318051576,0.9293179372,1078,weka.RandomTree,0.9,Supervised Classification
15,breast-w,699,10,2,Class,16,0.2288984263,16,9,1,90,10,65.52217454,34.47782546,458,241,3.1357041,2.751080546,1.589413448,4.417739628,1.684115096,1.477488667,0.6318051576,0.9293179372,1080,weka.NBTree,0.969565,Supervised Classification
15,breast-w,699,10,2,Class,16,0.2288984263,16,9,1,90,10,65.52217454,34.47782546,458,241,3.1357041,2.751080546,1.589413448,4.417739628,1.684115096,1.477488667,0.6318051576,0.9293179372,1168,weka.BayesNet_K2,0.956522,Supervised Classification
15,breast-w,699,10,2,Class,16,0.2288984263,16,9,1,90,10,65.52217454,34.47782546,458,241,3.1357041,2.751080546,1.589413448,4.417739628,1.684115096,1.477488667,0.6318051576,0.9293179372,1174,weka.KernelLogisticRegression_RBFKernel,0.969565,Supervised Classification
15,breast-w,699,10,2,Class,16,0.2288984263,16,9,1,90,10,65.52217454,34.47782546,458,241,3.1357041,2.751080546,1.589413448,4.417739628,1.684115096,1.477488667,0.6318051576,0.9293179372,1112,weka.LibLINEAR,0.956522,Supervised Classification
15,breast-w,699,10,2,Class,16,0.2288984263,16,9,1,90,10,65.52217454,34.47782546,458,241,3.1357041,2.751080546,1.589413448,4.417739628,1.684115096,1.477488667,0.6318051576,0.9293179372,1177,weka.SimpleLogistic,0.956522,Supervised Classification
15,breast-w,699,10,2,Class,16,0.2288984263,16,9,1,90,10,65.52217454,34.47782546,458,241,3.1357041,2.751080546,1.589413448,4.417739628,1.684115096,1.477488667,0.6318051576,0.9293179372,1178,weka.SMO_PolyKernel,0.96087,Supervised Classification
15,breast-w,699,10,2,Class,16,0.2288984263,16,9,1,90,10,65.52217454,34.47782546,458,241,3.1357041,2.751080546,1.589413448,4.417739628,1.684115096,1.477488667,0.6318051576,0.9293179372,1179,weka.SMO_RBFKernel,0.952174,Supervised Classification
15,breast-w,699,10,2,Class,16,0.2288984263,16,9,1,90,10,65.52217454,34.47782546,458,241,3.1357041,2.751080546,1.589413448,4.417739628,1.684115096,1.477488667,0.6318051576,0.9293179372,1180,weka.SPegasos,0.96087,Supervised Classification
15,breast-w,699,10,2,Class,16,0.2288984263,16,9,1,90,10,65.52217454,34.47782546,458,241,3.1357041,2.751080546,1.589413448,4.417739628,1.684115096,1.477488667,0.6318051576,0.9293179372,1105,weka.IBk,0.952174,Supervised Classification
15,breast-w,699,10,2,Class,16,0.2288984263,16,9,1,90,10,65.52217454,34.47782546,458,241,3.1357041,2.751080546,1.589413448,4.417739628,1.684115096,1.477488667,0.6318051576,0.9293179372,1105,weka.IBk,0.956522,Supervised Classification
15,breast-w,699,10,2,Class,16,0.2288984263,16,9,1,90,10,65.52217454,34.47782546,458,241,3.1357041,2.751080546,1.589413448,4.417739628,1.684115096,1.477488667,0.6318051576,0.9293179372,1182,weka.AdaBoostM1_DecisionStump,0.943478,Supervised Classification
15,breast-w,699,10,2,Class,16,0.2288984263,16,9,1,90,10,65.52217454,34.47782546,458,241,3.1357041,2.751080546,1.589413448,4.417739628,1.684115096,1.477488667,0.6318051576,0.9293179372,1182,weka.AdaBoostM1_DecisionStump,0.947826,Supervised Classification
15,breast-w,699,10,2,Class,16,0.2288984263,16,9,1,90,10,65.52217454,34.47782546,458,241,3.1357041,2.751080546,1.589413448,4.417739628,1.684115096,1.477488667,0.6318051576,0.9293179372,1182,weka.AdaBoostM1_DecisionStump,0.952174,Supervised Classification
15,breast-w,699,10,2,Class,16,0.2288984263,16,9,1,90,10,65.52217454,34.47782546,458,241,3.1357041,2.751080546,1.589413448,4.417739628,1.684115096,1.477488667,0.6318051576,0.9293179372,1182,weka.AdaBoostM1_DecisionStump,0.956522,Supervised Classification
15,breast-w,699,10,2,Class,16,0.2288984263,16,9,1,90,10,65.52217454,34.47782546,458,241,3.1357041,2.751080546,1.589413448,4.417739628,1.684115096,1.477488667,0.6318051576,0.9293179372,1183,weka.AttributeSelectedClassifier_CfsSubsetEval_BestFirst_J48,0.921739,Supervised Classification
15,breast-w,699,10,2,Class,16,0.2288984263,16,9,1,90,10,65.52217454,34.47782546,458,241,3.1357041,2.751080546,1.589413448,4.417739628,1.684115096,1.477488667,0.6318051576,0.9293179372,1185,weka.Bagging_REPTree,0.956522,Supervised Classification
15,breast-w,699,10,2,Class,16,0.2288984263,16,9,1,90,10,65.52217454,34.47782546,458,241,3.1357041,2.751080546,1.589413448,4.417739628,1.684115096,1.477488667,0.6318051576,0.9293179372,1194,weka.RandomSubSpace_REPTree,0.952174,Supervised Classification
15,breast-w,699,10,2,Class,16,0.2288984263,16,9,1,90,10,65.52217454,34.47782546,458,241,3.1357041,2.751080546,1.589413448,4.417739628,1.684115096,1.477488667,0.6318051576,0.9293179372,1087,weka.HoeffdingTree,0.943478,Supervised Classification
15,breast-w,699,10,2,Class,16,0.2288984263,16,9,1,90,10,65.52217454,34.47782546,458,241,3.1357041,2.751080546,1.589413448,4.417739628,1.684115096,1.477488667,0.6318051576,0.9293179372,1100,weka.HyperPipes,0.913043,Supervised Classification
15,breast-w,699,10,2,Class,16,0.2288984263,16,9,1,90,10,65.52217454,34.47782546,458,241,3.1357041,2.751080546,1.589413448,4.417739628,1.684115096,1.477488667,0.6318051576,0.9293179372,1103,weka.VFI,0.934783,Supervised Classification
15,breast-w,699,10,2,Class,16,0.2288984263,16,9,1,90,10,65.52217454,34.47782546,458,241,3.1357041,2.751080546,1.589413448,4.417739628,1.684115096,1.477488667,0.6318051576,0.9293179372,1104,weka.IB1,0.943478,Supervised Classification
15,breast-w,699,10,2,Class,16,0.2288984263,16,9,1,90,10,65.52217454,34.47782546,458,241,3.1357041,2.751080546,1.589413448,4.417739628,1.684115096,1.477488667,0.6318051576,0.9293179372,1106,weka.KStar,0.926087,Supervised Classification
15,breast-w,699,10,2,Class,16,0.2288984263,16,9,1,90,10,65.52217454,34.47782546,458,241,3.1357041,2.751080546,1.589413448,4.417739628,1.684115096,1.477488667,0.6318051576,0.9293179372,1114,weka.Logistic,0.965217,Supervised Classification
15,breast-w,699,10,2,Class,16,0.2288984263,16,9,1,90,10,65.52217454,34.47782546,458,241,3.1357041,2.751080546,1.589413448,4.417739628,1.684115096,1.477488667,0.6318051576,0.9293179372,1185,weka.Bagging_REPTree,0.952174,Supervised Classification
15,breast-w,699,10,2,Class,16,0.2288984263,16,9,1,90,10,65.52217454,34.47782546,458,241,3.1357041,2.751080546,1.589413448,4.417739628,1.684115096,1.477488667,0.6318051576,0.9293179372,1191,weka.LogitBoost_DecisionStump,0.956522,Supervised Classification
15,breast-w,699,10,2,Class,16,0.2288984263,16,9,1,90,10,65.52217454,34.47782546,458,241,3.1357041,2.751080546,1.589413448,4.417739628,1.684115096,1.477488667,0.6318051576,0.9293179372,1191,weka.LogitBoost_DecisionStump,0.952174,Supervised Classification
15,breast-w,699,10,2,Class,16,0.2288984263,16,9,1,90,10,65.52217454,34.47782546,458,241,3.1357041,2.751080546,1.589413448,4.417739628,1.684115096,1.477488667,0.6318051576,0.9293179372,1191,weka.LogitBoost_DecisionStump,0.947826,Supervised Classification
15,breast-w,699,10,2,Class,16,0.2288984263,16,9,1,90,10,65.52217454,34.47782546,458,241,3.1357041,2.751080546,1.589413448,4.417739628,1.684115096,1.477488667,0.6318051576,0.9293179372,1194,weka.RandomSubSpace_REPTree,0.947826,Supervised Classification
15,breast-w,699,10,2,Class,16,0.2288984263,16,9,1,90,10,65.52217454,34.47782546,458,241,3.1357041,2.751080546,1.589413448,4.417739628,1.684115096,1.477488667,0.6318051576,0.9293179372,1197,weka.FURIA,0.956522,Supervised Classification
15,breast-w,699,10,2,Class,16,0.2288984263,16,9,1,90,10,65.52217454,34.47782546,458,241,3.1357041,2.751080546,1.589413448,4.417739628,1.684115096,1.477488667,0.6318051576,0.9293179372,1200,weka.LADTree,0.952174,Supervised Classification
15,breast-w,699,10,2,Class,16,0.2288984263,16,9,1,90,10,65.52217454,34.47782546,458,241,3.1357041,2.751080546,1.589413448,4.417739628,1.684115096,1.477488667,0.6318051576,0.9293179372,1084,weka.J48graft,0.921739,Supervised Classification
15,breast-w,699,10,2,Class,16,0.2288984263,16,9,1,90,10,65.52217454,34.47782546,458,241,3.1357041,2.751080546,1.589413448,4.417739628,1.684115096,1.477488667,0.6318051576,0.9293179372,1090,weka.DecisionStump,0.895652,Supervised Classification
15,breast-w,699,10,2,Class,16,0.2288984263,16,9,1,90,10,65.52217454,34.47782546,458,241,3.1357041,2.751080546,1.589413448,4.417739628,1.684115096,1.477488667,0.6318051576,0.9293179372,1091,weka.BFTree,0.952174,Supervised Classification
15,breast-w,699,10,2,Class,16,0.2288984263,16,9,1,90,10,65.52217454,34.47782546,458,241,3.1357041,2.751080546,1.589413448,4.417739628,1.684115096,1.477488667,0.6318051576,0.9293179372,1199,weka.ADTree,0.943478,Supervised Classification
15,breast-w,699,10,2,Class,16,0.2288984263,16,9,1,90,10,65.52217454,34.47782546,458,241,3.1357041,2.751080546,1.589413448,4.417739628,1.684115096,1.477488667,0.6318051576,0.9293179372,1094,weka.JRip,0.956522,Supervised Classification
15,breast-w,699,10,2,Class,16,0.2288984263,16,9,1,90,10,65.52217454,34.47782546,458,241,3.1357041,2.751080546,1.589413448,4.417739628,1.684115096,1.477488667,0.6318051576,0.9293179372,1096,weka.DecisionTable_BestFirst,0.926087,Supervised Classification
15,breast-w,699,10,2,Class,16,0.2288984263,16,9,1,90,10,65.52217454,34.47782546,458,241,3.1357041,2.751080546,1.589413448,4.417739628,1.684115096,1.477488667,0.6318051576,0.9293179372,1098,weka.ConjunctiveRule,0.895652,Supervised Classification
15,breast-w,699,10,2,Class,16,0.2288984263,16,9,1,90,10,65.52217454,34.47782546,458,241,3.1357041,2.751080546,1.589413448,4.417739628,1.684115096,1.477488667,0.6318051576,0.9293179372,1099,weka.CHIRP,0.96087,Supervised Classification
15,breast-w,699,10,2,Class,16,0.2288984263,16,9,1,90,10,65.52217454,34.47782546,458,241,3.1357041,2.751080546,1.589413448,4.417739628,1.684115096,1.477488667,0.6318051576,0.9293179372,1101,weka.InputMappedClassifier_ZeroR,0.6,Supervised Classification
15,breast-w,699,10,2,Class,16,0.2288984263,16,9,1,90,10,65.52217454,34.47782546,458,241,3.1357041,2.751080546,1.589413448,4.417739628,1.684115096,1.477488667,0.6318051576,0.9293179372,1105,weka.IBk,0.93913,Supervised Classification
15,breast-w,699,10,2,Class,16,0.2288984263,16,9,1,90,10,65.52217454,34.47782546,458,241,3.1357041,2.751080546,1.589413448,4.417739628,1.684115096,1.477488667,0.6318051576,0.9293179372,1108,weka.LWL_DecisionStump,0.9,Supervised Classification
15,breast-w,699,10,2,Class,16,0.2288984263,16,9,1,90,10,65.52217454,34.47782546,458,241,3.1357041,2.751080546,1.589413448,4.417739628,1.684115096,1.477488667,0.6318051576,0.9293179372,1111,weka.KernelLogisticRegression_PolyKernel,0.965217,Supervised Classification
15,breast-w,699,10,2,Class,16,0.2288984263,16,9,1,90,10,65.52217454,34.47782546,458,241,3.1357041,2.751080546,1.589413448,4.417739628,1.684115096,1.477488667,0.6318051576,0.9293179372,1116,weka.MultilayerPerceptronCS,0.943478,Supervised Classification
15,breast-w,699,10,2,Class,16,0.2288984263,16,9,1,90,10,65.52217454,34.47782546,458,241,3.1357041,2.751080546,1.589413448,4.417739628,1.684115096,1.477488667,0.6318051576,0.9293179372,1117,weka.RBFClassifier,0.956522,Supervised Classification
15,breast-w,699,10,2,Class,16,0.2288984263,16,9,1,90,10,65.52217454,34.47782546,458,241,3.1357041,2.751080546,1.589413448,4.417739628,1.684115096,1.477488667,0.6318051576,0.9293179372,1120,weka.SGD,0.96087,Supervised Classification
15,breast-w,699,10,2,Class,16,0.2288984263,16,9,1,90,10,65.52217454,34.47782546,458,241,3.1357041,2.751080546,1.589413448,4.417739628,1.684115096,1.477488667,0.6318051576,0.9293179372,1154,weka.NaiveBayes,0.947826,Supervised Classification
15,breast-w,699,10,2,Class,16,0.2288984263,16,9,1,90,10,65.52217454,34.47782546,458,241,3.1357041,2.751080546,1.589413448,4.417739628,1.684115096,1.477488667,0.6318051576,0.9293179372,1155,weka.FilteredClassifier_Standardize_NaiveBayes,0.943478,Supervised Classification
15,breast-w,699,10,2,Class,16,0.2288984263,16,9,1,90,10,65.52217454,34.47782546,458,241,3.1357041,2.751080546,1.589413448,4.417739628,1.684115096,1.477488667,0.6318051576,0.9293179372,1244,weka.FilteredClassifier_Discretize_J48,0.934783,Supervised Classification
15,breast-w,699,10,2,Class,16,0.2288984263,16,9,1,90,10,65.52217454,34.47782546,458,241,3.1357041,2.751080546,1.589413448,4.417739628,1.684115096,1.477488667,0.6318051576,0.9293179372,1163,weka.FilteredClassifier_PrincipalComponents_J48,0.952174,Supervised Classification
15,breast-w,699,10,2,Class,16,0.2288984263,16,9,1,90,10,65.52217454,34.47782546,458,241,3.1357041,2.751080546,1.589413448,4.417739628,1.684115096,1.477488667,0.6318051576,0.9293179372,1166,weka.A2DE,0.956522,Supervised Classification
15,breast-w,699,10,2,Class,16,0.2288984263,16,9,1,90,10,65.52217454,34.47782546,458,241,3.1357041,2.751080546,1.589413448,4.417739628,1.684115096,1.477488667,0.6318051576,0.9293179372,1194,weka.RandomSubSpace_REPTree,0.93913,Supervised Classification
15,breast-w,699,10,2,Class,16,0.2288984263,16,9,1,90,10,65.52217454,34.47782546,458,241,3.1357041,2.751080546,1.589413448,4.417739628,1.684115096,1.477488667,0.6318051576,0.9293179372,1079,weka.RandomForest,0.96087,Supervised Classification
15,breast-w,699,10,2,Class,16,0.2288984263,16,9,1,90,10,65.52217454,34.47782546,458,241,3.1357041,2.751080546,1.589413448,4.417739628,1.684115096,1.477488667,0.6318051576,0.9293179372,1088,weka.FT,0.96087,Supervised Classification
15,breast-w,699,10,2,Class,16,0.2288984263,16,9,1,90,10,65.52217454,34.47782546,458,241,3.1357041,2.751080546,1.589413448,4.417739628,1.684115096,1.477488667,0.6318051576,0.9293179372,1186,weka.Dagging_DecisionStump,0.917391,Supervised Classification
15,breast-w,699,10,2,Class,16,0.2288984263,16,9,1,90,10,65.52217454,34.47782546,458,241,3.1357041,2.751080546,1.589413448,4.417739628,1.684115096,1.477488667,0.6318051576,0.9293179372,1187,weka.Decorate,0.956522,Supervised Classification
15,breast-w,699,10,2,Class,16,0.2288984263,16,9,1,90,10,65.52217454,34.47782546,458,241,3.1357041,2.751080546,1.589413448,4.417739628,1.684115096,1.477488667,0.6318051576,0.9293179372,1188,weka.END_ND_J48,0.921739,Supervised Classification
15,breast-w,699,10,2,Class,16,0.2288984263,16,9,1,90,10,65.52217454,34.47782546,458,241,3.1357041,2.751080546,1.589413448,4.417739628,1.684115096,1.477488667,0.6318051576,0.9293179372,1190,weka.Grading_ZeroR,0.6,Supervised Classification
15,breast-w,699,10,2,Class,16,0.2288984263,16,9,1,90,10,65.52217454,34.47782546,458,241,3.1357041,2.751080546,1.589413448,4.417739628,1.684115096,1.477488667,0.6318051576,0.9293179372,1192,weka.MultiBoostAB_DecisionStump,0.93913,Supervised Classification
15,breast-w,699,10,2,Class,16,0.2288984263,16,9,1,90,10,65.52217454,34.47782546,458,241,3.1357041,2.751080546,1.589413448,4.417739628,1.684115096,1.477488667,0.6318051576,0.9293179372,1192,weka.MultiBoostAB_DecisionStump,0.943478,Supervised Classification
15,breast-w,699,10,2,Class,16,0.2288984263,16,9,1,90,10,65.52217454,34.47782546,458,241,3.1357041,2.751080546,1.589413448,4.417739628,1.684115096,1.477488667,0.6318051576,0.9293179372,1192,weka.MultiBoostAB_DecisionStump,0.947826,Supervised Classification
15,breast-w,699,10,2,Class,16,0.2288984263,16,9,1,90,10,65.52217454,34.47782546,458,241,3.1357041,2.751080546,1.589413448,4.417739628,1.684115096,1.477488667,0.6318051576,0.9293179372,1193,weka.RacedIncrementalLogitBoost_DecisionStump,0.6,Supervised Classification
15,breast-w,699,10,2,Class,16,0.2288984263,16,9,1,90,10,65.52217454,34.47782546,458,241,3.1357041,2.751080546,1.589413448,4.417739628,1.684115096,1.477488667,0.6318051576,0.9293179372,1195,weka.RealAdaBoost_DecisionStump,0.947826,Supervised Classification
15,breast-w,699,10,2,Class,16,0.2288984263,16,9,1,90,10,65.52217454,34.47782546,458,241,3.1357041,2.751080546,1.589413448,4.417739628,1.684115096,1.477488667,0.6318051576,0.9293179372,1196,weka.RotationForest_PrincipalComponents_J48,0.952174,Supervised Classification
15,breast-w,699,10,2,Class,16,0.2288984263,16,9,1,90,10,65.52217454,34.47782546,458,241,3.1357041,2.751080546,1.589413448,4.417739628,1.684115096,1.477488667,0.6318051576,0.9293179372,1196,weka.RotationForest_PrincipalComponents_J48,0.96087,Supervised Classification
42,soybean,683,36,19,class,2337,9.504636408,121,0,36,0,100,13.46998536,1.171303075,92,8,,,,,,,0.9457478006,3.835507985,1068,weka.J48,0.866667,Supervised Classification
42,soybean,683,36,19,class,2337,9.504636408,121,0,36,0,100,13.46998536,1.171303075,92,8,,,,,,,0.9457478006,3.835507985,1069,weka.ZeroR,0.12,Supervised Classification
42,soybean,683,36,19,class,2337,9.504636408,121,0,36,0,100,13.46998536,1.171303075,92,8,,,,,,,0.9457478006,3.835507985,1070,weka.Ridor,0.866667,Supervised Classification
42,soybean,683,36,19,class,2337,9.504636408,121,0,36,0,100,13.46998536,1.171303075,92,8,,,,,,,0.9457478006,3.835507985,1071,weka.OneR,0.391111,Supervised Classification
42,soybean,683,36,19,class,2337,9.504636408,121,0,36,0,100,13.46998536,1.171303075,92,8,,,,,,,0.9457478006,3.835507985,1073,weka.PART,0.893333,Supervised Classification
42,soybean,683,36,19,class,2337,9.504636408,121,0,36,0,100,13.46998536,1.171303075,92,8,,,,,,,0.9457478006,3.835507985,1074,weka.OLM,0.382222,Supervised Classification
42,soybean,683,36,19,class,2337,9.504636408,121,0,36,0,100,13.46998536,1.171303075,92,8,,,,,,,0.9457478006,3.835507985,1177,weka.SimpleLogistic,0.933333,Supervised Classification
42,soybean,683,36,19,class,2337,9.504636408,121,0,36,0,100,13.46998536,1.171303075,92,8,,,,,,,0.9457478006,3.835507985,1191,weka.LogitBoost_DecisionStump,0.924444,Supervised Classification
42,soybean,683,36,19,class,2337,9.504636408,121,0,36,0,100,13.46998536,1.171303075,92,8,,,,,,,0.9457478006,3.835507985,1194,weka.RandomSubSpace_REPTree,0.888889,Supervised Classification
42,soybean,683,36,19,class,2337,9.504636408,121,0,36,0,100,13.46998536,1.171303075,92,8,,,,,,,0.9457478006,3.835507985,1082,weka.LMT,0.933333,Supervised Classification
42,soybean,683,36,19,class,2337,9.504636408,121,0,36,0,100,13.46998536,1.171303075,92,8,,,,,,,0.9457478006,3.835507985,1200,weka.LADTree,0.84,Supervised Classification
42,soybean,683,36,19,class,2337,9.504636408,121,0,36,0,100,13.46998536,1.171303075,92,8,,,,,,,0.9457478006,3.835507985,365,weka.J48,0.866667,Supervised Classification
42,soybean,683,36,19,class,2337,9.504636408,121,0,36,0,100,13.46998536,1.171303075,92,8,,,,,,,0.9457478006,3.835507985,523,weka.Bagging_J48,0.902222,Supervised Classification
42,soybean,683,36,19,class,2337,9.504636408,121,0,36,0,100,13.46998536,1.171303075,92,8,,,,,,,0.9457478006,3.835507985,523,weka.Bagging_J48,0.911111,Supervised Classification
42,soybean,683,36,19,class,2337,9.504636408,121,0,36,0,100,13.46998536,1.171303075,92,8,,,,,,,0.9457478006,3.835507985,524,weka.Bagging_JRip,0.911111,Supervised Classification
42,soybean,683,36,19,class,2337,9.504636408,121,0,36,0,100,13.46998536,1.171303075,92,8,,,,,,,0.9457478006,3.835507985,524,weka.Bagging_JRip,0.902222,Supervised Classification
42,soybean,683,36,19,class,2337,9.504636408,121,0,36,0,100,13.46998536,1.171303075,92,8,,,,,,,0.9457478006,3.835507985,527,weka.Bagging_LMT,0.906667,Supervised Classification
42,soybean,683,36,19,class,2337,9.504636408,121,0,36,0,100,13.46998536,1.171303075,92,8,,,,,,,0.9457478006,3.835507985,527,weka.Bagging_LMT,0.92,Supervised Classification
42,soybean,683,36,19,class,2337,9.504636408,121,0,36,0,100,13.46998536,1.171303075,92,8,,,,,,,0.9457478006,3.835507985,527,weka.Bagging_LMT,0.924444,Supervised Classification
42,soybean,683,36,19,class,2337,9.504636408,121,0,36,0,100,13.46998536,1.171303075,92,8,,,,,,,0.9457478006,3.835507985,528,weka.Bagging_LWL_DecisionStump,0.564444,Supervised Classification
42,soybean,683,36,19,class,2337,9.504636408,121,0,36,0,100,13.46998536,1.171303075,92,8,,,,,,,0.9457478006,3.835507985,528,weka.Bagging_LWL_DecisionStump,0.56,Supervised Classification
42,soybean,683,36,19,class,2337,9.504636408,121,0,36,0,100,13.46998536,1.171303075,92,8,,,,,,,0.9457478006,3.835507985,528,weka.Bagging_LWL_DecisionStump,0.577778,Supervised Classification
42,soybean,683,36,19,class,2337,9.504636408,121,0,36,0,100,13.46998536,1.171303075,92,8,,,,,,,0.9457478006,3.835507985,528,weka.Bagging_LWL_DecisionStump,0.591111,Supervised Classification
42,soybean,683,36,19,class,2337,9.504636408,121,0,36,0,100,13.46998536,1.171303075,92,8,,,,,,,0.9457478006,3.835507985,529,weka.Bagging_MultilayerPerceptron,0.92,Supervised Classification
42,soybean,683,36,19,class,2337,9.504636408,121,0,36,0,100,13.46998536,1.171303075,92,8,,,,,,,0.9457478006,3.835507985,530,weka.Bagging_NaiveBayes,0.911111,Supervised Classification
42,soybean,683,36,19,class,2337,9.504636408,121,0,36,0,100,13.46998536,1.171303075,92,8,,,,,,,0.9457478006,3.835507985,506,weka.RotationForest_PrincipalComponents_J48,0.928889,Supervised Classification
42,soybean,683,36,19,class,2337,9.504636408,121,0,36,0,100,13.46998536,1.171303075,92,8,,,,,,,0.9457478006,3.835507985,531,weka.Bagging_OneR,0.391111,Supervised Classification
42,soybean,683,36,19,class,2337,9.504636408,121,0,36,0,100,13.46998536,1.171303075,92,8,,,,,,,0.9457478006,3.835507985,532,weka.Bagging_RandomForest,0.902222,Supervised Classification
42,soybean,683,36,19,class,2337,9.504636408,121,0,36,0,100,13.46998536,1.171303075,92,8,,,,,,,0.9457478006,3.835507985,532,weka.Bagging_RandomForest,0.893333,Supervised Classification
42,soybean,683,36,19,class,2337,9.504636408,121,0,36,0,100,13.46998536,1.171303075,92,8,,,,,,,0.9457478006,3.835507985,532,weka.Bagging_RandomForest,0.888889,Supervised Classification
42,soybean,683,36,19,class,2337,9.504636408,121,0,36,0,100,13.46998536,1.171303075,92,8,,,,,,,0.9457478006,3.835507985,533,weka.Bagging_RandomTree,0.897778,Supervised Classification
42,soybean,683,36,19,class,2337,9.504636408,121,0,36,0,100,13.46998536,1.171303075,92,8,,,,,,,0.9457478006,3.835507985,533,weka.Bagging_RandomTree,0.888889,Supervised Classification
42,soybean,683,36,19,class,2337,9.504636408,121,0,36,0,100,13.46998536,1.171303075,92,8,,,,,,,0.9457478006,3.835507985,533,weka.Bagging_RandomTree,0.884444,Supervised Classification
42,soybean,683,36,19,class,2337,9.504636408,121,0,36,0,100,13.46998536,1.171303075,92,8,,,,,,,0.9457478006,3.835507985,378,weka.Bagging_REPTree,0.808889,Supervised Classification
42,soybean,683,36,19,class,2337,9.504636408,121,0,36,0,100,13.46998536,1.171303075,92,8,,,,,,,0.9457478006,3.835507985,378,weka.Bagging_REPTree,0.822222,Supervised Classification
42,soybean,683,36,19,class,2337,9.504636408,121,0,36,0,100,13.46998536,1.171303075,92,8,,,,,,,0.9457478006,3.835507985,378,weka.Bagging_REPTree,0.835556,Supervised Classification
42,soybean,683,36,19,class,2337,9.504636408,121,0,36,0,100,13.46998536,1.171303075,92,8,,,,,,,0.9457478006,3.835507985,534,weka.Bagging_SMO_PolyKernel,0.906667,Supervised Classification
42,soybean,683,36,19,class,2337,9.504636408,121,0,36,0,100,13.46998536,1.171303075,92,8,,,,,,,0.9457478006,3.835507985,534,weka.Bagging_SMO_PolyKernel,0.911111,Supervised Classification
42,soybean,683,36,19,class,2337,9.504636408,121,0,36,0,100,13.46998536,1.171303075,92,8,,,,,,,0.9457478006,3.835507985,534,weka.Bagging_SMO_PolyKernel,0.902222,Supervised Classification
42,soybean,683,36,19,class,2337,9.504636408,121,0,36,0,100,13.46998536,1.171303075,92,8,,,,,,,0.9457478006,3.835507985,534,weka.Bagging_SMO_PolyKernel,0.897778,Supervised Classification
42,soybean,683,36,19,class,2337,9.504636408,121,0,36,0,100,13.46998536,1.171303075,92,8,,,,,,,0.9457478006,3.835507985,675,weka.J48,0.866667,Supervised Classification
42,soybean,683,36,19,class,2337,9.504636408,121,0,36,0,100,13.46998536,1.171303075,92,8,,,,,,,0.9457478006,3.835507985,376,weka.AdaBoostM1_DecisionStump,0.275556,Supervised Classification
42,soybean,683,36,19,class,2337,9.504636408,121,0,36,0,100,13.46998536,1.171303075,92,8,,,,,,,0.9457478006,3.835507985,380,weka.NaiveBayes,0.915556,Supervised Classification
42,soybean,683,36,19,class,2337,9.504636408,121,0,36,0,100,13.46998536,1.171303075,92,8,,,,,,,0.9457478006,3.835507985,677,weka.Logistic,0.875556,Supervised Classification
42,soybean,683,36,19,class,2337,9.504636408,121,0,36,0,100,13.46998536,1.171303075,92,8,,,,,,,0.9457478006,3.835507985,385,weka.SMO_PolyKernel,0.924444,Supervised Classification
42,soybean,683,36,19,class,2337,9.504636408,121,0,36,0,100,13.46998536,1.171303075,92,8,,,,,,,0.9457478006,3.835507985,387,weka.SMO_RBFKernel,0.835556,Supervised Classification
42,soybean,683,36,19,class,2337,9.504636408,121,0,36,0,100,13.46998536,1.171303075,92,8,,,,,,,0.9457478006,3.835507985,389,weka.IBk,0.906667,Supervised Classification
42,soybean,683,36,19,class,2337,9.504636408,121,0,36,0,100,13.46998536,1.171303075,92,8,,,,,,,0.9457478006,3.835507985,390,weka.JRip,0.857778,Supervised Classification
42,soybean,683,36,19,class,2337,9.504636408,121,0,36,0,100,13.46998536,1.171303075,92,8,,,,,,,0.9457478006,3.835507985,391,weka.RandomForest,0.893333,Supervised Classification
42,soybean,683,36,19,class,2337,9.504636408,121,0,36,0,100,13.46998536,1.171303075,92,8,,,,,,,0.9457478006,3.835507985,392,weka.A1DE,0.942222,Supervised Classification
42,soybean,683,36,19,class,2337,9.504636408,121,0,36,0,100,13.46998536,1.171303075,92,8,,,,,,,0.9457478006,3.835507985,393,weka.A2DE,0.942222,Supervised Classification
42,soybean,683,36,19,class,2337,9.504636408,121,0,36,0,100,13.46998536,1.171303075,92,8,,,,,,,0.9457478006,3.835507985,398,weka.AdaBoostM1_BFTree,0.942222,Supervised Classification
42,soybean,683,36,19,class,2337,9.504636408,121,0,36,0,100,13.46998536,1.171303075,92,8,,,,,,,0.9457478006,3.835507985,398,weka.AdaBoostM1_BFTree,0.924444,Supervised Classification
42,soybean,683,36,19,class,2337,9.504636408,121,0,36,0,100,13.46998536,1.171303075,92,8,,,,,,,0.9457478006,3.835507985,398,weka.AdaBoostM1_BFTree,0.911111,Supervised Classification
42,soybean,683,36,19,class,2337,9.504636408,121,0,36,0,100,13.46998536,1.171303075,92,8,,,,,,,0.9457478006,3.835507985,404,weka.AdaBoostM1_IBk,0.906667,Supervised Classification
42,soybean,683,36,19,class,2337,9.504636408,121,0,36,0,100,13.46998536,1.171303075,92,8,,,,,,,0.9457478006,3.835507985,405,weka.AdaBoostM1_J48,0.924444,Supervised Classification
42,soybean,683,36,19,class,2337,9.504636408,121,0,36,0,100,13.46998536,1.171303075,92,8,,,,,,,0.9457478006,3.835507985,405,weka.AdaBoostM1_J48,0.92,Supervised Classification
42,soybean,683,36,19,class,2337,9.504636408,121,0,36,0,100,13.46998536,1.171303075,92,8,,,,,,,0.9457478006,3.835507985,406,weka.AdaBoostM1_JRip,0.924444,Supervised Classification
42,soybean,683,36,19,class,2337,9.504636408,121,0,36,0,100,13.46998536,1.171303075,92,8,,,,,,,0.9457478006,3.835507985,406,weka.AdaBoostM1_JRip,0.92,Supervised Classification
42,soybean,683,36,19,class,2337,9.504636408,121,0,36,0,100,13.46998536,1.171303075,92,8,,,,,,,0.9457478006,3.835507985,406,weka.AdaBoostM1_JRip,0.928889,Supervised Classification
42,soybean,683,36,19,class,2337,9.504636408,121,0,36,0,100,13.46998536,1.171303075,92,8,,,,,,,0.9457478006,3.835507985,407,weka.AdaBoostM1_LADTree,0.906667,Supervised Classification
42,soybean,683,36,19,class,2337,9.504636408,121,0,36,0,100,13.46998536,1.171303075,92,8,,,,,,,0.9457478006,3.835507985,407,weka.AdaBoostM1_LADTree,0.915556,Supervised Classification
42,soybean,683,36,19,class,2337,9.504636408,121,0,36,0,100,13.46998536,1.171303075,92,8,,,,,,,0.9457478006,3.835507985,407,weka.AdaBoostM1_LADTree,0.92,Supervised Classification
42,soybean,683,36,19,class,2337,9.504636408,121,0,36,0,100,13.46998536,1.171303075,92,8,,,,,,,0.9457478006,3.835507985,411,weka.AdaBoostM1_LMT,0.933333,Supervised Classification
42,soybean,683,36,19,class,2337,9.504636408,121,0,36,0,100,13.46998536,1.171303075,92,8,,,,,,,0.9457478006,3.835507985,411,weka.AdaBoostM1_LMT,0.928889,Supervised Classification
42,soybean,683,36,19,class,2337,9.504636408,121,0,36,0,100,13.46998536,1.171303075,92,8,,,,,,,0.9457478006,3.835507985,411,weka.AdaBoostM1_LMT,0.924444,Supervised Classification
42,soybean,683,36,19,class,2337,9.504636408,121,0,36,0,100,13.46998536,1.171303075,92,8,,,,,,,0.9457478006,3.835507985,413,weka.AdaBoostM1_LWL_DecisionStump,0.871111,Supervised Classification
42,soybean,683,36,19,class,2337,9.504636408,121,0,36,0,100,13.46998536,1.171303075,92,8,,,,,,,0.9457478006,3.835507985,413,weka.AdaBoostM1_LWL_DecisionStump,0.866667,Supervised Classification
42,soybean,683,36,19,class,2337,9.504636408,121,0,36,0,100,13.46998536,1.171303075,92,8,,,,,,,0.9457478006,3.835507985,413,weka.AdaBoostM1_LWL_DecisionStump,0.844444,Supervised Classification
42,soybean,683,36,19,class,2337,9.504636408,121,0,36,0,100,13.46998536,1.171303075,92,8,,,,,,,0.9457478006,3.835507985,417,weka.AdaBoostM1_NaiveBayes,0.897778,Supervised Classification
42,soybean,683,36,19,class,2337,9.504636408,121,0,36,0,100,13.46998536,1.171303075,92,8,,,,,,,0.9457478006,3.835507985,417,weka.AdaBoostM1_NaiveBayes,0.911111,Supervised Classification
42,soybean,683,36,19,class,2337,9.504636408,121,0,36,0,100,13.46998536,1.171303075,92,8,,,,,,,0.9457478006,3.835507985,418,weka.AdaBoostM1_OneR,0.391111,Supervised Classification
42,soybean,683,36,19,class,2337,9.504636408,121,0,36,0,100,13.46998536,1.171303075,92,8,,,,,,,0.9457478006,3.835507985,419,weka.AdaBoostM1_RandomForest,0.893333,Supervised Classification
42,soybean,683,36,19,class,2337,9.504636408,121,0,36,0,100,13.46998536,1.171303075,92,8,,,,,,,0.9457478006,3.835507985,420,weka.AdaBoostM1_RandomTree,0.84,Supervised Classification
42,soybean,683,36,19,class,2337,9.504636408,121,0,36,0,100,13.46998536,1.171303075,92,8,,,,,,,0.9457478006,3.835507985,422,weka.AdaBoostM1_REPTree,0.893333,Supervised Classification
42,soybean,683,36,19,class,2337,9.504636408,121,0,36,0,100,13.46998536,1.171303075,92,8,,,,,,,0.9457478006,3.835507985,423,weka.AdaBoostM1_SMO_PolyKernel,0.915556,Supervised Classification
42,soybean,683,36,19,class,2337,9.504636408,121,0,36,0,100,13.46998536,1.171303075,92,8,,,,,,,0.9457478006,3.835507985,423,weka.AdaBoostM1_SMO_PolyKernel,0.911111,Supervised Classification
42,soybean,683,36,19,class,2337,9.504636408,121,0,36,0,100,13.46998536,1.171303075,92,8,,,,,,,0.9457478006,3.835507985,423,weka.AdaBoostM1_SMO_PolyKernel,0.928889,Supervised Classification
42,soybean,683,36,19,class,2337,9.504636408,121,0,36,0,100,13.46998536,1.171303075,92,8,,,,,,,0.9457478006,3.835507985,1075,weka.NNge,0.884444,Supervised Classification
42,soybean,683,36,19,class,2337,9.504636408,121,0,36,0,100,13.46998536,1.171303075,92,8,,,,,,,0.9457478006,3.835507985,1076,weka.SimpleCart,0.924444,Supervised Classification
42,soybean,683,36,19,class,2337,9.504636408,121,0,36,0,100,13.46998536,1.171303075,92,8,,,,,,,0.9457478006,3.835507985,1077,weka.REPTree,0.751111,Supervised Classification
42,soybean,683,36,19,class,2337,9.504636408,121,0,36,0,100,13.46998536,1.171303075,92,8,,,,,,,0.9457478006,3.835507985,1078,weka.RandomTree,0.697778,Supervised Classification
42,soybean,683,36,19,class,2337,9.504636408,121,0,36,0,100,13.46998536,1.171303075,92,8,,,,,,,0.9457478006,3.835507985,1079,weka.RandomForest,0.893333,Supervised Classification
42,soybean,683,36,19,class,2337,9.504636408,121,0,36,0,100,13.46998536,1.171303075,92,8,,,,,,,0.9457478006,3.835507985,1080,weka.NBTree,0.928889,Supervised Classification
42,soybean,683,36,19,class,2337,9.504636408,121,0,36,0,100,13.46998536,1.171303075,92,8,,,,,,,0.9457478006,3.835507985,1112,weka.LibLINEAR,0.928889,Supervised Classification
42,soybean,683,36,19,class,2337,9.504636408,121,0,36,0,100,13.46998536,1.171303075,92,8,,,,,,,0.9457478006,3.835507985,1178,weka.SMO_PolyKernel,0.924444,Supervised Classification
42,soybean,683,36,19,class,2337,9.504636408,121,0,36,0,100,13.46998536,1.171303075,92,8,,,,,,,0.9457478006,3.835507985,1179,weka.SMO_RBFKernel,0.835556,Supervised Classification
42,soybean,683,36,19,class,2337,9.504636408,121,0,36,0,100,13.46998536,1.171303075,92,8,,,,,,,0.9457478006,3.835507985,1105,weka.IBk,0.897778,Supervised Classification
42,soybean,683,36,19,class,2337,9.504636408,121,0,36,0,100,13.46998536,1.171303075,92,8,,,,,,,0.9457478006,3.835507985,1105,weka.IBk,0.893333,Supervised Classification
42,soybean,683,36,19,class,2337,9.504636408,121,0,36,0,100,13.46998536,1.171303075,92,8,,,,,,,0.9457478006,3.835507985,1182,weka.AdaBoostM1_DecisionStump,0.275556,Supervised Classification
42,soybean,683,36,19,class,2337,9.504636408,121,0,36,0,100,13.46998536,1.171303075,92,8,,,,,,,0.9457478006,3.835507985,1183,weka.AttributeSelectedClassifier_CfsSubsetEval_BestFirst_J48,0.871111,Supervised Classification
42,soybean,683,36,19,class,2337,9.504636408,121,0,36,0,100,13.46998536,1.171303075,92,8,,,,,,,0.9457478006,3.835507985,1185,weka.Bagging_REPTree,0.808889,Supervised Classification
42,soybean,683,36,19,class,2337,9.504636408,121,0,36,0,100,13.46998536,1.171303075,92,8,,,,,,,0.9457478006,3.835507985,1185,weka.Bagging_REPTree,0.835556,Supervised Classification
42,soybean,683,36,19,class,2337,9.504636408,121,0,36,0,100,13.46998536,1.171303075,92,8,,,,,,,0.9457478006,3.835507985,1191,weka.LogitBoost_DecisionStump,0.942222,Supervised Classification
42,soybean,683,36,19,class,2337,9.504636408,121,0,36,0,100,13.46998536,1.171303075,92,8,,,,,,,0.9457478006,3.835507985,1194,weka.RandomSubSpace_REPTree,0.88,Supervised Classification
42,soybean,683,36,19,class,2337,9.504636408,121,0,36,0,100,13.46998536,1.171303075,92,8,,,,,,,0.9457478006,3.835507985,1197,weka.FURIA,0.888889,Supervised Classification
42,soybean,683,36,19,class,2337,9.504636408,121,0,36,0,100,13.46998536,1.171303075,92,8,,,,,,,0.9457478006,3.835507985,1087,weka.HoeffdingTree,0.915556,Supervised Classification
42,soybean,683,36,19,class,2337,9.504636408,121,0,36,0,100,13.46998536,1.171303075,92,8,,,,,,,0.9457478006,3.835507985,1088,weka.FT,0.928889,Supervised Classification
42,soybean,683,36,19,class,2337,9.504636408,121,0,36,0,100,13.46998536,1.171303075,92,8,,,,,,,0.9457478006,3.835507985,1101,weka.InputMappedClassifier_ZeroR,0.12,Supervised Classification
42,soybean,683,36,19,class,2337,9.504636408,121,0,36,0,100,13.46998536,1.171303075,92,8,,,,,,,0.9457478006,3.835507985,1103,weka.VFI,0.888889,Supervised Classification
42,soybean,683,36,19,class,2337,9.504636408,121,0,36,0,100,13.46998536,1.171303075,92,8,,,,,,,0.9457478006,3.835507985,1104,weka.IB1,0.915556,Supervised Classification
42,soybean,683,36,19,class,2337,9.504636408,121,0,36,0,100,13.46998536,1.171303075,92,8,,,,,,,0.9457478006,3.835507985,1105,weka.IBk,0.906667,Supervised Classification
42,soybean,683,36,19,class,2337,9.504636408,121,0,36,0,100,13.46998536,1.171303075,92,8,,,,,,,0.9457478006,3.835507985,1154,weka.NaiveBayes,0.915556,Supervised Classification
42,soybean,683,36,19,class,2337,9.504636408,121,0,36,0,100,13.46998536,1.171303075,92,8,,,,,,,0.9457478006,3.835507985,1168,weka.BayesNet_K2,0.92,Supervised Classification
42,soybean,683,36,19,class,2337,9.504636408,121,0,36,0,100,13.46998536,1.171303075,92,8,,,,,,,0.9457478006,3.835507985,1185,weka.Bagging_REPTree,0.826667,Supervised Classification
42,soybean,683,36,19,class,2337,9.504636408,121,0,36,0,100,13.46998536,1.171303075,92,8,,,,,,,0.9457478006,3.835507985,1191,weka.LogitBoost_DecisionStump,0.928889,Supervised Classification
42,soybean,683,36,19,class,2337,9.504636408,121,0,36,0,100,13.46998536,1.171303075,92,8,,,,,,,0.9457478006,3.835507985,1090,weka.DecisionStump,0.275556,Supervised Classification
42,soybean,683,36,19,class,2337,9.504636408,121,0,36,0,100,13.46998536,1.171303075,92,8,,,,,,,0.9457478006,3.835507985,1091,weka.BFTree,0.924444,Supervised Classification
42,soybean,683,36,19,class,2337,9.504636408,121,0,36,0,100,13.46998536,1.171303075,92,8,,,,,,,0.9457478006,3.835507985,1094,weka.JRip,0.857778,Supervised Classification
42,soybean,683,36,19,class,2337,9.504636408,121,0,36,0,100,13.46998536,1.171303075,92,8,,,,,,,0.9457478006,3.835507985,1096,weka.DecisionTable_BestFirst,0.848889,Supervised Classification
42,soybean,683,36,19,class,2337,9.504636408,121,0,36,0,100,13.46998536,1.171303075,92,8,,,,,,,0.9457478006,3.835507985,1114,weka.Logistic,0.875556,Supervised Classification
42,soybean,683,36,19,class,2337,9.504636408,121,0,36,0,100,13.46998536,1.171303075,92,8,,,,,,,0.9457478006,3.835507985,1117,weka.RBFClassifier,0.453333,Supervised Classification
42,soybean,683,36,19,class,2337,9.504636408,121,0,36,0,100,13.46998536,1.171303075,92,8,,,,,,,0.9457478006,3.835507985,1155,weka.FilteredClassifier_Standardize_NaiveBayes,0.915556,Supervised Classification
42,soybean,683,36,19,class,2337,9.504636408,121,0,36,0,100,13.46998536,1.171303075,92,8,,,,,,,0.9457478006,3.835507985,1244,weka.FilteredClassifier_Discretize_J48,0.866667,Supervised Classification
42,soybean,683,36,19,class,2337,9.504636408,121,0,36,0,100,13.46998536,1.171303075,92,8,,,,,,,0.9457478006,3.835507985,1163,weka.FilteredClassifier_PrincipalComponents_J48,0.835556,Supervised Classification
42,soybean,683,36,19,class,2337,9.504636408,121,0,36,0,100,13.46998536,1.171303075,92,8,,,,,,,0.9457478006,3.835507985,1165,weka.A1DE,0.942222,Supervised Classification
42,soybean,683,36,19,class,2337,9.504636408,121,0,36,0,100,13.46998536,1.171303075,92,8,,,,,,,0.9457478006,3.835507985,1172,weka.LibSVM,0.835556,Supervised Classification
42,soybean,683,36,19,class,2337,9.504636408,121,0,36,0,100,13.46998536,1.171303075,92,8,,,,,,,0.9457478006,3.835507985,1185,weka.Bagging_REPTree,0.822222,Supervised Classification
42,soybean,683,36,19,class,2337,9.504636408,121,0,36,0,100,13.46998536,1.171303075,92,8,,,,,,,0.9457478006,3.835507985,1194,weka.RandomSubSpace_REPTree,0.897778,Supervised Classification
42,soybean,683,36,19,class,2337,9.504636408,121,0,36,0,100,13.46998536,1.171303075,92,8,,,,,,,0.9457478006,3.835507985,1098,weka.ConjunctiveRule,0.253333,Supervised Classification
42,soybean,683,36,19,class,2337,9.504636408,121,0,36,0,100,13.46998536,1.171303075,92,8,,,,,,,0.9457478006,3.835507985,1099,weka.CHIRP,0.902222,Supervised Classification
42,soybean,683,36,19,class,2337,9.504636408,121,0,36,0,100,13.46998536,1.171303075,92,8,,,,,,,0.9457478006,3.835507985,1100,weka.HyperPipes,0.844444,Supervised Classification
42,soybean,683,36,19,class,2337,9.504636408,121,0,36,0,100,13.46998536,1.171303075,92,8,,,,,,,0.9457478006,3.835507985,1106,weka.KStar,0.866667,Supervised Classification
42,soybean,683,36,19,class,2337,9.504636408,121,0,36,0,100,13.46998536,1.171303075,92,8,,,,,,,0.9457478006,3.835507985,1107,weka.LBR,0.928889,Supervised Classification
42,soybean,683,36,19,class,2337,9.504636408,121,0,36,0,100,13.46998536,1.171303075,92,8,,,,,,,0.9457478006,3.835507985,1160,weka.AttributeSelectedClassifier_PrincipalComponents_Ranker_J48,0.835556,Supervised Classification
42,soybean,683,36,19,class,2337,9.504636408,121,0,36,0,100,13.46998536,1.171303075,92,8,,,,,,,0.9457478006,3.835507985,1084,weka.J48graft,0.871111,Supervised Classification
42,soybean,683,36,19,class,2337,9.504636408,121,0,36,0,100,13.46998536,1.171303075,92,8,,,,,,,0.9457478006,3.835507985,1166,weka.A2DE,0.942222,Supervised Classification
42,soybean,683,36,19,class,2337,9.504636408,121,0,36,0,100,13.46998536,1.171303075,92,8,,,,,,,0.9457478006,3.835507985,1108,weka.LWL_DecisionStump,0.6,Supervised Classification
42,soybean,683,36,19,class,2337,9.504636408,121,0,36,0,100,13.46998536,1.171303075,92,8,,,,,,,0.9457478006,3.835507985,1186,weka.Dagging_DecisionStump,0.382222,Supervised Classification
42,soybean,683,36,19,class,2337,9.504636408,121,0,36,0,100,13.46998536,1.171303075,92,8,,,,,,,0.9457478006,3.835507985,1187,weka.Decorate,0.92,Supervised Classification
42,soybean,683,36,19,class,2337,9.504636408,121,0,36,0,100,13.46998536,1.171303075,92,8,,,,,,,0.9457478006,3.835507985,1188,weka.END_ND_J48,0.906667,Supervised Classification
42,soybean,683,36,19,class,2337,9.504636408,121,0,36,0,100,13.46998536,1.171303075,92,8,,,,,,,0.9457478006,3.835507985,1190,weka.Grading_ZeroR,0.12,Supervised Classification
42,soybean,683,36,19,class,2337,9.504636408,121,0,36,0,100,13.46998536,1.171303075,92,8,,,,,,,0.9457478006,3.835507985,1192,weka.MultiBoostAB_DecisionStump,0.275556,Supervised Classification
42,soybean,683,36,19,class,2337,9.504636408,121,0,36,0,100,13.46998536,1.171303075,92,8,,,,,,,0.9457478006,3.835507985,1193,weka.RacedIncrementalLogitBoost_DecisionStump,0.12,Supervised Classification
42,soybean,683,36,19,class,2337,9.504636408,121,0,36,0,100,13.46998536,1.171303075,92,8,,,,,,,0.9457478006,3.835507985,1196,weka.RotationForest_PrincipalComponents_J48,0.928889,Supervised Classification
42,soybean,683,36,19,class,2337,9.504636408,121,0,36,0,100,13.46998536,1.171303075,92,8,,,,,,,0.9457478006,3.835507985,1196,weka.RotationForest_PrincipalComponents_J48,0.933333,Supervised Classification
181,yeast,1484,9,10,class_protein_localization,0,0,0,8,1,88.88888889,11.11111111,31.19946092,0.3369272237,463,5,0.381196934,0.09666403435,0.0075,0.5047169811,28.66087843,2.912827304,0.5165205664,2.490417636,1068,weka.J48,0.548057,Supervised Classification
181,yeast,1484,9,10,class_protein_localization,0,0,0,8,1,88.88888889,11.11111111,31.19946092,0.3369272237,463,5,0.381196934,0.09666403435,0.0075,0.5047169811,28.66087843,2.912827304,0.5165205664,2.490417636,1069,weka.ZeroR,0.310838,Supervised Classification
181,yeast,1484,9,10,class_protein_localization,0,0,0,8,1,88.88888889,11.11111111,31.19946092,0.3369272237,463,5,0.381196934,0.09666403435,0.0075,0.5047169811,28.66087843,2.912827304,0.5165205664,2.490417636,1070,weka.Ridor,0.554192,Supervised Classification
181,yeast,1484,9,10,class_protein_localization,0,0,0,8,1,88.88888889,11.11111111,31.19946092,0.3369272237,463,5,0.381196934,0.09666403435,0.0075,0.5047169811,28.66087843,2.912827304,0.5165205664,2.490417636,1071,weka.OneR,0.347648,Supervised Classification
181,yeast,1484,9,10,class_protein_localization,0,0,0,8,1,88.88888889,11.11111111,31.19946092,0.3369272237,463,5,0.381196934,0.09666403435,0.0075,0.5047169811,28.66087843,2.912827304,0.5165205664,2.490417636,1073,weka.PART,0.546012,Supervised Classification
181,yeast,1484,9,10,class_protein_localization,0,0,0,8,1,88.88888889,11.11111111,31.19946092,0.3369272237,463,5,0.381196934,0.09666403435,0.0075,0.5047169811,28.66087843,2.912827304,0.5165205664,2.490417636,1074,weka.OLM,0.347648,Supervised Classification
181,yeast,1484,9,10,class_protein_localization,0,0,0,8,1,88.88888889,11.11111111,31.19946092,0.3369272237,463,5,0.381196934,0.09666403435,0.0075,0.5047169811,28.66087843,2.912827304,0.5165205664,2.490417636,1090,weka.DecisionStump,0.376278,Supervised Classification
181,yeast,1484,9,10,class_protein_localization,0,0,0,8,1,88.88888889,11.11111111,31.19946092,0.3369272237,463,5,0.381196934,0.09666403435,0.0075,0.5047169811,28.66087843,2.912827304,0.5165205664,2.490417636,1160,weka.AttributeSelectedClassifier_PrincipalComponents_Ranker_J48,0.519427,Supervised Classification
181,yeast,1484,9,10,class_protein_localization,0,0,0,8,1,88.88888889,11.11111111,31.19946092,0.3369272237,463,5,0.381196934,0.09666403435,0.0075,0.5047169811,28.66087843,2.912827304,0.5165205664,2.490417636,523,weka.Bagging_J48,0.603272,Supervised Classification
181,yeast,1484,9,10,class_protein_localization,0,0,0,8,1,88.88888889,11.11111111,31.19946092,0.3369272237,463,5,0.381196934,0.09666403435,0.0075,0.5047169811,28.66087843,2.912827304,0.5165205664,2.490417636,523,weka.Bagging_J48,0.599182,Supervised Classification
181,yeast,1484,9,10,class_protein_localization,0,0,0,8,1,88.88888889,11.11111111,31.19946092,0.3369272237,463,5,0.381196934,0.09666403435,0.0075,0.5047169811,28.66087843,2.912827304,0.5165205664,2.490417636,523,weka.Bagging_J48,0.607362,Supervised Classification
181,yeast,1484,9,10,class_protein_localization,0,0,0,8,1,88.88888889,11.11111111,31.19946092,0.3369272237,463,5,0.381196934,0.09666403435,0.0075,0.5047169811,28.66087843,2.912827304,0.5165205664,2.490417636,523,weka.Bagging_J48,0.613497,Supervised Classification
181,yeast,1484,9,10,class_protein_localization,0,0,0,8,1,88.88888889,11.11111111,31.19946092,0.3369272237,463,5,0.381196934,0.09666403435,0.0075,0.5047169811,28.66087843,2.912827304,0.5165205664,2.490417636,524,weka.Bagging_JRip,0.586912,Supervised Classification
181,yeast,1484,9,10,class_protein_localization,0,0,0,8,1,88.88888889,11.11111111,31.19946092,0.3369272237,463,5,0.381196934,0.09666403435,0.0075,0.5047169811,28.66087843,2.912827304,0.5165205664,2.490417636,524,weka.Bagging_JRip,0.591002,Supervised Classification
181,yeast,1484,9,10,class_protein_localization,0,0,0,8,1,88.88888889,11.11111111,31.19946092,0.3369272237,463,5,0.381196934,0.09666403435,0.0075,0.5047169811,28.66087843,2.912827304,0.5165205664,2.490417636,527,weka.Bagging_LMT,0.588957,Supervised Classification
181,yeast,1484,9,10,class_protein_localization,0,0,0,8,1,88.88888889,11.11111111,31.19946092,0.3369272237,463,5,0.381196934,0.09666403435,0.0075,0.5047169811,28.66087843,2.912827304,0.5165205664,2.490417636,527,weka.Bagging_LMT,0.599182,Supervised Classification
181,yeast,1484,9,10,class_protein_localization,0,0,0,8,1,88.88888889,11.11111111,31.19946092,0.3369272237,463,5,0.381196934,0.09666403435,0.0075,0.5047169811,28.66087843,2.912827304,0.5165205664,2.490417636,527,weka.Bagging_LMT,0.595092,Supervised Classification
181,yeast,1484,9,10,class_protein_localization,0,0,0,8,1,88.88888889,11.11111111,31.19946092,0.3369272237,463,5,0.381196934,0.09666403435,0.0075,0.5047169811,28.66087843,2.912827304,0.5165205664,2.490417636,527,weka.Bagging_LMT,0.576687,Supervised Classification
181,yeast,1484,9,10,class_protein_localization,0,0,0,8,1,88.88888889,11.11111111,31.19946092,0.3369272237,463,5,0.381196934,0.09666403435,0.0075,0.5047169811,28.66087843,2.912827304,0.5165205664,2.490417636,527,weka.Bagging_LMT,0.546012,Supervised Classification
181,yeast,1484,9,10,class_protein_localization,0,0,0,8,1,88.88888889,11.11111111,31.19946092,0.3369272237,463,5,0.381196934,0.09666403435,0.0075,0.5047169811,28.66087843,2.912827304,0.5165205664,2.490417636,528,weka.Bagging_LWL_DecisionStump,0.380368,Supervised Classification
181,yeast,1484,9,10,class_protein_localization,0,0,0,8,1,88.88888889,11.11111111,31.19946092,0.3369272237,463,5,0.381196934,0.09666403435,0.0075,0.5047169811,28.66087843,2.912827304,0.5165205664,2.490417636,528,weka.Bagging_LWL_DecisionStump,0.376278,Supervised Classification
181,yeast,1484,9,10,class_protein_localization,0,0,0,8,1,88.88888889,11.11111111,31.19946092,0.3369272237,463,5,0.381196934,0.09666403435,0.0075,0.5047169811,28.66087843,2.912827304,0.5165205664,2.490417636,529,weka.Bagging_MultilayerPerceptron,0.603272,Supervised Classification
181,yeast,1484,9,10,class_protein_localization,0,0,0,8,1,88.88888889,11.11111111,31.19946092,0.3369272237,463,5,0.381196934,0.09666403435,0.0075,0.5047169811,28.66087843,2.912827304,0.5165205664,2.490417636,529,weka.Bagging_MultilayerPerceptron,0.599182,Supervised Classification
181,yeast,1484,9,10,class_protein_localization,0,0,0,8,1,88.88888889,11.11111111,31.19946092,0.3369272237,463,5,0.381196934,0.09666403435,0.0075,0.5047169811,28.66087843,2.912827304,0.5165205664,2.490417636,530,weka.Bagging_NaiveBayes,0.560327,Supervised Classification
181,yeast,1484,9,10,class_protein_localization,0,0,0,8,1,88.88888889,11.11111111,31.19946092,0.3369272237,463,5,0.381196934,0.09666403435,0.0075,0.5047169811,28.66087843,2.912827304,0.5165205664,2.490417636,506,weka.RotationForest_PrincipalComponents_J48,0.593047,Supervised Classification
181,yeast,1484,9,10,class_protein_localization,0,0,0,8,1,88.88888889,11.11111111,31.19946092,0.3369272237,463,5,0.381196934,0.09666403435,0.0075,0.5047169811,28.66087843,2.912827304,0.5165205664,2.490417636,531,weka.Bagging_OneR,0.370143,Supervised Classification
181,yeast,1484,9,10,class_protein_localization,0,0,0,8,1,88.88888889,11.11111111,31.19946092,0.3369272237,463,5,0.381196934,0.09666403435,0.0075,0.5047169811,28.66087843,2.912827304,0.5165205664,2.490417636,531,weka.Bagging_OneR,0.353783,Supervised Classification
181,yeast,1484,9,10,class_protein_localization,0,0,0,8,1,88.88888889,11.11111111,31.19946092,0.3369272237,463,5,0.381196934,0.09666403435,0.0075,0.5047169811,28.66087843,2.912827304,0.5165205664,2.490417636,531,weka.Bagging_OneR,0.355828,Supervised Classification
181,yeast,1484,9,10,class_protein_localization,0,0,0,8,1,88.88888889,11.11111111,31.19946092,0.3369272237,463,5,0.381196934,0.09666403435,0.0075,0.5047169811,28.66087843,2.912827304,0.5165205664,2.490417636,531,weka.Bagging_OneR,0.357873,Supervised Classification
181,yeast,1484,9,10,class_protein_localization,0,0,0,8,1,88.88888889,11.11111111,31.19946092,0.3369272237,463,5,0.381196934,0.09666403435,0.0075,0.5047169811,28.66087843,2.912827304,0.5165205664,2.490417636,532,weka.Bagging_RandomForest,0.597137,Supervised Classification
181,yeast,1484,9,10,class_protein_localization,0,0,0,8,1,88.88888889,11.11111111,31.19946092,0.3369272237,463,5,0.381196934,0.09666403435,0.0075,0.5047169811,28.66087843,2.912827304,0.5165205664,2.490417636,532,weka.Bagging_RandomForest,0.607362,Supervised Classification
181,yeast,1484,9,10,class_protein_localization,0,0,0,8,1,88.88888889,11.11111111,31.19946092,0.3369272237,463,5,0.381196934,0.09666403435,0.0075,0.5047169811,28.66087843,2.912827304,0.5165205664,2.490417636,532,weka.Bagging_RandomForest,0.603272,Supervised Classification
181,yeast,1484,9,10,class_protein_localization,0,0,0,8,1,88.88888889,11.11111111,31.19946092,0.3369272237,463,5,0.381196934,0.09666403435,0.0075,0.5047169811,28.66087843,2.912827304,0.5165205664,2.490417636,532,weka.Bagging_RandomForest,0.609407,Supervised Classification
181,yeast,1484,9,10,class_protein_localization,0,0,0,8,1,88.88888889,11.11111111,31.19946092,0.3369272237,463,5,0.381196934,0.09666403435,0.0075,0.5047169811,28.66087843,2.912827304,0.5165205664,2.490417636,532,weka.Bagging_RandomForest,0.615542,Supervised Classification
181,yeast,1484,9,10,class_protein_localization,0,0,0,8,1,88.88888889,11.11111111,31.19946092,0.3369272237,463,5,0.381196934,0.09666403435,0.0075,0.5047169811,28.66087843,2.912827304,0.5165205664,2.490417636,533,weka.Bagging_RandomTree,0.601227,Supervised Classification
181,yeast,1484,9,10,class_protein_localization,0,0,0,8,1,88.88888889,11.11111111,31.19946092,0.3369272237,463,5,0.381196934,0.09666403435,0.0075,0.5047169811,28.66087843,2.912827304,0.5165205664,2.490417636,378,weka.Bagging_REPTree,0.605317,Supervised Classification
181,yeast,1484,9,10,class_protein_localization,0,0,0,8,1,88.88888889,11.11111111,31.19946092,0.3369272237,463,5,0.381196934,0.09666403435,0.0075,0.5047169811,28.66087843,2.912827304,0.5165205664,2.490417636,378,weka.Bagging_REPTree,0.613497,Supervised Classification
181,yeast,1484,9,10,class_protein_localization,0,0,0,8,1,88.88888889,11.11111111,31.19946092,0.3369272237,463,5,0.381196934,0.09666403435,0.0075,0.5047169811,28.66087843,2.912827304,0.5165205664,2.490417636,378,weka.Bagging_REPTree,0.609407,Supervised Classification
181,yeast,1484,9,10,class_protein_localization,0,0,0,8,1,88.88888889,11.11111111,31.19946092,0.3369272237,463,5,0.381196934,0.09666403435,0.0075,0.5047169811,28.66087843,2.912827304,0.5165205664,2.490417636,534,weka.Bagging_SMO_PolyKernel,0.560327,Supervised Classification
181,yeast,1484,9,10,class_protein_localization,0,0,0,8,1,88.88888889,11.11111111,31.19946092,0.3369272237,463,5,0.381196934,0.09666403435,0.0075,0.5047169811,28.66087843,2.912827304,0.5165205664,2.490417636,534,weka.Bagging_SMO_PolyKernel,0.558282,Supervised Classification
181,yeast,1484,9,10,class_protein_localization,0,0,0,8,1,88.88888889,11.11111111,31.19946092,0.3369272237,463,5,0.381196934,0.09666403435,0.0075,0.5047169811,28.66087843,2.912827304,0.5165205664,2.490417636,441,weka.ComplementNaiveBayes,0.496933,Supervised Classification
181,yeast,1484,9,10,class_protein_localization,0,0,0,8,1,88.88888889,11.11111111,31.19946092,0.3369272237,463,5,0.381196934,0.09666403435,0.0075,0.5047169811,28.66087843,2.912827304,0.5165205664,2.490417636,563,weka.NaiveBayesUpdateable,0.556237,Supervised Classification
181,yeast,1484,9,10,class_protein_localization,0,0,0,8,1,88.88888889,11.11111111,31.19946092,0.3369272237,463,5,0.381196934,0.09666403435,0.0075,0.5047169811,28.66087843,2.912827304,0.5165205664,2.490417636,675,weka.J48,0.548057,Supervised Classification
181,yeast,1484,9,10,class_protein_localization,0,0,0,8,1,88.88888889,11.11111111,31.19946092,0.3369272237,463,5,0.381196934,0.09666403435,0.0075,0.5047169811,28.66087843,2.912827304,0.5165205664,2.490417636,375,weka.OneR,0.347648,Supervised Classification
181,yeast,1484,9,10,class_protein_localization,0,0,0,8,1,88.88888889,11.11111111,31.19946092,0.3369272237,463,5,0.381196934,0.09666403435,0.0075,0.5047169811,28.66087843,2.912827304,0.5165205664,2.490417636,378,weka.Bagging_REPTree,0.601227,Supervised Classification
181,yeast,1484,9,10,class_protein_localization,0,0,0,8,1,88.88888889,11.11111111,31.19946092,0.3369272237,463,5,0.381196934,0.09666403435,0.0075,0.5047169811,28.66087843,2.912827304,0.5165205664,2.490417636,380,weka.NaiveBayes,0.556237,Supervised Classification
181,yeast,1484,9,10,class_protein_localization,0,0,0,8,1,88.88888889,11.11111111,31.19946092,0.3369272237,463,5,0.381196934,0.09666403435,0.0075,0.5047169811,28.66087843,2.912827304,0.5165205664,2.490417636,677,weka.Logistic,0.556237,Supervised Classification
181,yeast,1484,9,10,class_protein_localization,0,0,0,8,1,88.88888889,11.11111111,31.19946092,0.3369272237,463,5,0.381196934,0.09666403435,0.0075,0.5047169811,28.66087843,2.912827304,0.5165205664,2.490417636,385,weka.SMO_PolyKernel,0.539877,Supervised Classification
181,yeast,1484,9,10,class_protein_localization,0,0,0,8,1,88.88888889,11.11111111,31.19946092,0.3369272237,463,5,0.381196934,0.09666403435,0.0075,0.5047169811,28.66087843,2.912827304,0.5165205664,2.490417636,387,weka.SMO_RBFKernel,0.310838,Supervised Classification
181,yeast,1484,9,10,class_protein_localization,0,0,0,8,1,88.88888889,11.11111111,31.19946092,0.3369272237,463,5,0.381196934,0.09666403435,0.0075,0.5047169811,28.66087843,2.912827304,0.5165205664,2.490417636,389,weka.IBk,0.546012,Supervised Classification
181,yeast,1484,9,10,class_protein_localization,0,0,0,8,1,88.88888889,11.11111111,31.19946092,0.3369272237,463,5,0.381196934,0.09666403435,0.0075,0.5047169811,28.66087843,2.912827304,0.5165205664,2.490417636,390,weka.JRip,0.566462,Supervised Classification
181,yeast,1484,9,10,class_protein_localization,0,0,0,8,1,88.88888889,11.11111111,31.19946092,0.3369272237,463,5,0.381196934,0.09666403435,0.0075,0.5047169811,28.66087843,2.912827304,0.5165205664,2.490417636,391,weka.RandomForest,0.599182,Supervised Classification
181,yeast,1484,9,10,class_protein_localization,0,0,0,8,1,88.88888889,11.11111111,31.19946092,0.3369272237,463,5,0.381196934,0.09666403435,0.0075,0.5047169811,28.66087843,2.912827304,0.5165205664,2.490417636,393,weka.A2DE,0.560327,Supervised Classification
181,yeast,1484,9,10,class_protein_localization,0,0,0,8,1,88.88888889,11.11111111,31.19946092,0.3369272237,463,5,0.381196934,0.09666403435,0.0075,0.5047169811,28.66087843,2.912827304,0.5165205664,2.490417636,398,weka.AdaBoostM1_BFTree,0.572597,Supervised Classification
181,yeast,1484,9,10,class_protein_localization,0,0,0,8,1,88.88888889,11.11111111,31.19946092,0.3369272237,463,5,0.381196934,0.09666403435,0.0075,0.5047169811,28.66087843,2.912827304,0.5165205664,2.490417636,398,weka.AdaBoostM1_BFTree,0.586912,Supervised Classification
181,yeast,1484,9,10,class_protein_localization,0,0,0,8,1,88.88888889,11.11111111,31.19946092,0.3369272237,463,5,0.381196934,0.09666403435,0.0075,0.5047169811,28.66087843,2.912827304,0.5165205664,2.490417636,398,weka.AdaBoostM1_BFTree,0.595092,Supervised Classification
181,yeast,1484,9,10,class_protein_localization,0,0,0,8,1,88.88888889,11.11111111,31.19946092,0.3369272237,463,5,0.381196934,0.09666403435,0.0075,0.5047169811,28.66087843,2.912827304,0.5165205664,2.490417636,376,weka.AdaBoostM1_DecisionStump,0.376278,Supervised Classification
181,yeast,1484,9,10,class_protein_localization,0,0,0,8,1,88.88888889,11.11111111,31.19946092,0.3369272237,463,5,0.381196934,0.09666403435,0.0075,0.5047169811,28.66087843,2.912827304,0.5165205664,2.490417636,404,weka.AdaBoostM1_IBk,0.546012,Supervised Classification
181,yeast,1484,9,10,class_protein_localization,0,0,0,8,1,88.88888889,11.11111111,31.19946092,0.3369272237,463,5,0.381196934,0.09666403435,0.0075,0.5047169811,28.66087843,2.912827304,0.5165205664,2.490417636,405,weka.AdaBoostM1_J48,0.595092,Supervised Classification
181,yeast,1484,9,10,class_protein_localization,0,0,0,8,1,88.88888889,11.11111111,31.19946092,0.3369272237,463,5,0.381196934,0.09666403435,0.0075,0.5047169811,28.66087843,2.912827304,0.5165205664,2.490417636,405,weka.AdaBoostM1_J48,0.584867,Supervised Classification
181,yeast,1484,9,10,class_protein_localization,0,0,0,8,1,88.88888889,11.11111111,31.19946092,0.3369272237,463,5,0.381196934,0.09666403435,0.0075,0.5047169811,28.66087843,2.912827304,0.5165205664,2.490417636,405,weka.AdaBoostM1_J48,0.570552,Supervised Classification
181,yeast,1484,9,10,class_protein_localization,0,0,0,8,1,88.88888889,11.11111111,31.19946092,0.3369272237,463,5,0.381196934,0.09666403435,0.0075,0.5047169811,28.66087843,2.912827304,0.5165205664,2.490417636,405,weka.AdaBoostM1_J48,0.574642,Supervised Classification
181,yeast,1484,9,10,class_protein_localization,0,0,0,8,1,88.88888889,11.11111111,31.19946092,0.3369272237,463,5,0.381196934,0.09666403435,0.0075,0.5047169811,28.66087843,2.912827304,0.5165205664,2.490417636,405,weka.AdaBoostM1_J48,0.572597,Supervised Classification
181,yeast,1484,9,10,class_protein_localization,0,0,0,8,1,88.88888889,11.11111111,31.19946092,0.3369272237,463,5,0.381196934,0.09666403435,0.0075,0.5047169811,28.66087843,2.912827304,0.5165205664,2.490417636,406,weka.AdaBoostM1_JRip,0.572597,Supervised Classification
181,yeast,1484,9,10,class_protein_localization,0,0,0,8,1,88.88888889,11.11111111,31.19946092,0.3369272237,463,5,0.381196934,0.09666403435,0.0075,0.5047169811,28.66087843,2.912827304,0.5165205664,2.490417636,407,weka.AdaBoostM1_LADTree,0.554192,Supervised Classification
181,yeast,1484,9,10,class_protein_localization,0,0,0,8,1,88.88888889,11.11111111,31.19946092,0.3369272237,463,5,0.381196934,0.09666403435,0.0075,0.5047169811,28.66087843,2.912827304,0.5165205664,2.490417636,411,weka.AdaBoostM1_LMT,0.548057,Supervised Classification
181,yeast,1484,9,10,class_protein_localization,0,0,0,8,1,88.88888889,11.11111111,31.19946092,0.3369272237,463,5,0.381196934,0.09666403435,0.0075,0.5047169811,28.66087843,2.912827304,0.5165205664,2.490417636,411,weka.AdaBoostM1_LMT,0.582822,Supervised Classification
181,yeast,1484,9,10,class_protein_localization,0,0,0,8,1,88.88888889,11.11111111,31.19946092,0.3369272237,463,5,0.381196934,0.09666403435,0.0075,0.5047169811,28.66087843,2.912827304,0.5165205664,2.490417636,411,weka.AdaBoostM1_LMT,0.572597,Supervised Classification
181,yeast,1484,9,10,class_protein_localization,0,0,0,8,1,88.88888889,11.11111111,31.19946092,0.3369272237,463,5,0.381196934,0.09666403435,0.0075,0.5047169811,28.66087843,2.912827304,0.5165205664,2.490417636,411,weka.AdaBoostM1_LMT,0.609407,Supervised Classification
181,yeast,1484,9,10,class_protein_localization,0,0,0,8,1,88.88888889,11.11111111,31.19946092,0.3369272237,463,5,0.381196934,0.09666403435,0.0075,0.5047169811,28.66087843,2.912827304,0.5165205664,2.490417636,411,weka.AdaBoostM1_LMT,0.599182,Supervised Classification
181,yeast,1484,9,10,class_protein_localization,0,0,0,8,1,88.88888889,11.11111111,31.19946092,0.3369272237,463,5,0.381196934,0.09666403435,0.0075,0.5047169811,28.66087843,2.912827304,0.5165205664,2.490417636,413,weka.AdaBoostM1_LWL_DecisionStump,0.376278,Supervised Classification
181,yeast,1484,9,10,class_protein_localization,0,0,0,8,1,88.88888889,11.11111111,31.19946092,0.3369272237,463,5,0.381196934,0.09666403435,0.0075,0.5047169811,28.66087843,2.912827304,0.5165205664,2.490417636,417,weka.AdaBoostM1_NaiveBayes,0.556237,Supervised Classification
181,yeast,1484,9,10,class_protein_localization,0,0,0,8,1,88.88888889,11.11111111,31.19946092,0.3369272237,463,5,0.381196934,0.09666403435,0.0075,0.5047169811,28.66087843,2.912827304,0.5165205664,2.490417636,418,weka.AdaBoostM1_OneR,0.329243,Supervised Classification
181,yeast,1484,9,10,class_protein_localization,0,0,0,8,1,88.88888889,11.11111111,31.19946092,0.3369272237,463,5,0.381196934,0.09666403435,0.0075,0.5047169811,28.66087843,2.912827304,0.5165205664,2.490417636,419,weka.AdaBoostM1_RandomForest,0.615542,Supervised Classification
181,yeast,1484,9,10,class_protein_localization,0,0,0,8,1,88.88888889,11.11111111,31.19946092,0.3369272237,463,5,0.381196934,0.09666403435,0.0075,0.5047169811,28.66087843,2.912827304,0.5165205664,2.490417636,420,weka.AdaBoostM1_RandomTree,0.523517,Supervised Classification
181,yeast,1484,9,10,class_protein_localization,0,0,0,8,1,88.88888889,11.11111111,31.19946092,0.3369272237,463,5,0.381196934,0.09666403435,0.0075,0.5047169811,28.66087843,2.912827304,0.5165205664,2.490417636,422,weka.AdaBoostM1_REPTree,0.595092,Supervised Classification
181,yeast,1484,9,10,class_protein_localization,0,0,0,8,1,88.88888889,11.11111111,31.19946092,0.3369272237,463,5,0.381196934,0.09666403435,0.0075,0.5047169811,28.66087843,2.912827304,0.5165205664,2.490417636,423,weka.AdaBoostM1_SMO_PolyKernel,0.539877,Supervised Classification
181,yeast,1484,9,10,class_protein_localization,0,0,0,8,1,88.88888889,11.11111111,31.19946092,0.3369272237,463,5,0.381196934,0.09666403435,0.0075,0.5047169811,28.66087843,2.912827304,0.5165205664,2.490417636,1075,weka.NNge,0.546012,Supervised Classification
181,yeast,1484,9,10,class_protein_localization,0,0,0,8,1,88.88888889,11.11111111,31.19946092,0.3369272237,463,5,0.381196934,0.09666403435,0.0075,0.5047169811,28.66087843,2.912827304,0.5165205664,2.490417636,1076,weka.SimpleCart,0.578732,Supervised Classification
181,yeast,1484,9,10,class_protein_localization,0,0,0,8,1,88.88888889,11.11111111,31.19946092,0.3369272237,463,5,0.381196934,0.09666403435,0.0075,0.5047169811,28.66087843,2.912827304,0.5165205664,2.490417636,1077,weka.REPTree,0.572597,Supervised Classification
181,yeast,1484,9,10,class_protein_localization,0,0,0,8,1,88.88888889,11.11111111,31.19946092,0.3369272237,463,5,0.381196934,0.09666403435,0.0075,0.5047169811,28.66087843,2.912827304,0.5165205664,2.490417636,1078,weka.RandomTree,0.466258,Supervised Classification
181,yeast,1484,9,10,class_protein_localization,0,0,0,8,1,88.88888889,11.11111111,31.19946092,0.3369272237,463,5,0.381196934,0.09666403435,0.0075,0.5047169811,28.66087843,2.912827304,0.5165205664,2.490417636,1079,weka.RandomForest,0.599182,Supervised Classification
181,yeast,1484,9,10,class_protein_localization,0,0,0,8,1,88.88888889,11.11111111,31.19946092,0.3369272237,463,5,0.381196934,0.09666403435,0.0075,0.5047169811,28.66087843,2.912827304,0.5165205664,2.490417636,1080,weka.NBTree,0.552147,Supervised Classification
181,yeast,1484,9,10,class_protein_localization,0,0,0,8,1,88.88888889,11.11111111,31.19946092,0.3369272237,463,5,0.381196934,0.09666403435,0.0075,0.5047169811,28.66087843,2.912827304,0.5165205664,2.490417636,1166,weka.A2DE,0.560327,Supervised Classification
181,yeast,1484,9,10,class_protein_localization,0,0,0,8,1,88.88888889,11.11111111,31.19946092,0.3369272237,463,5,0.381196934,0.09666403435,0.0075,0.5047169811,28.66087843,2.912827304,0.5165205664,2.490417636,1112,weka.LibLINEAR,0.556237,Supervised Classification
181,yeast,1484,9,10,class_protein_localization,0,0,0,8,1,88.88888889,11.11111111,31.19946092,0.3369272237,463,5,0.381196934,0.09666403435,0.0075,0.5047169811,28.66087843,2.912827304,0.5165205664,2.490417636,1177,weka.SimpleLogistic,0.564417,Supervised Classification
181,yeast,1484,9,10,class_protein_localization,0,0,0,8,1,88.88888889,11.11111111,31.19946092,0.3369272237,463,5,0.381196934,0.09666403435,0.0075,0.5047169811,28.66087843,2.912827304,0.5165205664,2.490417636,1178,weka.SMO_PolyKernel,0.539877,Supervised Classification
181,yeast,1484,9,10,class_protein_localization,0,0,0,8,1,88.88888889,11.11111111,31.19946092,0.3369272237,463,5,0.381196934,0.09666403435,0.0075,0.5047169811,28.66087843,2.912827304,0.5165205664,2.490417636,1179,weka.SMO_RBFKernel,0.310838,Supervised Classification
181,yeast,1484,9,10,class_protein_localization,0,0,0,8,1,88.88888889,11.11111111,31.19946092,0.3369272237,463,5,0.381196934,0.09666403435,0.0075,0.5047169811,28.66087843,2.912827304,0.5165205664,2.490417636,1105,weka.IBk,0.521472,Supervised Classification
181,yeast,1484,9,10,class_protein_localization,0,0,0,8,1,88.88888889,11.11111111,31.19946092,0.3369272237,463,5,0.381196934,0.09666403435,0.0075,0.5047169811,28.66087843,2.912827304,0.5165205664,2.490417636,1105,weka.IBk,0.546012,Supervised Classification
181,yeast,1484,9,10,class_protein_localization,0,0,0,8,1,88.88888889,11.11111111,31.19946092,0.3369272237,463,5,0.381196934,0.09666403435,0.0075,0.5047169811,28.66087843,2.912827304,0.5165205664,2.490417636,1182,weka.AdaBoostM1_DecisionStump,0.376278,Supervised Classification
181,yeast,1484,9,10,class_protein_localization,0,0,0,8,1,88.88888889,11.11111111,31.19946092,0.3369272237,463,5,0.381196934,0.09666403435,0.0075,0.5047169811,28.66087843,2.912827304,0.5165205664,2.490417636,1183,weka.AttributeSelectedClassifier_CfsSubsetEval_BestFirst_J48,0.531697,Supervised Classification
181,yeast,1484,9,10,class_protein_localization,0,0,0,8,1,88.88888889,11.11111111,31.19946092,0.3369272237,463,5,0.381196934,0.09666403435,0.0075,0.5047169811,28.66087843,2.912827304,0.5165205664,2.490417636,1191,weka.LogitBoost_DecisionStump,0.574642,Supervised Classification
181,yeast,1484,9,10,class_protein_localization,0,0,0,8,1,88.88888889,11.11111111,31.19946092,0.3369272237,463,5,0.381196934,0.09666403435,0.0075,0.5047169811,28.66087843,2.912827304,0.5165205664,2.490417636,1191,weka.LogitBoost_DecisionStump,0.584867,Supervised Classification
181,yeast,1484,9,10,class_protein_localization,0,0,0,8,1,88.88888889,11.11111111,31.19946092,0.3369272237,463,5,0.381196934,0.09666403435,0.0075,0.5047169811,28.66087843,2.912827304,0.5165205664,2.490417636,1191,weka.LogitBoost_DecisionStump,0.597137,Supervised Classification
181,yeast,1484,9,10,class_protein_localization,0,0,0,8,1,88.88888889,11.11111111,31.19946092,0.3369272237,463,5,0.381196934,0.09666403435,0.0075,0.5047169811,28.66087843,2.912827304,0.5165205664,2.490417636,1194,weka.RandomSubSpace_REPTree,0.550102,Supervised Classification
181,yeast,1484,9,10,class_protein_localization,0,0,0,8,1,88.88888889,11.11111111,31.19946092,0.3369272237,463,5,0.381196934,0.09666403435,0.0075,0.5047169811,28.66087843,2.912827304,0.5165205664,2.490417636,1087,weka.HoeffdingTree,0.433538,Supervised Classification
181,yeast,1484,9,10,class_protein_localization,0,0,0,8,1,88.88888889,11.11111111,31.19946092,0.3369272237,463,5,0.381196934,0.09666403435,0.0075,0.5047169811,28.66087843,2.912827304,0.5165205664,2.490417636,1100,weka.HyperPipes,0.331288,Supervised Classification
181,yeast,1484,9,10,class_protein_localization,0,0,0,8,1,88.88888889,11.11111111,31.19946092,0.3369272237,463,5,0.381196934,0.09666403435,0.0075,0.5047169811,28.66087843,2.912827304,0.5165205664,2.490417636,1101,weka.InputMappedClassifier_ZeroR,0.310838,Supervised Classification
181,yeast,1484,9,10,class_protein_localization,0,0,0,8,1,88.88888889,11.11111111,31.19946092,0.3369272237,463,5,0.381196934,0.09666403435,0.0075,0.5047169811,28.66087843,2.912827304,0.5165205664,2.490417636,1103,weka.VFI,0.513292,Supervised Classification
181,yeast,1484,9,10,class_protein_localization,0,0,0,8,1,88.88888889,11.11111111,31.19946092,0.3369272237,463,5,0.381196934,0.09666403435,0.0075,0.5047169811,28.66087843,2.912827304,0.5165205664,2.490417636,1104,weka.IB1,0.546012,Supervised Classification
181,yeast,1484,9,10,class_protein_localization,0,0,0,8,1,88.88888889,11.11111111,31.19946092,0.3369272237,463,5,0.381196934,0.09666403435,0.0075,0.5047169811,28.66087843,2.912827304,0.5165205664,2.490417636,1168,weka.BayesNet_K2,0.552147,Supervised Classification
181,yeast,1484,9,10,class_protein_localization,0,0,0,8,1,88.88888889,11.11111111,31.19946092,0.3369272237,463,5,0.381196934,0.09666403435,0.0075,0.5047169811,28.66087843,2.912827304,0.5165205664,2.490417636,1185,weka.Bagging_REPTree,0.601227,Supervised Classification
181,yeast,1484,9,10,class_protein_localization,0,0,0,8,1,88.88888889,11.11111111,31.19946092,0.3369272237,463,5,0.381196934,0.09666403435,0.0075,0.5047169811,28.66087843,2.912827304,0.5165205664,2.490417636,1185,weka.Bagging_REPTree,0.605317,Supervised Classification
181,yeast,1484,9,10,class_protein_localization,0,0,0,8,1,88.88888889,11.11111111,31.19946092,0.3369272237,463,5,0.381196934,0.09666403435,0.0075,0.5047169811,28.66087843,2.912827304,0.5165205664,2.490417636,1185,weka.Bagging_REPTree,0.609407,Supervised Classification
181,yeast,1484,9,10,class_protein_localization,0,0,0,8,1,88.88888889,11.11111111,31.19946092,0.3369272237,463,5,0.381196934,0.09666403435,0.0075,0.5047169811,28.66087843,2.912827304,0.5165205664,2.490417636,1191,weka.LogitBoost_DecisionStump,0.576687,Supervised Classification
181,yeast,1484,9,10,class_protein_localization,0,0,0,8,1,88.88888889,11.11111111,31.19946092,0.3369272237,463,5,0.381196934,0.09666403435,0.0075,0.5047169811,28.66087843,2.912827304,0.5165205664,2.490417636,1191,weka.LogitBoost_DecisionStump,0.550102,Supervised Classification
181,yeast,1484,9,10,class_protein_localization,0,0,0,8,1,88.88888889,11.11111111,31.19946092,0.3369272237,463,5,0.381196934,0.09666403435,0.0075,0.5047169811,28.66087843,2.912827304,0.5165205664,2.490417636,1194,weka.RandomSubSpace_REPTree,0.560327,Supervised Classification
181,yeast,1484,9,10,class_protein_localization,0,0,0,8,1,88.88888889,11.11111111,31.19946092,0.3369272237,463,5,0.381196934,0.09666403435,0.0075,0.5047169811,28.66087843,2.912827304,0.5165205664,2.490417636,1194,weka.RandomSubSpace_REPTree,0.586912,Supervised Classification
181,yeast,1484,9,10,class_protein_localization,0,0,0,8,1,88.88888889,11.11111111,31.19946092,0.3369272237,463,5,0.381196934,0.09666403435,0.0075,0.5047169811,28.66087843,2.912827304,0.5165205664,2.490417636,1200,weka.LADTree,0.560327,Supervised Classification
181,yeast,1484,9,10,class_protein_localization,0,0,0,8,1,88.88888889,11.11111111,31.19946092,0.3369272237,463,5,0.381196934,0.09666403435,0.0075,0.5047169811,28.66087843,2.912827304,0.5165205664,2.490417636,1094,weka.JRip,0.566462,Supervised Classification
181,yeast,1484,9,10,class_protein_localization,0,0,0,8,1,88.88888889,11.11111111,31.19946092,0.3369272237,463,5,0.381196934,0.09666403435,0.0075,0.5047169811,28.66087843,2.912827304,0.5165205664,2.490417636,1096,weka.DecisionTable_BestFirst,0.523517,Supervised Classification
181,yeast,1484,9,10,class_protein_localization,0,0,0,8,1,88.88888889,11.11111111,31.19946092,0.3369272237,463,5,0.381196934,0.09666403435,0.0075,0.5047169811,28.66087843,2.912827304,0.5165205664,2.490417636,1098,weka.ConjunctiveRule,0.376278,Supervised Classification
181,yeast,1484,9,10,class_protein_localization,0,0,0,8,1,88.88888889,11.11111111,31.19946092,0.3369272237,463,5,0.381196934,0.09666403435,0.0075,0.5047169811,28.66087843,2.912827304,0.5165205664,2.490417636,1114,weka.Logistic,0.556237,Supervised Classification
181,yeast,1484,9,10,class_protein_localization,0,0,0,8,1,88.88888889,11.11111111,31.19946092,0.3369272237,463,5,0.381196934,0.09666403435,0.0075,0.5047169811,28.66087843,2.912827304,0.5165205664,2.490417636,1117,weka.RBFClassifier,0.464213,Supervised Classification
181,yeast,1484,9,10,class_protein_localization,0,0,0,8,1,88.88888889,11.11111111,31.19946092,0.3369272237,463,5,0.381196934,0.09666403435,0.0075,0.5047169811,28.66087843,2.912827304,0.5165205664,2.490417636,1154,weka.NaiveBayes,0.556237,Supervised Classification
181,yeast,1484,9,10,class_protein_localization,0,0,0,8,1,88.88888889,11.11111111,31.19946092,0.3369272237,463,5,0.381196934,0.09666403435,0.0075,0.5047169811,28.66087843,2.912827304,0.5165205664,2.490417636,1155,weka.FilteredClassifier_Standardize_NaiveBayes,0.558282,Supervised Classification
181,yeast,1484,9,10,class_protein_localization,0,0,0,8,1,88.88888889,11.11111111,31.19946092,0.3369272237,463,5,0.381196934,0.09666403435,0.0075,0.5047169811,28.66087843,2.912827304,0.5165205664,2.490417636,1244,weka.FilteredClassifier_Discretize_J48,0.550102,Supervised Classification
181,yeast,1484,9,10,class_protein_localization,0,0,0,8,1,88.88888889,11.11111111,31.19946092,0.3369272237,463,5,0.381196934,0.09666403435,0.0075,0.5047169811,28.66087843,2.912827304,0.5165205664,2.490417636,1163,weka.FilteredClassifier_PrincipalComponents_J48,0.519427,Supervised Classification
181,yeast,1484,9,10,class_protein_localization,0,0,0,8,1,88.88888889,11.11111111,31.19946092,0.3369272237,463,5,0.381196934,0.09666403435,0.0075,0.5047169811,28.66087843,2.912827304,0.5165205664,2.490417636,1165,weka.A1DE,0.562372,Supervised Classification
181,yeast,1484,9,10,class_protein_localization,0,0,0,8,1,88.88888889,11.11111111,31.19946092,0.3369272237,463,5,0.381196934,0.09666403435,0.0075,0.5047169811,28.66087843,2.912827304,0.5165205664,2.490417636,1172,weka.LibSVM,0.443763,Supervised Classification
181,yeast,1484,9,10,class_protein_localization,0,0,0,8,1,88.88888889,11.11111111,31.19946092,0.3369272237,463,5,0.381196934,0.09666403435,0.0075,0.5047169811,28.66087843,2.912827304,0.5165205664,2.490417636,1194,weka.RandomSubSpace_REPTree,0.582822,Supervised Classification
181,yeast,1484,9,10,class_protein_localization,0,0,0,8,1,88.88888889,11.11111111,31.19946092,0.3369272237,463,5,0.381196934,0.09666403435,0.0075,0.5047169811,28.66087843,2.912827304,0.5165205664,2.490417636,1194,weka.RandomSubSpace_REPTree,0.588957,Supervised Classification
181,yeast,1484,9,10,class_protein_localization,0,0,0,8,1,88.88888889,11.11111111,31.19946092,0.3369272237,463,5,0.381196934,0.09666403435,0.0075,0.5047169811,28.66087843,2.912827304,0.5165205664,2.490417636,1099,weka.CHIRP,0.523517,Supervised Classification
181,yeast,1484,9,10,class_protein_localization,0,0,0,8,1,88.88888889,11.11111111,31.19946092,0.3369272237,463,5,0.381196934,0.09666403435,0.0075,0.5047169811,28.66087843,2.912827304,0.5165205664,2.490417636,1091,weka.BFTree,0.548057,Supervised Classification
181,yeast,1484,9,10,class_protein_localization,0,0,0,8,1,88.88888889,11.11111111,31.19946092,0.3369272237,463,5,0.381196934,0.09666403435,0.0075,0.5047169811,28.66087843,2.912827304,0.5165205664,2.490417636,1197,weka.FURIA,0.560327,Supervised Classification
181,yeast,1484,9,10,class_protein_localization,0,0,0,8,1,88.88888889,11.11111111,31.19946092,0.3369272237,463,5,0.381196934,0.09666403435,0.0075,0.5047169811,28.66087843,2.912827304,0.5165205664,2.490417636,1088,weka.FT,0.578732,Supervised Classification
181,yeast,1484,9,10,class_protein_localization,0,0,0,8,1,88.88888889,11.11111111,31.19946092,0.3369272237,463,5,0.381196934,0.09666403435,0.0075,0.5047169811,28.66087843,2.912827304,0.5165205664,2.490417636,1089,weka.ExtraTree,0.505112,Supervised Classification
181,yeast,1484,9,10,class_protein_localization,0,0,0,8,1,88.88888889,11.11111111,31.19946092,0.3369272237,463,5,0.381196934,0.09666403435,0.0075,0.5047169811,28.66087843,2.912827304,0.5165205664,2.490417636,1106,weka.KStar,0.552147,Supervised Classification
181,yeast,1484,9,10,class_protein_localization,0,0,0,8,1,88.88888889,11.11111111,31.19946092,0.3369272237,463,5,0.381196934,0.09666403435,0.0075,0.5047169811,28.66087843,2.912827304,0.5165205664,2.490417636,1082,weka.LMT,0.564417,Supervised Classification
181,yeast,1484,9,10,class_protein_localization,0,0,0,8,1,88.88888889,11.11111111,31.19946092,0.3369272237,463,5,0.381196934,0.09666403435,0.0075,0.5047169811,28.66087843,2.912827304,0.5165205664,2.490417636,1084,weka.J48graft,0.552147,Supervised Classification
181,yeast,1484,9,10,class_protein_localization,0,0,0,8,1,88.88888889,11.11111111,31.19946092,0.3369272237,463,5,0.381196934,0.09666403435,0.0075,0.5047169811,28.66087843,2.912827304,0.5165205664,2.490417636,1108,weka.LWL_DecisionStump,0.376278,Supervised Classification
181,yeast,1484,9,10,class_protein_localization,0,0,0,8,1,88.88888889,11.11111111,31.19946092,0.3369272237,463,5,0.381196934,0.09666403435,0.0075,0.5047169811,28.66087843,2.912827304,0.5165205664,2.490417636,1185,weka.Bagging_REPTree,0.613497,Supervised Classification
181,yeast,1484,9,10,class_protein_localization,0,0,0,8,1,88.88888889,11.11111111,31.19946092,0.3369272237,463,5,0.381196934,0.09666403435,0.0075,0.5047169811,28.66087843,2.912827304,0.5165205664,2.490417636,1186,weka.Dagging_DecisionStump,0.378323,Supervised Classification
181,yeast,1484,9,10,class_protein_localization,0,0,0,8,1,88.88888889,11.11111111,31.19946092,0.3369272237,463,5,0.381196934,0.09666403435,0.0075,0.5047169811,28.66087843,2.912827304,0.5165205664,2.490417636,1187,weka.Decorate,0.550102,Supervised Classification
181,yeast,1484,9,10,class_protein_localization,0,0,0,8,1,88.88888889,11.11111111,31.19946092,0.3369272237,463,5,0.381196934,0.09666403435,0.0075,0.5047169811,28.66087843,2.912827304,0.5165205664,2.490417636,1188,weka.END_ND_J48,0.576687,Supervised Classification
181,yeast,1484,9,10,class_protein_localization,0,0,0,8,1,88.88888889,11.11111111,31.19946092,0.3369272237,463,5,0.381196934,0.09666403435,0.0075,0.5047169811,28.66087843,2.912827304,0.5165205664,2.490417636,1190,weka.Grading_ZeroR,0.310838,Supervised Classification
181,yeast,1484,9,10,class_protein_localization,0,0,0,8,1,88.88888889,11.11111111,31.19946092,0.3369272237,463,5,0.381196934,0.09666403435,0.0075,0.5047169811,28.66087843,2.912827304,0.5165205664,2.490417636,1192,weka.MultiBoostAB_DecisionStump,0.376278,Supervised Classification
181,yeast,1484,9,10,class_protein_localization,0,0,0,8,1,88.88888889,11.11111111,31.19946092,0.3369272237,463,5,0.381196934,0.09666403435,0.0075,0.5047169811,28.66087843,2.912827304,0.5165205664,2.490417636,1193,weka.RacedIncrementalLogitBoost_DecisionStump,0.310838,Supervised Classification
181,yeast,1484,9,10,class_protein_localization,0,0,0,8,1,88.88888889,11.11111111,31.19946092,0.3369272237,463,5,0.381196934,0.09666403435,0.0075,0.5047169811,28.66087843,2.912827304,0.5165205664,2.490417636,1196,weka.RotationForest_PrincipalComponents_J48,0.593047,Supervised Classification
181,yeast,1484,9,10,class_protein_localization,0,0,0,8,1,88.88888889,11.11111111,31.19946092,0.3369272237,463,5,0.381196934,0.09666403435,0.0075,0.5047169811,28.66087843,2.912827304,0.5165205664,2.490417636,1196,weka.RotationForest_PrincipalComponents_J48,0.601227,Supervised Classification
181,yeast,1484,9,10,class_protein_localization,0,0,0,8,1,88.88888889,11.11111111,31.19946092,0.3369272237,463,5,0.381196934,0.09666403435,0.0075,0.5047169811,28.66087843,2.912827304,0.5165205664,2.490417636,1196,weka.RotationForest_PrincipalComponents_J48,0.599182,Supervised Classification
188,eucalyptus,736,20,5,Utility,448,3.043478261,95,14,6,70,30,29.07608696,14.26630435,214,105,390.0868288,172.6108156,-2.58423913,2054.739369,62.86596626,2.551453016,0.3931972789,2.26208362,1068,weka.J48,0.599174,Supervised Classification
188,eucalyptus,736,20,5,Utility,448,3.043478261,95,14,6,70,30,29.07608696,14.26630435,214,105,390.0868288,172.6108156,-2.58423913,2054.739369,62.86596626,2.551453016,0.3931972789,2.26208362,1069,weka.ZeroR,0.289256,Supervised Classification
188,eucalyptus,736,20,5,Utility,448,3.043478261,95,14,6,70,30,29.07608696,14.26630435,214,105,390.0868288,172.6108156,-2.58423913,2054.739369,62.86596626,2.551453016,0.3931972789,2.26208362,1070,weka.Ridor,0.636364,Supervised Classification
188,eucalyptus,736,20,5,Utility,448,3.043478261,95,14,6,70,30,29.07608696,14.26630435,214,105,390.0868288,172.6108156,-2.58423913,2054.739369,62.86596626,2.551453016,0.3931972789,2.26208362,1071,weka.OneR,0.595041,Supervised Classification
188,eucalyptus,736,20,5,Utility,448,3.043478261,95,14,6,70,30,29.07608696,14.26630435,214,105,390.0868288,172.6108156,-2.58423913,2054.739369,62.86596626,2.551453016,0.3931972789,2.26208362,1073,weka.PART,0.57438,Supervised Classification
188,eucalyptus,736,20,5,Utility,448,3.043478261,95,14,6,70,30,29.07608696,14.26630435,214,105,390.0868288,172.6108156,-2.58423913,2054.739369,62.86596626,2.551453016,0.3931972789,2.26208362,1074,weka.OLM,0.293388,Supervised Classification
188,eucalyptus,736,20,5,Utility,448,3.043478261,95,14,6,70,30,29.07608696,14.26630435,214,105,390.0868288,172.6108156,-2.58423913,2054.739369,62.86596626,2.551453016,0.3931972789,2.26208362,1087,weka.HoeffdingTree,0.570248,Supervised Classification
188,eucalyptus,736,20,5,Utility,448,3.043478261,95,14,6,70,30,29.07608696,14.26630435,214,105,390.0868288,172.6108156,-2.58423913,2054.739369,62.86596626,2.551453016,0.3931972789,2.26208362,1160,weka.AttributeSelectedClassifier_PrincipalComponents_Ranker_J48,0.483471,Supervised Classification
188,eucalyptus,736,20,5,Utility,448,3.043478261,95,14,6,70,30,29.07608696,14.26630435,214,105,390.0868288,172.6108156,-2.58423913,2054.739369,62.86596626,2.551453016,0.3931972789,2.26208362,523,weka.Bagging_J48,0.64876,Supervised Classification
188,eucalyptus,736,20,5,Utility,448,3.043478261,95,14,6,70,30,29.07608696,14.26630435,214,105,390.0868288,172.6108156,-2.58423913,2054.739369,62.86596626,2.551453016,0.3931972789,2.26208362,523,weka.Bagging_J48,0.657025,Supervised Classification
188,eucalyptus,736,20,5,Utility,448,3.043478261,95,14,6,70,30,29.07608696,14.26630435,214,105,390.0868288,172.6108156,-2.58423913,2054.739369,62.86596626,2.551453016,0.3931972789,2.26208362,523,weka.Bagging_J48,0.665289,Supervised Classification
188,eucalyptus,736,20,5,Utility,448,3.043478261,95,14,6,70,30,29.07608696,14.26630435,214,105,390.0868288,172.6108156,-2.58423913,2054.739369,62.86596626,2.551453016,0.3931972789,2.26208362,523,weka.Bagging_J48,0.652893,Supervised Classification
188,eucalyptus,736,20,5,Utility,448,3.043478261,95,14,6,70,30,29.07608696,14.26630435,214,105,390.0868288,172.6108156,-2.58423913,2054.739369,62.86596626,2.551453016,0.3931972789,2.26208362,524,weka.Bagging_JRip,0.657025,Supervised Classification
188,eucalyptus,736,20,5,Utility,448,3.043478261,95,14,6,70,30,29.07608696,14.26630435,214,105,390.0868288,172.6108156,-2.58423913,2054.739369,62.86596626,2.551453016,0.3931972789,2.26208362,524,weka.Bagging_JRip,0.661157,Supervised Classification
188,eucalyptus,736,20,5,Utility,448,3.043478261,95,14,6,70,30,29.07608696,14.26630435,214,105,390.0868288,172.6108156,-2.58423913,2054.739369,62.86596626,2.551453016,0.3931972789,2.26208362,527,weka.Bagging_LMT,0.652893,Supervised Classification
188,eucalyptus,736,20,5,Utility,448,3.043478261,95,14,6,70,30,29.07608696,14.26630435,214,105,390.0868288,172.6108156,-2.58423913,2054.739369,62.86596626,2.551453016,0.3931972789,2.26208362,527,weka.Bagging_LMT,0.661157,Supervised Classification
188,eucalyptus,736,20,5,Utility,448,3.043478261,95,14,6,70,30,29.07608696,14.26630435,214,105,390.0868288,172.6108156,-2.58423913,2054.739369,62.86596626,2.551453016,0.3931972789,2.26208362,527,weka.Bagging_LMT,0.665289,Supervised Classification
188,eucalyptus,736,20,5,Utility,448,3.043478261,95,14,6,70,30,29.07608696,14.26630435,214,105,390.0868288,172.6108156,-2.58423913,2054.739369,62.86596626,2.551453016,0.3931972789,2.26208362,527,weka.Bagging_LMT,0.640496,Supervised Classification
188,eucalyptus,736,20,5,Utility,448,3.043478261,95,14,6,70,30,29.07608696,14.26630435,214,105,390.0868288,172.6108156,-2.58423913,2054.739369,62.86596626,2.551453016,0.3931972789,2.26208362,528,weka.Bagging_LWL_DecisionStump,0.495868,Supervised Classification
188,eucalyptus,736,20,5,Utility,448,3.043478261,95,14,6,70,30,29.07608696,14.26630435,214,105,390.0868288,172.6108156,-2.58423913,2054.739369,62.86596626,2.551453016,0.3931972789,2.26208362,528,weka.Bagging_LWL_DecisionStump,0.491736,Supervised Classification
188,eucalyptus,736,20,5,Utility,448,3.043478261,95,14,6,70,30,29.07608696,14.26630435,214,105,390.0868288,172.6108156,-2.58423913,2054.739369,62.86596626,2.551453016,0.3931972789,2.26208362,528,weka.Bagging_LWL_DecisionStump,0.504132,Supervised Classification
188,eucalyptus,736,20,5,Utility,448,3.043478261,95,14,6,70,30,29.07608696,14.26630435,214,105,390.0868288,172.6108156,-2.58423913,2054.739369,62.86596626,2.551453016,0.3931972789,2.26208362,528,weka.Bagging_LWL_DecisionStump,0.5,Supervised Classification
188,eucalyptus,736,20,5,Utility,448,3.043478261,95,14,6,70,30,29.07608696,14.26630435,214,105,390.0868288,172.6108156,-2.58423913,2054.739369,62.86596626,2.551453016,0.3931972789,2.26208362,528,weka.Bagging_LWL_DecisionStump,0.508264,Supervised Classification
188,eucalyptus,736,20,5,Utility,448,3.043478261,95,14,6,70,30,29.07608696,14.26630435,214,105,390.0868288,172.6108156,-2.58423913,2054.739369,62.86596626,2.551453016,0.3931972789,2.26208362,529,weka.Bagging_MultilayerPerceptron,0.632231,Supervised Classification
188,eucalyptus,736,20,5,Utility,448,3.043478261,95,14,6,70,30,29.07608696,14.26630435,214,105,390.0868288,172.6108156,-2.58423913,2054.739369,62.86596626,2.551453016,0.3931972789,2.26208362,529,weka.Bagging_MultilayerPerceptron,0.640496,Supervised Classification
188,eucalyptus,736,20,5,Utility,448,3.043478261,95,14,6,70,30,29.07608696,14.26630435,214,105,390.0868288,172.6108156,-2.58423913,2054.739369,62.86596626,2.551453016,0.3931972789,2.26208362,530,weka.Bagging_NaiveBayes,0.566116,Supervised Classification
188,eucalyptus,736,20,5,Utility,448,3.043478261,95,14,6,70,30,29.07608696,14.26630435,214,105,390.0868288,172.6108156,-2.58423913,2054.739369,62.86596626,2.551453016,0.3931972789,2.26208362,531,weka.Bagging_OneR,0.595041,Supervised Classification
188,eucalyptus,736,20,5,Utility,448,3.043478261,95,14,6,70,30,29.07608696,14.26630435,214,105,390.0868288,172.6108156,-2.58423913,2054.739369,62.86596626,2.551453016,0.3931972789,2.26208362,506,weka.RotationForest_PrincipalComponents_J48,0.68595,Supervised Classification
188,eucalyptus,736,20,5,Utility,448,3.043478261,95,14,6,70,30,29.07608696,14.26630435,214,105,390.0868288,172.6108156,-2.58423913,2054.739369,62.86596626,2.551453016,0.3931972789,2.26208362,532,weka.Bagging_RandomForest,0.549587,Supervised Classification
188,eucalyptus,736,20,5,Utility,448,3.043478261,95,14,6,70,30,29.07608696,14.26630435,214,105,390.0868288,172.6108156,-2.58423913,2054.739369,62.86596626,2.551453016,0.3931972789,2.26208362,532,weka.Bagging_RandomForest,0.561983,Supervised Classification
188,eucalyptus,736,20,5,Utility,448,3.043478261,95,14,6,70,30,29.07608696,14.26630435,214,105,390.0868288,172.6108156,-2.58423913,2054.739369,62.86596626,2.551453016,0.3931972789,2.26208362,532,weka.Bagging_RandomForest,0.557851,Supervised Classification
188,eucalyptus,736,20,5,Utility,448,3.043478261,95,14,6,70,30,29.07608696,14.26630435,214,105,390.0868288,172.6108156,-2.58423913,2054.739369,62.86596626,2.551453016,0.3931972789,2.26208362,532,weka.Bagging_RandomForest,0.570248,Supervised Classification
188,eucalyptus,736,20,5,Utility,448,3.043478261,95,14,6,70,30,29.07608696,14.26630435,214,105,390.0868288,172.6108156,-2.58423913,2054.739369,62.86596626,2.551453016,0.3931972789,2.26208362,533,weka.Bagging_RandomTree,0.541322,Supervised Classification
188,eucalyptus,736,20,5,Utility,448,3.043478261,95,14,6,70,30,29.07608696,14.26630435,214,105,390.0868288,172.6108156,-2.58423913,2054.739369,62.86596626,2.551453016,0.3931972789,2.26208362,533,weka.Bagging_RandomTree,0.545455,Supervised Classification
188,eucalyptus,736,20,5,Utility,448,3.043478261,95,14,6,70,30,29.07608696,14.26630435,214,105,390.0868288,172.6108156,-2.58423913,2054.739369,62.86596626,2.551453016,0.3931972789,2.26208362,533,weka.Bagging_RandomTree,0.561983,Supervised Classification
188,eucalyptus,736,20,5,Utility,448,3.043478261,95,14,6,70,30,29.07608696,14.26630435,214,105,390.0868288,172.6108156,-2.58423913,2054.739369,62.86596626,2.551453016,0.3931972789,2.26208362,378,weka.Bagging_REPTree,0.417355,Supervised Classification
188,eucalyptus,736,20,5,Utility,448,3.043478261,95,14,6,70,30,29.07608696,14.26630435,214,105,390.0868288,172.6108156,-2.58423913,2054.739369,62.86596626,2.551453016,0.3931972789,2.26208362,378,weka.Bagging_REPTree,0.404959,Supervised Classification
188,eucalyptus,736,20,5,Utility,448,3.043478261,95,14,6,70,30,29.07608696,14.26630435,214,105,390.0868288,172.6108156,-2.58423913,2054.739369,62.86596626,2.551453016,0.3931972789,2.26208362,378,weka.Bagging_REPTree,0.413223,Supervised Classification
188,eucalyptus,736,20,5,Utility,448,3.043478261,95,14,6,70,30,29.07608696,14.26630435,214,105,390.0868288,172.6108156,-2.58423913,2054.739369,62.86596626,2.551453016,0.3931972789,2.26208362,534,weka.Bagging_SMO_PolyKernel,0.603306,Supervised Classification
188,eucalyptus,736,20,5,Utility,448,3.043478261,95,14,6,70,30,29.07608696,14.26630435,214,105,390.0868288,172.6108156,-2.58423913,2054.739369,62.86596626,2.551453016,0.3931972789,2.26208362,534,weka.Bagging_SMO_PolyKernel,0.595041,Supervised Classification
188,eucalyptus,736,20,5,Utility,448,3.043478261,95,14,6,70,30,29.07608696,14.26630435,214,105,390.0868288,172.6108156,-2.58423913,2054.739369,62.86596626,2.551453016,0.3931972789,2.26208362,534,weka.Bagging_SMO_PolyKernel,0.599174,Supervised Classification
188,eucalyptus,736,20,5,Utility,448,3.043478261,95,14,6,70,30,29.07608696,14.26630435,214,105,390.0868288,172.6108156,-2.58423913,2054.739369,62.86596626,2.551453016,0.3931972789,2.26208362,534,weka.Bagging_SMO_PolyKernel,0.619835,Supervised Classification
188,eucalyptus,736,20,5,Utility,448,3.043478261,95,14,6,70,30,29.07608696,14.26630435,214,105,390.0868288,172.6108156,-2.58423913,2054.739369,62.86596626,2.551453016,0.3931972789,2.26208362,563,weka.NaiveBayesUpdateable,0.578512,Supervised Classification
188,eucalyptus,736,20,5,Utility,448,3.043478261,95,14,6,70,30,29.07608696,14.26630435,214,105,390.0868288,172.6108156,-2.58423913,2054.739369,62.86596626,2.551453016,0.3931972789,2.26208362,675,weka.J48,0.599174,Supervised Classification
188,eucalyptus,736,20,5,Utility,448,3.043478261,95,14,6,70,30,29.07608696,14.26630435,214,105,390.0868288,172.6108156,-2.58423913,2054.739369,62.86596626,2.551453016,0.3931972789,2.26208362,677,weka.Logistic,0.652893,Supervised Classification
188,eucalyptus,736,20,5,Utility,448,3.043478261,95,14,6,70,30,29.07608696,14.26630435,214,105,390.0868288,172.6108156,-2.58423913,2054.739369,62.86596626,2.551453016,0.3931972789,2.26208362,385,weka.SMO_PolyKernel,0.644628,Supervised Classification
188,eucalyptus,736,20,5,Utility,448,3.043478261,95,14,6,70,30,29.07608696,14.26630435,214,105,390.0868288,172.6108156,-2.58423913,2054.739369,62.86596626,2.551453016,0.3931972789,2.26208362,387,weka.SMO_RBFKernel,0.413223,Supervised Classification
188,eucalyptus,736,20,5,Utility,448,3.043478261,95,14,6,70,30,29.07608696,14.26630435,214,105,390.0868288,172.6108156,-2.58423913,2054.739369,62.86596626,2.551453016,0.3931972789,2.26208362,389,weka.IBk,0.450413,Supervised Classification
188,eucalyptus,736,20,5,Utility,448,3.043478261,95,14,6,70,30,29.07608696,14.26630435,214,105,390.0868288,172.6108156,-2.58423913,2054.739369,62.86596626,2.551453016,0.3931972789,2.26208362,390,weka.JRip,0.557851,Supervised Classification
188,eucalyptus,736,20,5,Utility,448,3.043478261,95,14,6,70,30,29.07608696,14.26630435,214,105,390.0868288,172.6108156,-2.58423913,2054.739369,62.86596626,2.551453016,0.3931972789,2.26208362,391,weka.RandomForest,0.541322,Supervised Classification
188,eucalyptus,736,20,5,Utility,448,3.043478261,95,14,6,70,30,29.07608696,14.26630435,214,105,390.0868288,172.6108156,-2.58423913,2054.739369,62.86596626,2.551453016,0.3931972789,2.26208362,392,weka.A1DE,0.57438,Supervised Classification
188,eucalyptus,736,20,5,Utility,448,3.043478261,95,14,6,70,30,29.07608696,14.26630435,214,105,390.0868288,172.6108156,-2.58423913,2054.739369,62.86596626,2.551453016,0.3931972789,2.26208362,393,weka.A2DE,0.582645,Supervised Classification
188,eucalyptus,736,20,5,Utility,448,3.043478261,95,14,6,70,30,29.07608696,14.26630435,214,105,390.0868288,172.6108156,-2.58423913,2054.739369,62.86596626,2.551453016,0.3931972789,2.26208362,398,weka.AdaBoostM1_BFTree,0.657025,Supervised Classification
188,eucalyptus,736,20,5,Utility,448,3.043478261,95,14,6,70,30,29.07608696,14.26630435,214,105,390.0868288,172.6108156,-2.58423913,2054.739369,62.86596626,2.551453016,0.3931972789,2.26208362,398,weka.AdaBoostM1_BFTree,0.628099,Supervised Classification
188,eucalyptus,736,20,5,Utility,448,3.043478261,95,14,6,70,30,29.07608696,14.26630435,214,105,390.0868288,172.6108156,-2.58423913,2054.739369,62.86596626,2.551453016,0.3931972789,2.26208362,398,weka.AdaBoostM1_BFTree,0.632231,Supervised Classification
188,eucalyptus,736,20,5,Utility,448,3.043478261,95,14,6,70,30,29.07608696,14.26630435,214,105,390.0868288,172.6108156,-2.58423913,2054.739369,62.86596626,2.551453016,0.3931972789,2.26208362,376,weka.AdaBoostM1_DecisionStump,0.483471,Supervised Classification
188,eucalyptus,736,20,5,Utility,448,3.043478261,95,14,6,70,30,29.07608696,14.26630435,214,105,390.0868288,172.6108156,-2.58423913,2054.739369,62.86596626,2.551453016,0.3931972789,2.26208362,404,weka.AdaBoostM1_IBk,0.450413,Supervised Classification
188,eucalyptus,736,20,5,Utility,448,3.043478261,95,14,6,70,30,29.07608696,14.26630435,214,105,390.0868288,172.6108156,-2.58423913,2054.739369,62.86596626,2.551453016,0.3931972789,2.26208362,405,weka.AdaBoostM1_J48,0.665289,Supervised Classification
188,eucalyptus,736,20,5,Utility,448,3.043478261,95,14,6,70,30,29.07608696,14.26630435,214,105,390.0868288,172.6108156,-2.58423913,2054.739369,62.86596626,2.551453016,0.3931972789,2.26208362,405,weka.AdaBoostM1_J48,0.64876,Supervised Classification
188,eucalyptus,736,20,5,Utility,448,3.043478261,95,14,6,70,30,29.07608696,14.26630435,214,105,390.0868288,172.6108156,-2.58423913,2054.739369,62.86596626,2.551453016,0.3931972789,2.26208362,405,weka.AdaBoostM1_J48,0.657025,Supervised Classification
188,eucalyptus,736,20,5,Utility,448,3.043478261,95,14,6,70,30,29.07608696,14.26630435,214,105,390.0868288,172.6108156,-2.58423913,2054.739369,62.86596626,2.551453016,0.3931972789,2.26208362,405,weka.AdaBoostM1_J48,0.652893,Supervised Classification
188,eucalyptus,736,20,5,Utility,448,3.043478261,95,14,6,70,30,29.07608696,14.26630435,214,105,390.0868288,172.6108156,-2.58423913,2054.739369,62.86596626,2.551453016,0.3931972789,2.26208362,405,weka.AdaBoostM1_J48,0.661157,Supervised Classification
188,eucalyptus,736,20,5,Utility,448,3.043478261,95,14,6,70,30,29.07608696,14.26630435,214,105,390.0868288,172.6108156,-2.58423913,2054.739369,62.86596626,2.551453016,0.3931972789,2.26208362,406,weka.AdaBoostM1_JRip,0.619835,Supervised Classification
188,eucalyptus,736,20,5,Utility,448,3.043478261,95,14,6,70,30,29.07608696,14.26630435,214,105,390.0868288,172.6108156,-2.58423913,2054.739369,62.86596626,2.551453016,0.3931972789,2.26208362,407,weka.AdaBoostM1_LADTree,0.619835,Supervised Classification
188,eucalyptus,736,20,5,Utility,448,3.043478261,95,14,6,70,30,29.07608696,14.26630435,214,105,390.0868288,172.6108156,-2.58423913,2054.739369,62.86596626,2.551453016,0.3931972789,2.26208362,411,weka.AdaBoostM1_LMT,0.640496,Supervised Classification
188,eucalyptus,736,20,5,Utility,448,3.043478261,95,14,6,70,30,29.07608696,14.26630435,214,105,390.0868288,172.6108156,-2.58423913,2054.739369,62.86596626,2.551453016,0.3931972789,2.26208362,411,weka.AdaBoostM1_LMT,0.636364,Supervised Classification
188,eucalyptus,736,20,5,Utility,448,3.043478261,95,14,6,70,30,29.07608696,14.26630435,214,105,390.0868288,172.6108156,-2.58423913,2054.739369,62.86596626,2.551453016,0.3931972789,2.26208362,411,weka.AdaBoostM1_LMT,0.652893,Supervised Classification
188,eucalyptus,736,20,5,Utility,448,3.043478261,95,14,6,70,30,29.07608696,14.26630435,214,105,390.0868288,172.6108156,-2.58423913,2054.739369,62.86596626,2.551453016,0.3931972789,2.26208362,411,weka.AdaBoostM1_LMT,0.661157,Supervised Classification
188,eucalyptus,736,20,5,Utility,448,3.043478261,95,14,6,70,30,29.07608696,14.26630435,214,105,390.0868288,172.6108156,-2.58423913,2054.739369,62.86596626,2.551453016,0.3931972789,2.26208362,413,weka.AdaBoostM1_LWL_DecisionStump,0.516529,Supervised Classification
188,eucalyptus,736,20,5,Utility,448,3.043478261,95,14,6,70,30,29.07608696,14.26630435,214,105,390.0868288,172.6108156,-2.58423913,2054.739369,62.86596626,2.551453016,0.3931972789,2.26208362,417,weka.AdaBoostM1_NaiveBayes,0.586777,Supervised Classification
188,eucalyptus,736,20,5,Utility,448,3.043478261,95,14,6,70,30,29.07608696,14.26630435,214,105,390.0868288,172.6108156,-2.58423913,2054.739369,62.86596626,2.551453016,0.3931972789,2.26208362,418,weka.AdaBoostM1_OneR,0.595041,Supervised Classification
188,eucalyptus,736,20,5,Utility,448,3.043478261,95,14,6,70,30,29.07608696,14.26630435,214,105,390.0868288,172.6108156,-2.58423913,2054.739369,62.86596626,2.551453016,0.3931972789,2.26208362,419,weka.AdaBoostM1_RandomForest,0.53719,Supervised Classification
188,eucalyptus,736,20,5,Utility,448,3.043478261,95,14,6,70,30,29.07608696,14.26630435,214,105,390.0868288,172.6108156,-2.58423913,2054.739369,62.86596626,2.551453016,0.3931972789,2.26208362,420,weka.AdaBoostM1_RandomTree,0.508264,Supervised Classification
188,eucalyptus,736,20,5,Utility,448,3.043478261,95,14,6,70,30,29.07608696,14.26630435,214,105,390.0868288,172.6108156,-2.58423913,2054.739369,62.86596626,2.551453016,0.3931972789,2.26208362,422,weka.AdaBoostM1_REPTree,0.400826,Supervised Classification
188,eucalyptus,736,20,5,Utility,448,3.043478261,95,14,6,70,30,29.07608696,14.26630435,214,105,390.0868288,172.6108156,-2.58423913,2054.739369,62.86596626,2.551453016,0.3931972789,2.26208362,423,weka.AdaBoostM1_SMO_PolyKernel,0.661157,Supervised Classification
188,eucalyptus,736,20,5,Utility,448,3.043478261,95,14,6,70,30,29.07608696,14.26630435,214,105,390.0868288,172.6108156,-2.58423913,2054.739369,62.86596626,2.551453016,0.3931972789,2.26208362,1075,weka.NNge,0.545455,Supervised Classification
188,eucalyptus,736,20,5,Utility,448,3.043478261,95,14,6,70,30,29.07608696,14.26630435,214,105,390.0868288,172.6108156,-2.58423913,2054.739369,62.86596626,2.551453016,0.3931972789,2.26208362,1076,weka.SimpleCart,0.673554,Supervised Classification
188,eucalyptus,736,20,5,Utility,448,3.043478261,95,14,6,70,30,29.07608696,14.26630435,214,105,390.0868288,172.6108156,-2.58423913,2054.739369,62.86596626,2.551453016,0.3931972789,2.26208362,1077,weka.REPTree,0.396694,Supervised Classification
188,eucalyptus,736,20,5,Utility,448,3.043478261,95,14,6,70,30,29.07608696,14.26630435,214,105,390.0868288,172.6108156,-2.58423913,2054.739369,62.86596626,2.551453016,0.3931972789,2.26208362,1078,weka.RandomTree,0.516529,Supervised Classification
188,eucalyptus,736,20,5,Utility,448,3.043478261,95,14,6,70,30,29.07608696,14.26630435,214,105,390.0868288,172.6108156,-2.58423913,2054.739369,62.86596626,2.551453016,0.3931972789,2.26208362,1079,weka.RandomForest,0.541322,Supervised Classification
188,eucalyptus,736,20,5,Utility,448,3.043478261,95,14,6,70,30,29.07608696,14.26630435,214,105,390.0868288,172.6108156,-2.58423913,2054.739369,62.86596626,2.551453016,0.3931972789,2.26208362,1080,weka.NBTree,0.553719,Supervised Classification
188,eucalyptus,736,20,5,Utility,448,3.043478261,95,14,6,70,30,29.07608696,14.26630435,214,105,390.0868288,172.6108156,-2.58423913,2054.739369,62.86596626,2.551453016,0.3931972789,2.26208362,1168,weka.BayesNet_K2,0.570248,Supervised Classification
188,eucalyptus,736,20,5,Utility,448,3.043478261,95,14,6,70,30,29.07608696,14.26630435,214,105,390.0868288,172.6108156,-2.58423913,2054.739369,62.86596626,2.551453016,0.3931972789,2.26208362,1112,weka.LibLINEAR,0.14876,Supervised Classification
188,eucalyptus,736,20,5,Utility,448,3.043478261,95,14,6,70,30,29.07608696,14.26630435,214,105,390.0868288,172.6108156,-2.58423913,2054.739369,62.86596626,2.551453016,0.3931972789,2.26208362,1177,weka.SimpleLogistic,0.640496,Supervised Classification
188,eucalyptus,736,20,5,Utility,448,3.043478261,95,14,6,70,30,29.07608696,14.26630435,214,105,390.0868288,172.6108156,-2.58423913,2054.739369,62.86596626,2.551453016,0.3931972789,2.26208362,1178,weka.SMO_PolyKernel,0.644628,Supervised Classification
188,eucalyptus,736,20,5,Utility,448,3.043478261,95,14,6,70,30,29.07608696,14.26630435,214,105,390.0868288,172.6108156,-2.58423913,2054.739369,62.86596626,2.551453016,0.3931972789,2.26208362,1179,weka.SMO_RBFKernel,0.438017,Supervised Classification
188,eucalyptus,736,20,5,Utility,448,3.043478261,95,14,6,70,30,29.07608696,14.26630435,214,105,390.0868288,172.6108156,-2.58423913,2054.739369,62.86596626,2.551453016,0.3931972789,2.26208362,1105,weka.IBk,0.491736,Supervised Classification
188,eucalyptus,736,20,5,Utility,448,3.043478261,95,14,6,70,30,29.07608696,14.26630435,214,105,390.0868288,172.6108156,-2.58423913,2054.739369,62.86596626,2.551453016,0.3931972789,2.26208362,1105,weka.IBk,0.508264,Supervised Classification
188,eucalyptus,736,20,5,Utility,448,3.043478261,95,14,6,70,30,29.07608696,14.26630435,214,105,390.0868288,172.6108156,-2.58423913,2054.739369,62.86596626,2.551453016,0.3931972789,2.26208362,1182,weka.AdaBoostM1_DecisionStump,0.483471,Supervised Classification
188,eucalyptus,736,20,5,Utility,448,3.043478261,95,14,6,70,30,29.07608696,14.26630435,214,105,390.0868288,172.6108156,-2.58423913,2054.739369,62.86596626,2.551453016,0.3931972789,2.26208362,1183,weka.AttributeSelectedClassifier_CfsSubsetEval_BestFirst_J48,0.603306,Supervised Classification
188,eucalyptus,736,20,5,Utility,448,3.043478261,95,14,6,70,30,29.07608696,14.26630435,214,105,390.0868288,172.6108156,-2.58423913,2054.739369,62.86596626,2.551453016,0.3931972789,2.26208362,1191,weka.LogitBoost_DecisionStump,0.628099,Supervised Classification
188,eucalyptus,736,20,5,Utility,448,3.043478261,95,14,6,70,30,29.07608696,14.26630435,214,105,390.0868288,172.6108156,-2.58423913,2054.739369,62.86596626,2.551453016,0.3931972789,2.26208362,1191,weka.LogitBoost_DecisionStump,0.644628,Supervised Classification
188,eucalyptus,736,20,5,Utility,448,3.043478261,95,14,6,70,30,29.07608696,14.26630435,214,105,390.0868288,172.6108156,-2.58423913,2054.739369,62.86596626,2.551453016,0.3931972789,2.26208362,1094,weka.JRip,0.557851,Supervised Classification
188,eucalyptus,736,20,5,Utility,448,3.043478261,95,14,6,70,30,29.07608696,14.26630435,214,105,390.0868288,172.6108156,-2.58423913,2054.739369,62.86596626,2.551453016,0.3931972789,2.26208362,1101,weka.InputMappedClassifier_ZeroR,0.289256,Supervised Classification
188,eucalyptus,736,20,5,Utility,448,3.043478261,95,14,6,70,30,29.07608696,14.26630435,214,105,390.0868288,172.6108156,-2.58423913,2054.739369,62.86596626,2.551453016,0.3931972789,2.26208362,1103,weka.VFI,0.528926,Supervised Classification
188,eucalyptus,736,20,5,Utility,448,3.043478261,95,14,6,70,30,29.07608696,14.26630435,214,105,390.0868288,172.6108156,-2.58423913,2054.739369,62.86596626,2.551453016,0.3931972789,2.26208362,1108,weka.LWL_DecisionStump,0.516529,Supervised Classification
188,eucalyptus,736,20,5,Utility,448,3.043478261,95,14,6,70,30,29.07608696,14.26630435,214,105,390.0868288,172.6108156,-2.58423913,2054.739369,62.86596626,2.551453016,0.3931972789,2.26208362,1155,weka.FilteredClassifier_Standardize_NaiveBayes,0.578512,Supervised Classification
188,eucalyptus,736,20,5,Utility,448,3.043478261,95,14,6,70,30,29.07608696,14.26630435,214,105,390.0868288,172.6108156,-2.58423913,2054.739369,62.86596626,2.551453016,0.3931972789,2.26208362,1185,weka.Bagging_REPTree,0.417355,Supervised Classification
188,eucalyptus,736,20,5,Utility,448,3.043478261,95,14,6,70,30,29.07608696,14.26630435,214,105,390.0868288,172.6108156,-2.58423913,2054.739369,62.86596626,2.551453016,0.3931972789,2.26208362,1185,weka.Bagging_REPTree,0.404959,Supervised Classification
188,eucalyptus,736,20,5,Utility,448,3.043478261,95,14,6,70,30,29.07608696,14.26630435,214,105,390.0868288,172.6108156,-2.58423913,2054.739369,62.86596626,2.551453016,0.3931972789,2.26208362,1185,weka.Bagging_REPTree,0.413223,Supervised Classification
188,eucalyptus,736,20,5,Utility,448,3.043478261,95,14,6,70,30,29.07608696,14.26630435,214,105,390.0868288,172.6108156,-2.58423913,2054.739369,62.86596626,2.551453016,0.3931972789,2.26208362,1191,weka.LogitBoost_DecisionStump,0.657025,Supervised Classification
188,eucalyptus,736,20,5,Utility,448,3.043478261,95,14,6,70,30,29.07608696,14.26630435,214,105,390.0868288,172.6108156,-2.58423913,2054.739369,62.86596626,2.551453016,0.3931972789,2.26208362,1194,weka.RandomSubSpace_REPTree,0.570248,Supervised Classification
188,eucalyptus,736,20,5,Utility,448,3.043478261,95,14,6,70,30,29.07608696,14.26630435,214,105,390.0868288,172.6108156,-2.58423913,2054.739369,62.86596626,2.551453016,0.3931972789,2.26208362,1200,weka.LADTree,0.628099,Supervised Classification
188,eucalyptus,736,20,5,Utility,448,3.043478261,95,14,6,70,30,29.07608696,14.26630435,214,105,390.0868288,172.6108156,-2.58423913,2054.739369,62.86596626,2.551453016,0.3931972789,2.26208362,1090,weka.DecisionStump,0.483471,Supervised Classification
188,eucalyptus,736,20,5,Utility,448,3.043478261,95,14,6,70,30,29.07608696,14.26630435,214,105,390.0868288,172.6108156,-2.58423913,2054.739369,62.86596626,2.551453016,0.3931972789,2.26208362,1095,weka.DTNB,0.644628,Supervised Classification
188,eucalyptus,736,20,5,Utility,448,3.043478261,95,14,6,70,30,29.07608696,14.26630435,214,105,390.0868288,172.6108156,-2.58423913,2054.739369,62.86596626,2.551453016,0.3931972789,2.26208362,1096,weka.DecisionTable_BestFirst,0.570248,Supervised Classification
188,eucalyptus,736,20,5,Utility,448,3.043478261,95,14,6,70,30,29.07608696,14.26630435,214,105,390.0868288,172.6108156,-2.58423913,2054.739369,62.86596626,2.551453016,0.3931972789,2.26208362,1098,weka.ConjunctiveRule,0.495868,Supervised Classification
188,eucalyptus,736,20,5,Utility,448,3.043478261,95,14,6,70,30,29.07608696,14.26630435,214,105,390.0868288,172.6108156,-2.58423913,2054.739369,62.86596626,2.551453016,0.3931972789,2.26208362,1114,weka.Logistic,0.652893,Supervised Classification
188,eucalyptus,736,20,5,Utility,448,3.043478261,95,14,6,70,30,29.07608696,14.26630435,214,105,390.0868288,172.6108156,-2.58423913,2054.739369,62.86596626,2.551453016,0.3931972789,2.26208362,1117,weka.RBFClassifier,0.541322,Supervised Classification
188,eucalyptus,736,20,5,Utility,448,3.043478261,95,14,6,70,30,29.07608696,14.26630435,214,105,390.0868288,172.6108156,-2.58423913,2054.739369,62.86596626,2.551453016,0.3931972789,2.26208362,1154,weka.NaiveBayes,0.578512,Supervised Classification
188,eucalyptus,736,20,5,Utility,448,3.043478261,95,14,6,70,30,29.07608696,14.26630435,214,105,390.0868288,172.6108156,-2.58423913,2054.739369,62.86596626,2.551453016,0.3931972789,2.26208362,1244,weka.FilteredClassifier_Discretize_J48,0.619835,Supervised Classification
188,eucalyptus,736,20,5,Utility,448,3.043478261,95,14,6,70,30,29.07608696,14.26630435,214,105,390.0868288,172.6108156,-2.58423913,2054.739369,62.86596626,2.551453016,0.3931972789,2.26208362,1163,weka.FilteredClassifier_PrincipalComponents_J48,0.483471,Supervised Classification
188,eucalyptus,736,20,5,Utility,448,3.043478261,95,14,6,70,30,29.07608696,14.26630435,214,105,390.0868288,172.6108156,-2.58423913,2054.739369,62.86596626,2.551453016,0.3931972789,2.26208362,1172,weka.LibSVM,0.458678,Supervised Classification
188,eucalyptus,736,20,5,Utility,448,3.043478261,95,14,6,70,30,29.07608696,14.26630435,214,105,390.0868288,172.6108156,-2.58423913,2054.739369,62.86596626,2.551453016,0.3931972789,2.26208362,1191,weka.LogitBoost_DecisionStump,0.619835,Supervised Classification
188,eucalyptus,736,20,5,Utility,448,3.043478261,95,14,6,70,30,29.07608696,14.26630435,214,105,390.0868288,172.6108156,-2.58423913,2054.739369,62.86596626,2.551453016,0.3931972789,2.26208362,1191,weka.LogitBoost_DecisionStump,0.636364,Supervised Classification
188,eucalyptus,736,20,5,Utility,448,3.043478261,95,14,6,70,30,29.07608696,14.26630435,214,105,390.0868288,172.6108156,-2.58423913,2054.739369,62.86596626,2.551453016,0.3931972789,2.26208362,1194,weka.RandomSubSpace_REPTree,0.582645,Supervised Classification
188,eucalyptus,736,20,5,Utility,448,3.043478261,95,14,6,70,30,29.07608696,14.26630435,214,105,390.0868288,172.6108156,-2.58423913,2054.739369,62.86596626,2.551453016,0.3931972789,2.26208362,1099,weka.CHIRP,0.640496,Supervised Classification
188,eucalyptus,736,20,5,Utility,448,3.043478261,95,14,6,70,30,29.07608696,14.26630435,214,105,390.0868288,172.6108156,-2.58423913,2054.739369,62.86596626,2.551453016,0.3931972789,2.26208362,1100,weka.HyperPipes,0.309917,Supervised Classification
188,eucalyptus,736,20,5,Utility,448,3.043478261,95,14,6,70,30,29.07608696,14.26630435,214,105,390.0868288,172.6108156,-2.58423913,2054.739369,62.86596626,2.551453016,0.3931972789,2.26208362,1104,weka.IB1,0.450413,Supervised Classification
188,eucalyptus,736,20,5,Utility,448,3.043478261,95,14,6,70,30,29.07608696,14.26630435,214,105,390.0868288,172.6108156,-2.58423913,2054.739369,62.86596626,2.551453016,0.3931972789,2.26208362,1105,weka.IBk,0.450413,Supervised Classification
188,eucalyptus,736,20,5,Utility,448,3.043478261,95,14,6,70,30,29.07608696,14.26630435,214,105,390.0868288,172.6108156,-2.58423913,2054.739369,62.86596626,2.551453016,0.3931972789,2.26208362,1197,weka.FURIA,0.599174,Supervised Classification
188,eucalyptus,736,20,5,Utility,448,3.043478261,95,14,6,70,30,29.07608696,14.26630435,214,105,390.0868288,172.6108156,-2.58423913,2054.739369,62.86596626,2.551453016,0.3931972789,2.26208362,1194,weka.RandomSubSpace_REPTree,0.57438,Supervised Classification
188,eucalyptus,736,20,5,Utility,448,3.043478261,95,14,6,70,30,29.07608696,14.26630435,214,105,390.0868288,172.6108156,-2.58423913,2054.739369,62.86596626,2.551453016,0.3931972789,2.26208362,1088,weka.FT,0.665289,Supervised Classification
188,eucalyptus,736,20,5,Utility,448,3.043478261,95,14,6,70,30,29.07608696,14.26630435,214,105,390.0868288,172.6108156,-2.58423913,2054.739369,62.86596626,2.551453016,0.3931972789,2.26208362,1091,weka.BFTree,0.595041,Supervised Classification
188,eucalyptus,736,20,5,Utility,448,3.043478261,95,14,6,70,30,29.07608696,14.26630435,214,105,390.0868288,172.6108156,-2.58423913,2054.739369,62.86596626,2.551453016,0.3931972789,2.26208362,1106,weka.KStar,0.615702,Supervised Classification
188,eucalyptus,736,20,5,Utility,448,3.043478261,95,14,6,70,30,29.07608696,14.26630435,214,105,390.0868288,172.6108156,-2.58423913,2054.739369,62.86596626,2.551453016,0.3931972789,2.26208362,1165,weka.A1DE,0.57438,Supervised Classification
188,eucalyptus,736,20,5,Utility,448,3.043478261,95,14,6,70,30,29.07608696,14.26630435,214,105,390.0868288,172.6108156,-2.58423913,2054.739369,62.86596626,2.551453016,0.3931972789,2.26208362,1082,weka.LMT,0.640496,Supervised Classification
188,eucalyptus,736,20,5,Utility,448,3.043478261,95,14,6,70,30,29.07608696,14.26630435,214,105,390.0868288,172.6108156,-2.58423913,2054.739369,62.86596626,2.551453016,0.3931972789,2.26208362,1084,weka.J48graft,0.603306,Supervised Classification
188,eucalyptus,736,20,5,Utility,448,3.043478261,95,14,6,70,30,29.07608696,14.26630435,214,105,390.0868288,172.6108156,-2.58423913,2054.739369,62.86596626,2.551453016,0.3931972789,2.26208362,1166,weka.A2DE,0.582645,Supervised Classification
188,eucalyptus,736,20,5,Utility,448,3.043478261,95,14,6,70,30,29.07608696,14.26630435,214,105,390.0868288,172.6108156,-2.58423913,2054.739369,62.86596626,2.551453016,0.3931972789,2.26208362,1186,weka.Dagging_DecisionStump,0.516529,Supervised Classification
188,eucalyptus,736,20,5,Utility,448,3.043478261,95,14,6,70,30,29.07608696,14.26630435,214,105,390.0868288,172.6108156,-2.58423913,2054.739369,62.86596626,2.551453016,0.3931972789,2.26208362,1187,weka.Decorate,0.607438,Supervised Classification
188,eucalyptus,736,20,5,Utility,448,3.043478261,95,14,6,70,30,29.07608696,14.26630435,214,105,390.0868288,172.6108156,-2.58423913,2054.739369,62.86596626,2.551453016,0.3931972789,2.26208362,1188,weka.END_ND_J48,0.623967,Supervised Classification
188,eucalyptus,736,20,5,Utility,448,3.043478261,95,14,6,70,30,29.07608696,14.26630435,214,105,390.0868288,172.6108156,-2.58423913,2054.739369,62.86596626,2.551453016,0.3931972789,2.26208362,1190,weka.Grading_ZeroR,0.289256,Supervised Classification
188,eucalyptus,736,20,5,Utility,448,3.043478261,95,14,6,70,30,29.07608696,14.26630435,214,105,390.0868288,172.6108156,-2.58423913,2054.739369,62.86596626,2.551453016,0.3931972789,2.26208362,1192,weka.MultiBoostAB_DecisionStump,0.483471,Supervised Classification
188,eucalyptus,736,20,5,Utility,448,3.043478261,95,14,6,70,30,29.07608696,14.26630435,214,105,390.0868288,172.6108156,-2.58423913,2054.739369,62.86596626,2.551453016,0.3931972789,2.26208362,1193,weka.RacedIncrementalLogitBoost_DecisionStump,0.289256,Supervised Classification
188,eucalyptus,736,20,5,Utility,448,3.043478261,95,14,6,70,30,29.07608696,14.26630435,214,105,390.0868288,172.6108156,-2.58423913,2054.739369,62.86596626,2.551453016,0.3931972789,2.26208362,1196,weka.RotationForest_PrincipalComponents_J48,0.652893,Supervised Classification
188,eucalyptus,736,20,5,Utility,448,3.043478261,95,14,6,70,30,29.07608696,14.26630435,214,105,390.0868288,172.6108156,-2.58423913,2054.739369,62.86596626,2.551453016,0.3931972789,2.26208362,1196,weka.RotationForest_PrincipalComponents_J48,0.714876,Supervised Classification
188,eucalyptus,736,20,5,Utility,448,3.043478261,95,14,6,70,30,29.07608696,14.26630435,214,105,390.0868288,172.6108156,-2.58423913,2054.739369,62.86596626,2.551453016,0.3931972789,2.26208362,1196,weka.RotationForest_PrincipalComponents_J48,0.68595,Supervised Classification
2,anneal,898,39,5,class,22175,63.31734338,898,6,33,15.38461538,84.61538462,76.16926503,0.8908685969,684,8,348.5042682,405.1732698,1.198548998,1263.094655,4.648024435,2.026982591,0.6064659978,1.189833856,1068,weka.J48,0.885135,Supervised Classification
2,anneal,898,39,5,class,22175,63.31734338,898,6,33,15.38461538,84.61538462,76.16926503,0.8908685969,684,8,348.5042682,405.1732698,1.198548998,1263.094655,4.648024435,2.026982591,0.6064659978,1.189833856,1069,weka.ZeroR,0.733108,Supervised Classification
2,anneal,898,39,5,class,22175,63.31734338,898,6,33,15.38461538,84.61538462,76.16926503,0.8908685969,684,8,348.5042682,405.1732698,1.198548998,1263.094655,4.648024435,2.026982591,0.6064659978,1.189833856,1070,weka.Ridor,0.969595,Supervised Classification
2,anneal,898,39,5,class,22175,63.31734338,898,6,33,15.38461538,84.61538462,76.16926503,0.8908685969,684,8,348.5042682,405.1732698,1.198548998,1263.094655,4.648024435,2.026982591,0.6064659978,1.189833856,1071,weka.OneR,0.817568,Supervised Classification
2,anneal,898,39,5,class,22175,63.31734338,898,6,33,15.38461538,84.61538462,76.16926503,0.8908685969,684,8,348.5042682,405.1732698,1.198548998,1263.094655,4.648024435,2.026982591,0.6064659978,1.189833856,1073,weka.PART,0.918919,Supervised Classification
2,anneal,898,39,5,class,22175,63.31734338,898,6,33,15.38461538,84.61538462,76.16926503,0.8908685969,684,8,348.5042682,405.1732698,1.198548998,1263.094655,4.648024435,2.026982591,0.6064659978,1.189833856,1074,weka.OLM,0.435811,Supervised Classification
2,anneal,898,39,5,class,22175,63.31734338,898,6,33,15.38461538,84.61538462,76.16926503,0.8908685969,684,8,348.5042682,405.1732698,1.198548998,1263.094655,4.648024435,2.026982591,0.6064659978,1.189833856,1082,weka.LMT,0.939189,Supervised Classification
2,anneal,898,39,5,class,22175,63.31734338,898,6,33,15.38461538,84.61538462,76.16926503,0.8908685969,684,8,348.5042682,405.1732698,1.198548998,1263.094655,4.648024435,2.026982591,0.6064659978,1.189833856,1116,weka.MultilayerPerceptronCS,0.942568,Supervised Classification
2,anneal,898,39,5,class,22175,63.31734338,898,6,33,15.38461538,84.61538462,76.16926503,0.8908685969,684,8,348.5042682,405.1732698,1.198548998,1263.094655,4.648024435,2.026982591,0.6064659978,1.189833856,1194,weka.RandomSubSpace_REPTree,0.864865,Supervised Classification
2,anneal,898,39,5,class,22175,63.31734338,898,6,33,15.38461538,84.61538462,76.16926503,0.8908685969,684,8,348.5042682,405.1732698,1.198548998,1263.094655,4.648024435,2.026982591,0.6064659978,1.189833856,1168,weka.BayesNet_K2,0.905405,Supervised Classification
2,anneal,898,39,5,class,22175,63.31734338,898,6,33,15.38461538,84.61538462,76.16926503,0.8908685969,684,8,348.5042682,405.1732698,1.198548998,1263.094655,4.648024435,2.026982591,0.6064659978,1.189833856,1172,weka.LibSVM,0.820946,Supervised Classification
2,anneal,898,39,5,class,22175,63.31734338,898,6,33,15.38461538,84.61538462,76.16926503,0.8908685969,684,8,348.5042682,405.1732698,1.198548998,1263.094655,4.648024435,2.026982591,0.6064659978,1.189833856,365,weka.J48,0.885135,Supervised Classification
2,anneal,898,39,5,class,22175,63.31734338,898,6,33,15.38461538,84.61538462,76.16926503,0.8908685969,684,8,348.5042682,405.1732698,1.198548998,1263.094655,4.648024435,2.026982591,0.6064659978,1.189833856,523,weka.Bagging_J48,0.935811,Supervised Classification
2,anneal,898,39,5,class,22175,63.31734338,898,6,33,15.38461538,84.61538462,76.16926503,0.8908685969,684,8,348.5042682,405.1732698,1.198548998,1263.094655,4.648024435,2.026982591,0.6064659978,1.189833856,523,weka.Bagging_J48,0.929054,Supervised Classification
2,anneal,898,39,5,class,22175,63.31734338,898,6,33,15.38461538,84.61538462,76.16926503,0.8908685969,684,8,348.5042682,405.1732698,1.198548998,1263.094655,4.648024435,2.026982591,0.6064659978,1.189833856,523,weka.Bagging_J48,0.922297,Supervised Classification
2,anneal,898,39,5,class,22175,63.31734338,898,6,33,15.38461538,84.61538462,76.16926503,0.8908685969,684,8,348.5042682,405.1732698,1.198548998,1263.094655,4.648024435,2.026982591,0.6064659978,1.189833856,523,weka.Bagging_J48,0.918919,Supervised Classification
2,anneal,898,39,5,class,22175,63.31734338,898,6,33,15.38461538,84.61538462,76.16926503,0.8908685969,684,8,348.5042682,405.1732698,1.198548998,1263.094655,4.648024435,2.026982591,0.6064659978,1.189833856,524,weka.Bagging_JRip,0.945946,Supervised Classification
2,anneal,898,39,5,class,22175,63.31734338,898,6,33,15.38461538,84.61538462,76.16926503,0.8908685969,684,8,348.5042682,405.1732698,1.198548998,1263.094655,4.648024435,2.026982591,0.6064659978,1.189833856,527,weka.Bagging_LMT,0.962838,Supervised Classification
2,anneal,898,39,5,class,22175,63.31734338,898,6,33,15.38461538,84.61538462,76.16926503,0.8908685969,684,8,348.5042682,405.1732698,1.198548998,1263.094655,4.648024435,2.026982591,0.6064659978,1.189833856,527,weka.Bagging_LMT,0.966216,Supervised Classification
2,anneal,898,39,5,class,22175,63.31734338,898,6,33,15.38461538,84.61538462,76.16926503,0.8908685969,684,8,348.5042682,405.1732698,1.198548998,1263.094655,4.648024435,2.026982591,0.6064659978,1.189833856,528,weka.Bagging_LWL_DecisionStump,0.89527,Supervised Classification
2,anneal,898,39,5,class,22175,63.31734338,898,6,33,15.38461538,84.61538462,76.16926503,0.8908685969,684,8,348.5042682,405.1732698,1.198548998,1263.094655,4.648024435,2.026982591,0.6064659978,1.189833856,529,weka.Bagging_MultilayerPerceptron,0.993243,Supervised Classification
2,anneal,898,39,5,class,22175,63.31734338,898,6,33,15.38461538,84.61538462,76.16926503,0.8908685969,684,8,348.5042682,405.1732698,1.198548998,1263.094655,4.648024435,2.026982591,0.6064659978,1.189833856,530,weka.Bagging_NaiveBayes,0.746622,Supervised Classification
2,anneal,898,39,5,class,22175,63.31734338,898,6,33,15.38461538,84.61538462,76.16926503,0.8908685969,684,8,348.5042682,405.1732698,1.198548998,1263.094655,4.648024435,2.026982591,0.6064659978,1.189833856,506,weka.RotationForest_PrincipalComponents_J48,0.952703,Supervised Classification
2,anneal,898,39,5,class,22175,63.31734338,898,6,33,15.38461538,84.61538462,76.16926503,0.8908685969,684,8,348.5042682,405.1732698,1.198548998,1263.094655,4.648024435,2.026982591,0.6064659978,1.189833856,531,weka.Bagging_OneR,0.817568,Supervised Classification
2,anneal,898,39,5,class,22175,63.31734338,898,6,33,15.38461538,84.61538462,76.16926503,0.8908685969,684,8,348.5042682,405.1732698,1.198548998,1263.094655,4.648024435,2.026982591,0.6064659978,1.189833856,506,weka.RotationForest_PrincipalComponents_J48,0.956081,Supervised Classification
2,anneal,898,39,5,class,22175,63.31734338,898,6,33,15.38461538,84.61538462,76.16926503,0.8908685969,684,8,348.5042682,405.1732698,1.198548998,1263.094655,4.648024435,2.026982591,0.6064659978,1.189833856,532,weka.Bagging_RandomForest,0.942568,Supervised Classification
2,anneal,898,39,5,class,22175,63.31734338,898,6,33,15.38461538,84.61538462,76.16926503,0.8908685969,684,8,348.5042682,405.1732698,1.198548998,1263.094655,4.648024435,2.026982591,0.6064659978,1.189833856,532,weka.Bagging_RandomForest,0.935811,Supervised Classification
2,anneal,898,39,5,class,22175,63.31734338,898,6,33,15.38461538,84.61538462,76.16926503,0.8908685969,684,8,348.5042682,405.1732698,1.198548998,1263.094655,4.648024435,2.026982591,0.6064659978,1.189833856,532,weka.Bagging_RandomForest,0.939189,Supervised Classification
2,anneal,898,39,5,class,22175,63.31734338,898,6,33,15.38461538,84.61538462,76.16926503,0.8908685969,684,8,348.5042682,405.1732698,1.198548998,1263.094655,4.648024435,2.026982591,0.6064659978,1.189833856,533,weka.Bagging_RandomTree,0.966216,Supervised Classification
2,anneal,898,39,5,class,22175,63.31734338,898,6,33,15.38461538,84.61538462,76.16926503,0.8908685969,684,8,348.5042682,405.1732698,1.198548998,1263.094655,4.648024435,2.026982591,0.6064659978,1.189833856,533,weka.Bagging_RandomTree,0.962838,Supervised Classification
2,anneal,898,39,5,class,22175,63.31734338,898,6,33,15.38461538,84.61538462,76.16926503,0.8908685969,684,8,348.5042682,405.1732698,1.198548998,1263.094655,4.648024435,2.026982591,0.6064659978,1.189833856,533,weka.Bagging_RandomTree,0.956081,Supervised Classification
2,anneal,898,39,5,class,22175,63.31734338,898,6,33,15.38461538,84.61538462,76.16926503,0.8908685969,684,8,348.5042682,405.1732698,1.198548998,1263.094655,4.648024435,2.026982591,0.6064659978,1.189833856,378,weka.Bagging_REPTree,0.908784,Supervised Classification
2,anneal,898,39,5,class,22175,63.31734338,898,6,33,15.38461538,84.61538462,76.16926503,0.8908685969,684,8,348.5042682,405.1732698,1.198548998,1263.094655,4.648024435,2.026982591,0.6064659978,1.189833856,378,weka.Bagging_REPTree,0.902027,Supervised Classification
2,anneal,898,39,5,class,22175,63.31734338,898,6,33,15.38461538,84.61538462,76.16926503,0.8908685969,684,8,348.5042682,405.1732698,1.198548998,1263.094655,4.648024435,2.026982591,0.6064659978,1.189833856,378,weka.Bagging_REPTree,0.905405,Supervised Classification
2,anneal,898,39,5,class,22175,63.31734338,898,6,33,15.38461538,84.61538462,76.16926503,0.8908685969,684,8,348.5042682,405.1732698,1.198548998,1263.094655,4.648024435,2.026982591,0.6064659978,1.189833856,534,weka.Bagging_SMO_PolyKernel,0.888514,Supervised Classification
2,anneal,898,39,5,class,22175,63.31734338,898,6,33,15.38461538,84.61538462,76.16926503,0.8908685969,684,8,348.5042682,405.1732698,1.198548998,1263.094655,4.648024435,2.026982591,0.6064659978,1.189833856,534,weka.Bagging_SMO_PolyKernel,0.89527,Supervised Classification
2,anneal,898,39,5,class,22175,63.31734338,898,6,33,15.38461538,84.61538462,76.16926503,0.8908685969,684,8,348.5042682,405.1732698,1.198548998,1263.094655,4.648024435,2.026982591,0.6064659978,1.189833856,534,weka.Bagging_SMO_PolyKernel,0.881757,Supervised Classification
2,anneal,898,39,5,class,22175,63.31734338,898,6,33,15.38461538,84.61538462,76.16926503,0.8908685969,684,8,348.5042682,405.1732698,1.198548998,1263.094655,4.648024435,2.026982591,0.6064659978,1.189833856,534,weka.Bagging_SMO_PolyKernel,0.891892,Supervised Classification
2,anneal,898,39,5,class,22175,63.31734338,898,6,33,15.38461538,84.61538462,76.16926503,0.8908685969,684,8,348.5042682,405.1732698,1.198548998,1263.094655,4.648024435,2.026982591,0.6064659978,1.189833856,563,weka.NaiveBayesUpdateable,0.706081,Supervised Classification
2,anneal,898,39,5,class,22175,63.31734338,898,6,33,15.38461538,84.61538462,76.16926503,0.8908685969,684,8,348.5042682,405.1732698,1.198548998,1263.094655,4.648024435,2.026982591,0.6064659978,1.189833856,364,weka.ZeroR,0.733108,Supervised Classification
2,anneal,898,39,5,class,22175,63.31734338,898,6,33,15.38461538,84.61538462,76.16926503,0.8908685969,684,8,348.5042682,405.1732698,1.198548998,1263.094655,4.648024435,2.026982591,0.6064659978,1.189833856,675,weka.J48,0.885135,Supervised Classification
2,anneal,898,39,5,class,22175,63.31734338,898,6,33,15.38461538,84.61538462,76.16926503,0.8908685969,684,8,348.5042682,405.1732698,1.198548998,1263.094655,4.648024435,2.026982591,0.6064659978,1.189833856,375,weka.OneR,0.817568,Supervised Classification
2,anneal,898,39,5,class,22175,63.31734338,898,6,33,15.38461538,84.61538462,76.16926503,0.8908685969,684,8,348.5042682,405.1732698,1.198548998,1263.094655,4.648024435,2.026982591,0.6064659978,1.189833856,376,weka.AdaBoostM1_DecisionStump,0.817568,Supervised Classification
2,anneal,898,39,5,class,22175,63.31734338,898,6,33,15.38461538,84.61538462,76.16926503,0.8908685969,684,8,348.5042682,405.1732698,1.198548998,1263.094655,4.648024435,2.026982591,0.6064659978,1.189833856,380,weka.NaiveBayes,0.706081,Supervised Classification
2,anneal,898,39,5,class,22175,63.31734338,898,6,33,15.38461538,84.61538462,76.16926503,0.8908685969,684,8,348.5042682,405.1732698,1.198548998,1263.094655,4.648024435,2.026982591,0.6064659978,1.189833856,677,weka.Logistic,0.864865,Supervised Classification
2,anneal,898,39,5,class,22175,63.31734338,898,6,33,15.38461538,84.61538462,76.16926503,0.8908685969,684,8,348.5042682,405.1732698,1.198548998,1263.094655,4.648024435,2.026982591,0.6064659978,1.189833856,385,weka.SMO_PolyKernel,0.868243,Supervised Classification
2,anneal,898,39,5,class,22175,63.31734338,898,6,33,15.38461538,84.61538462,76.16926503,0.8908685969,684,8,348.5042682,405.1732698,1.198548998,1263.094655,4.648024435,2.026982591,0.6064659978,1.189833856,387,weka.SMO_RBFKernel,0.733108,Supervised Classification
2,anneal,898,39,5,class,22175,63.31734338,898,6,33,15.38461538,84.61538462,76.16926503,0.8908685969,684,8,348.5042682,405.1732698,1.198548998,1263.094655,4.648024435,2.026982591,0.6064659978,1.189833856,389,weka.IBk,0.949324,Supervised Classification
2,anneal,898,39,5,class,22175,63.31734338,898,6,33,15.38461538,84.61538462,76.16926503,0.8908685969,684,8,348.5042682,405.1732698,1.198548998,1263.094655,4.648024435,2.026982591,0.6064659978,1.189833856,390,weka.JRip,0.935811,Supervised Classification
2,anneal,898,39,5,class,22175,63.31734338,898,6,33,15.38461538,84.61538462,76.16926503,0.8908685969,684,8,348.5042682,405.1732698,1.198548998,1263.094655,4.648024435,2.026982591,0.6064659978,1.189833856,391,weka.RandomForest,0.959459,Supervised Classification
2,anneal,898,39,5,class,22175,63.31734338,898,6,33,15.38461538,84.61538462,76.16926503,0.8908685969,684,8,348.5042682,405.1732698,1.198548998,1263.094655,4.648024435,2.026982591,0.6064659978,1.189833856,392,weka.A1DE,0.976351,Supervised Classification
2,anneal,898,39,5,class,22175,63.31734338,898,6,33,15.38461538,84.61538462,76.16926503,0.8908685969,684,8,348.5042682,405.1732698,1.198548998,1263.094655,4.648024435,2.026982591,0.6064659978,1.189833856,398,weka.AdaBoostM1_BFTree,0.918919,Supervised Classification
2,anneal,898,39,5,class,22175,63.31734338,898,6,33,15.38461538,84.61538462,76.16926503,0.8908685969,684,8,348.5042682,405.1732698,1.198548998,1263.094655,4.648024435,2.026982591,0.6064659978,1.189833856,398,weka.AdaBoostM1_BFTree,0.915541,Supervised Classification
2,anneal,898,39,5,class,22175,63.31734338,898,6,33,15.38461538,84.61538462,76.16926503,0.8908685969,684,8,348.5042682,405.1732698,1.198548998,1263.094655,4.648024435,2.026982591,0.6064659978,1.189833856,398,weka.AdaBoostM1_BFTree,0.922297,Supervised Classification
2,anneal,898,39,5,class,22175,63.31734338,898,6,33,15.38461538,84.61538462,76.16926503,0.8908685969,684,8,348.5042682,405.1732698,1.198548998,1263.094655,4.648024435,2.026982591,0.6064659978,1.189833856,404,weka.AdaBoostM1_IBk,0.949324,Supervised Classification
2,anneal,898,39,5,class,22175,63.31734338,898,6,33,15.38461538,84.61538462,76.16926503,0.8908685969,684,8,348.5042682,405.1732698,1.198548998,1263.094655,4.648024435,2.026982591,0.6064659978,1.189833856,405,weka.AdaBoostM1_J48,0.925676,Supervised Classification
2,anneal,898,39,5,class,22175,63.31734338,898,6,33,15.38461538,84.61538462,76.16926503,0.8908685969,684,8,348.5042682,405.1732698,1.198548998,1263.094655,4.648024435,2.026982591,0.6064659978,1.189833856,405,weka.AdaBoostM1_J48,0.932432,Supervised Classification
2,anneal,898,39,5,class,22175,63.31734338,898,6,33,15.38461538,84.61538462,76.16926503,0.8908685969,684,8,348.5042682,405.1732698,1.198548998,1263.094655,4.648024435,2.026982591,0.6064659978,1.189833856,406,weka.AdaBoostM1_JRip,0.989865,Supervised Classification
2,anneal,898,39,5,class,22175,63.31734338,898,6,33,15.38461538,84.61538462,76.16926503,0.8908685969,684,8,348.5042682,405.1732698,1.198548998,1263.094655,4.648024435,2.026982591,0.6064659978,1.189833856,406,weka.AdaBoostM1_JRip,0.993243,Supervised Classification
2,anneal,898,39,5,class,22175,63.31734338,898,6,33,15.38461538,84.61538462,76.16926503,0.8908685969,684,8,348.5042682,405.1732698,1.198548998,1263.094655,4.648024435,2.026982591,0.6064659978,1.189833856,407,weka.AdaBoostM1_LADTree,0.989865,Supervised Classification
2,anneal,898,39,5,class,22175,63.31734338,898,6,33,15.38461538,84.61538462,76.16926503,0.8908685969,684,8,348.5042682,405.1732698,1.198548998,1263.094655,4.648024435,2.026982591,0.6064659978,1.189833856,407,weka.AdaBoostM1_LADTree,0.993243,Supervised Classification
2,anneal,898,39,5,class,22175,63.31734338,898,6,33,15.38461538,84.61538462,76.16926503,0.8908685969,684,8,348.5042682,405.1732698,1.198548998,1263.094655,4.648024435,2.026982591,0.6064659978,1.189833856,411,weka.AdaBoostM1_LMT,0.969595,Supervised Classification
2,anneal,898,39,5,class,22175,63.31734338,898,6,33,15.38461538,84.61538462,76.16926503,0.8908685969,684,8,348.5042682,405.1732698,1.198548998,1263.094655,4.648024435,2.026982591,0.6064659978,1.189833856,411,weka.AdaBoostM1_LMT,0.966216,Supervised Classification
2,anneal,898,39,5,class,22175,63.31734338,898,6,33,15.38461538,84.61538462,76.16926503,0.8908685969,684,8,348.5042682,405.1732698,1.198548998,1263.094655,4.648024435,2.026982591,0.6064659978,1.189833856,413,weka.AdaBoostM1_LWL_DecisionStump,0.989865,Supervised Classification
2,anneal,898,39,5,class,22175,63.31734338,898,6,33,15.38461538,84.61538462,76.16926503,0.8908685969,684,8,348.5042682,405.1732698,1.198548998,1263.094655,4.648024435,2.026982591,0.6064659978,1.189833856,413,weka.AdaBoostM1_LWL_DecisionStump,0.986486,Supervised Classification
2,anneal,898,39,5,class,22175,63.31734338,898,6,33,15.38461538,84.61538462,76.16926503,0.8908685969,684,8,348.5042682,405.1732698,1.198548998,1263.094655,4.648024435,2.026982591,0.6064659978,1.189833856,413,weka.AdaBoostM1_LWL_DecisionStump,0.976351,Supervised Classification
2,anneal,898,39,5,class,22175,63.31734338,898,6,33,15.38461538,84.61538462,76.16926503,0.8908685969,684,8,348.5042682,405.1732698,1.198548998,1263.094655,4.648024435,2.026982591,0.6064659978,1.189833856,413,weka.AdaBoostM1_LWL_DecisionStump,0.962838,Supervised Classification
2,anneal,898,39,5,class,22175,63.31734338,898,6,33,15.38461538,84.61538462,76.16926503,0.8908685969,684,8,348.5042682,405.1732698,1.198548998,1263.094655,4.648024435,2.026982591,0.6064659978,1.189833856,417,weka.AdaBoostM1_NaiveBayes,0.847973,Supervised Classification
2,anneal,898,39,5,class,22175,63.31734338,898,6,33,15.38461538,84.61538462,76.16926503,0.8908685969,684,8,348.5042682,405.1732698,1.198548998,1263.094655,4.648024435,2.026982591,0.6064659978,1.189833856,418,weka.AdaBoostM1_OneR,0.810811,Supervised Classification
2,anneal,898,39,5,class,22175,63.31734338,898,6,33,15.38461538,84.61538462,76.16926503,0.8908685969,684,8,348.5042682,405.1732698,1.198548998,1263.094655,4.648024435,2.026982591,0.6064659978,1.189833856,419,weka.AdaBoostM1_RandomForest,0.959459,Supervised Classification
2,anneal,898,39,5,class,22175,63.31734338,898,6,33,15.38461538,84.61538462,76.16926503,0.8908685969,684,8,348.5042682,405.1732698,1.198548998,1263.094655,4.648024435,2.026982591,0.6064659978,1.189833856,419,weka.AdaBoostM1_RandomForest,0.956081,Supervised Classification
2,anneal,898,39,5,class,22175,63.31734338,898,6,33,15.38461538,84.61538462,76.16926503,0.8908685969,684,8,348.5042682,405.1732698,1.198548998,1263.094655,4.648024435,2.026982591,0.6064659978,1.189833856,419,weka.AdaBoostM1_RandomForest,0.952703,Supervised Classification
2,anneal,898,39,5,class,22175,63.31734338,898,6,33,15.38461538,84.61538462,76.16926503,0.8908685969,684,8,348.5042682,405.1732698,1.198548998,1263.094655,4.648024435,2.026982591,0.6064659978,1.189833856,420,weka.AdaBoostM1_RandomTree,0.949324,Supervised Classification
2,anneal,898,39,5,class,22175,63.31734338,898,6,33,15.38461538,84.61538462,76.16926503,0.8908685969,684,8,348.5042682,405.1732698,1.198548998,1263.094655,4.648024435,2.026982591,0.6064659978,1.189833856,420,weka.AdaBoostM1_RandomTree,0.945946,Supervised Classification
2,anneal,898,39,5,class,22175,63.31734338,898,6,33,15.38461538,84.61538462,76.16926503,0.8908685969,684,8,348.5042682,405.1732698,1.198548998,1263.094655,4.648024435,2.026982591,0.6064659978,1.189833856,420,weka.AdaBoostM1_RandomTree,0.956081,Supervised Classification
2,anneal,898,39,5,class,22175,63.31734338,898,6,33,15.38461538,84.61538462,76.16926503,0.8908685969,684,8,348.5042682,405.1732698,1.198548998,1263.094655,4.648024435,2.026982591,0.6064659978,1.189833856,422,weka.AdaBoostM1_REPTree,0.949324,Supervised Classification
2,anneal,898,39,5,class,22175,63.31734338,898,6,33,15.38461538,84.61538462,76.16926503,0.8908685969,684,8,348.5042682,405.1732698,1.198548998,1263.094655,4.648024435,2.026982591,0.6064659978,1.189833856,422,weka.AdaBoostM1_REPTree,0.939189,Supervised Classification
2,anneal,898,39,5,class,22175,63.31734338,898,6,33,15.38461538,84.61538462,76.16926503,0.8908685969,684,8,348.5042682,405.1732698,1.198548998,1263.094655,4.648024435,2.026982591,0.6064659978,1.189833856,423,weka.AdaBoostM1_SMO_PolyKernel,0.908784,Supervised Classification
2,anneal,898,39,5,class,22175,63.31734338,898,6,33,15.38461538,84.61538462,76.16926503,0.8908685969,684,8,348.5042682,405.1732698,1.198548998,1263.094655,4.648024435,2.026982591,0.6064659978,1.189833856,1075,weka.NNge,0.918919,Supervised Classification
2,anneal,898,39,5,class,22175,63.31734338,898,6,33,15.38461538,84.61538462,76.16926503,0.8908685969,684,8,348.5042682,405.1732698,1.198548998,1263.094655,4.648024435,2.026982591,0.6064659978,1.189833856,1076,weka.SimpleCart,0.881757,Supervised Classification
2,anneal,898,39,5,class,22175,63.31734338,898,6,33,15.38461538,84.61538462,76.16926503,0.8908685969,684,8,348.5042682,405.1732698,1.198548998,1263.094655,4.648024435,2.026982591,0.6064659978,1.189833856,1077,weka.REPTree,0.902027,Supervised Classification
2,anneal,898,39,5,class,22175,63.31734338,898,6,33,15.38461538,84.61538462,76.16926503,0.8908685969,684,8,348.5042682,405.1732698,1.198548998,1263.094655,4.648024435,2.026982591,0.6064659978,1.189833856,1078,weka.RandomTree,0.932432,Supervised Classification
2,anneal,898,39,5,class,22175,63.31734338,898,6,33,15.38461538,84.61538462,76.16926503,0.8908685969,684,8,348.5042682,405.1732698,1.198548998,1263.094655,4.648024435,2.026982591,0.6064659978,1.189833856,1080,weka.NBTree,0.972973,Supervised Classification
2,anneal,898,39,5,class,22175,63.31734338,898,6,33,15.38461538,84.61538462,76.16926503,0.8908685969,684,8,348.5042682,405.1732698,1.198548998,1263.094655,4.648024435,2.026982591,0.6064659978,1.189833856,1112,weka.LibLINEAR,0.47973,Supervised Classification
2,anneal,898,39,5,class,22175,63.31734338,898,6,33,15.38461538,84.61538462,76.16926503,0.8908685969,684,8,348.5042682,405.1732698,1.198548998,1263.094655,4.648024435,2.026982591,0.6064659978,1.189833856,1177,weka.SimpleLogistic,0.885135,Supervised Classification
2,anneal,898,39,5,class,22175,63.31734338,898,6,33,15.38461538,84.61538462,76.16926503,0.8908685969,684,8,348.5042682,405.1732698,1.198548998,1263.094655,4.648024435,2.026982591,0.6064659978,1.189833856,1178,weka.SMO_PolyKernel,0.868243,Supervised Classification
2,anneal,898,39,5,class,22175,63.31734338,898,6,33,15.38461538,84.61538462,76.16926503,0.8908685969,684,8,348.5042682,405.1732698,1.198548998,1263.094655,4.648024435,2.026982591,0.6064659978,1.189833856,1179,weka.SMO_RBFKernel,0.733108,Supervised Classification
2,anneal,898,39,5,class,22175,63.31734338,898,6,33,15.38461538,84.61538462,76.16926503,0.8908685969,684,8,348.5042682,405.1732698,1.198548998,1263.094655,4.648024435,2.026982591,0.6064659978,1.189833856,1105,weka.IBk,0.912162,Supervised Classification
2,anneal,898,39,5,class,22175,63.31734338,898,6,33,15.38461538,84.61538462,76.16926503,0.8908685969,684,8,348.5042682,405.1732698,1.198548998,1263.094655,4.648024435,2.026982591,0.6064659978,1.189833856,1105,weka.IBk,0.905405,Supervised Classification
2,anneal,898,39,5,class,22175,63.31734338,898,6,33,15.38461538,84.61538462,76.16926503,0.8908685969,684,8,348.5042682,405.1732698,1.198548998,1263.094655,4.648024435,2.026982591,0.6064659978,1.189833856,1182,weka.AdaBoostM1_DecisionStump,0.817568,Supervised Classification
2,anneal,898,39,5,class,22175,63.31734338,898,6,33,15.38461538,84.61538462,76.16926503,0.8908685969,684,8,348.5042682,405.1732698,1.198548998,1263.094655,4.648024435,2.026982591,0.6064659978,1.189833856,1183,weka.AttributeSelectedClassifier_CfsSubsetEval_BestFirst_J48,0.881757,Supervised Classification
2,anneal,898,39,5,class,22175,63.31734338,898,6,33,15.38461538,84.61538462,76.16926503,0.8908685969,684,8,348.5042682,405.1732698,1.198548998,1263.094655,4.648024435,2.026982591,0.6064659978,1.189833856,1197,weka.FURIA,0.976351,Supervised Classification
2,anneal,898,39,5,class,22175,63.31734338,898,6,33,15.38461538,84.61538462,76.16926503,0.8908685969,684,8,348.5042682,405.1732698,1.198548998,1263.094655,4.648024435,2.026982591,0.6064659978,1.189833856,1200,weka.LADTree,0.976351,Supervised Classification
2,anneal,898,39,5,class,22175,63.31734338,898,6,33,15.38461538,84.61538462,76.16926503,0.8908685969,684,8,348.5042682,405.1732698,1.198548998,1263.094655,4.648024435,2.026982591,0.6064659978,1.189833856,1100,weka.HyperPipes,0.966216,Supervised Classification
2,anneal,898,39,5,class,22175,63.31734338,898,6,33,15.38461538,84.61538462,76.16926503,0.8908685969,684,8,348.5042682,405.1732698,1.198548998,1263.094655,4.648024435,2.026982591,0.6064659978,1.189833856,1103,weka.VFI,0.75,Supervised Classification
2,anneal,898,39,5,class,22175,63.31734338,898,6,33,15.38461538,84.61538462,76.16926503,0.8908685969,684,8,348.5042682,405.1732698,1.198548998,1263.094655,4.648024435,2.026982591,0.6064659978,1.189833856,1106,weka.KStar,0.013514,Supervised Classification
2,anneal,898,39,5,class,22175,63.31734338,898,6,33,15.38461538,84.61538462,76.16926503,0.8908685969,684,8,348.5042682,405.1732698,1.198548998,1263.094655,4.648024435,2.026982591,0.6064659978,1.189833856,1185,weka.Bagging_REPTree,0.908784,Supervised Classification
2,anneal,898,39,5,class,22175,63.31734338,898,6,33,15.38461538,84.61538462,76.16926503,0.8908685969,684,8,348.5042682,405.1732698,1.198548998,1263.094655,4.648024435,2.026982591,0.6064659978,1.189833856,1185,weka.Bagging_REPTree,0.905405,Supervised Classification
2,anneal,898,39,5,class,22175,63.31734338,898,6,33,15.38461538,84.61538462,76.16926503,0.8908685969,684,8,348.5042682,405.1732698,1.198548998,1263.094655,4.648024435,2.026982591,0.6064659978,1.189833856,1191,weka.LogitBoost_DecisionStump,0.989865,Supervised Classification
2,anneal,898,39,5,class,22175,63.31734338,898,6,33,15.38461538,84.61538462,76.16926503,0.8908685969,684,8,348.5042682,405.1732698,1.198548998,1263.094655,4.648024435,2.026982591,0.6064659978,1.189833856,1087,weka.HoeffdingTree,0.733108,Supervised Classification
2,anneal,898,39,5,class,22175,63.31734338,898,6,33,15.38461538,84.61538462,76.16926503,0.8908685969,684,8,348.5042682,405.1732698,1.198548998,1263.094655,4.648024435,2.026982591,0.6064659978,1.189833856,1094,weka.JRip,0.935811,Supervised Classification
2,anneal,898,39,5,class,22175,63.31734338,898,6,33,15.38461538,84.61538462,76.16926503,0.8908685969,684,8,348.5042682,405.1732698,1.198548998,1263.094655,4.648024435,2.026982591,0.6064659978,1.189833856,1096,weka.DecisionTable_BestFirst,0.989865,Supervised Classification
2,anneal,898,39,5,class,22175,63.31734338,898,6,33,15.38461538,84.61538462,76.16926503,0.8908685969,684,8,348.5042682,405.1732698,1.198548998,1263.094655,4.648024435,2.026982591,0.6064659978,1.189833856,1101,weka.InputMappedClassifier_ZeroR,0.733108,Supervised Classification
2,anneal,898,39,5,class,22175,63.31734338,898,6,33,15.38461538,84.61538462,76.16926503,0.8908685969,684,8,348.5042682,405.1732698,1.198548998,1263.094655,4.648024435,2.026982591,0.6064659978,1.189833856,1105,weka.IBk,0.949324,Supervised Classification
2,anneal,898,39,5,class,22175,63.31734338,898,6,33,15.38461538,84.61538462,76.16926503,0.8908685969,684,8,348.5042682,405.1732698,1.198548998,1263.094655,4.648024435,2.026982591,0.6064659978,1.189833856,1114,weka.Logistic,0.868243,Supervised Classification
2,anneal,898,39,5,class,22175,63.31734338,898,6,33,15.38461538,84.61538462,76.16926503,0.8908685969,684,8,348.5042682,405.1732698,1.198548998,1263.094655,4.648024435,2.026982591,0.6064659978,1.189833856,1117,weka.RBFClassifier,0.817568,Supervised Classification
2,anneal,898,39,5,class,22175,63.31734338,898,6,33,15.38461538,84.61538462,76.16926503,0.8908685969,684,8,348.5042682,405.1732698,1.198548998,1263.094655,4.648024435,2.026982591,0.6064659978,1.189833856,1154,weka.NaiveBayes,0.706081,Supervised Classification
2,anneal,898,39,5,class,22175,63.31734338,898,6,33,15.38461538,84.61538462,76.16926503,0.8908685969,684,8,348.5042682,405.1732698,1.198548998,1263.094655,4.648024435,2.026982591,0.6064659978,1.189833856,1155,weka.FilteredClassifier_Standardize_NaiveBayes,0.706081,Supervised Classification
2,anneal,898,39,5,class,22175,63.31734338,898,6,33,15.38461538,84.61538462,76.16926503,0.8908685969,684,8,348.5042682,405.1732698,1.198548998,1263.094655,4.648024435,2.026982591,0.6064659978,1.189833856,1244,weka.FilteredClassifier_Discretize_J48,0.864865,Supervised Classification
2,anneal,898,39,5,class,22175,63.31734338,898,6,33,15.38461538,84.61538462,76.16926503,0.8908685969,684,8,348.5042682,405.1732698,1.198548998,1263.094655,4.648024435,2.026982591,0.6064659978,1.189833856,1163,weka.FilteredClassifier_PrincipalComponents_J48,0.885135,Supervised Classification
2,anneal,898,39,5,class,22175,63.31734338,898,6,33,15.38461538,84.61538462,76.16926503,0.8908685969,684,8,348.5042682,405.1732698,1.198548998,1263.094655,4.648024435,2.026982591,0.6064659978,1.189833856,1165,weka.A1DE,0.976351,Supervised Classification
2,anneal,898,39,5,class,22175,63.31734338,898,6,33,15.38461538,84.61538462,76.16926503,0.8908685969,684,8,348.5042682,405.1732698,1.198548998,1263.094655,4.648024435,2.026982591,0.6064659978,1.189833856,1185,weka.Bagging_REPTree,0.902027,Supervised Classification
2,anneal,898,39,5,class,22175,63.31734338,898,6,33,15.38461538,84.61538462,76.16926503,0.8908685969,684,8,348.5042682,405.1732698,1.198548998,1263.094655,4.648024435,2.026982591,0.6064659978,1.189833856,1191,weka.LogitBoost_DecisionStump,0.996622,Supervised Classification
2,anneal,898,39,5,class,22175,63.31734338,898,6,33,15.38461538,84.61538462,76.16926503,0.8908685969,684,8,348.5042682,405.1732698,1.198548998,1263.094655,4.648024435,2.026982591,0.6064659978,1.189833856,1194,weka.RandomSubSpace_REPTree,0.881757,Supervised Classification
2,anneal,898,39,5,class,22175,63.31734338,898,6,33,15.38461538,84.61538462,76.16926503,0.8908685969,684,8,348.5042682,405.1732698,1.198548998,1263.094655,4.648024435,2.026982591,0.6064659978,1.189833856,1098,weka.ConjunctiveRule,0.817568,Supervised Classification
2,anneal,898,39,5,class,22175,63.31734338,898,6,33,15.38461538,84.61538462,76.16926503,0.8908685969,684,8,348.5042682,405.1732698,1.198548998,1263.094655,4.648024435,2.026982591,0.6064659978,1.189833856,1104,weka.IB1,0.945946,Supervised Classification
2,anneal,898,39,5,class,22175,63.31734338,898,6,33,15.38461538,84.61538462,76.16926503,0.8908685969,684,8,348.5042682,405.1732698,1.198548998,1263.094655,4.648024435,2.026982591,0.6064659978,1.189833856,1084,weka.J48graft,0.885135,Supervised Classification
2,anneal,898,39,5,class,22175,63.31734338,898,6,33,15.38461538,84.61538462,76.16926503,0.8908685969,684,8,348.5042682,405.1732698,1.198548998,1263.094655,4.648024435,2.026982591,0.6064659978,1.189833856,1194,weka.RandomSubSpace_REPTree,0.851351,Supervised Classification
2,anneal,898,39,5,class,22175,63.31734338,898,6,33,15.38461538,84.61538462,76.16926503,0.8908685969,684,8,348.5042682,405.1732698,1.198548998,1263.094655,4.648024435,2.026982591,0.6064659978,1.189833856,1090,weka.DecisionStump,0.746622,Supervised Classification
2,anneal,898,39,5,class,22175,63.31734338,898,6,33,15.38461538,84.61538462,76.16926503,0.8908685969,684,8,348.5042682,405.1732698,1.198548998,1263.094655,4.648024435,2.026982591,0.6064659978,1.189833856,1079,weka.RandomForest,0.959459,Supervised Classification
2,anneal,898,39,5,class,22175,63.31734338,898,6,33,15.38461538,84.61538462,76.16926503,0.8908685969,684,8,348.5042682,405.1732698,1.198548998,1263.094655,4.648024435,2.026982591,0.6064659978,1.189833856,1160,weka.AttributeSelectedClassifier_PrincipalComponents_Ranker_J48,0.885135,Supervised Classification
2,anneal,898,39,5,class,22175,63.31734338,898,6,33,15.38461538,84.61538462,76.16926503,0.8908685969,684,8,348.5042682,405.1732698,1.198548998,1263.094655,4.648024435,2.026982591,0.6064659978,1.189833856,1088,weka.FT,0.922297,Supervised Classification
2,anneal,898,39,5,class,22175,63.31734338,898,6,33,15.38461538,84.61538462,76.16926503,0.8908685969,684,8,348.5042682,405.1732698,1.198548998,1263.094655,4.648024435,2.026982591,0.6064659978,1.189833856,1091,weka.BFTree,0.885135,Supervised Classification
2,anneal,898,39,5,class,22175,63.31734338,898,6,33,15.38461538,84.61538462,76.16926503,0.8908685969,684,8,348.5042682,405.1732698,1.198548998,1263.094655,4.648024435,2.026982591,0.6064659978,1.189833856,1166,weka.A2DE,0.972973,Supervised Classification
2,anneal,898,39,5,class,22175,63.31734338,898,6,33,15.38461538,84.61538462,76.16926503,0.8908685969,684,8,348.5042682,405.1732698,1.198548998,1263.094655,4.648024435,2.026982591,0.6064659978,1.189833856,1108,weka.LWL_DecisionStump,0.891892,Supervised Classification
2,anneal,898,39,5,class,22175,63.31734338,898,6,33,15.38461538,84.61538462,76.16926503,0.8908685969,684,8,348.5042682,405.1732698,1.198548998,1263.094655,4.648024435,2.026982591,0.6064659978,1.189833856,1186,weka.Dagging_DecisionStump,0.817568,Supervised Classification
2,anneal,898,39,5,class,22175,63.31734338,898,6,33,15.38461538,84.61538462,76.16926503,0.8908685969,684,8,348.5042682,405.1732698,1.198548998,1263.094655,4.648024435,2.026982591,0.6064659978,1.189833856,1188,weka.END_ND_J48,0.915541,Supervised Classification
2,anneal,898,39,5,class,22175,63.31734338,898,6,33,15.38461538,84.61538462,76.16926503,0.8908685969,684,8,348.5042682,405.1732698,1.198548998,1263.094655,4.648024435,2.026982591,0.6064659978,1.189833856,1190,weka.Grading_ZeroR,0.733108,Supervised Classification
2,anneal,898,39,5,class,22175,63.31734338,898,6,33,15.38461538,84.61538462,76.16926503,0.8908685969,684,8,348.5042682,405.1732698,1.198548998,1263.094655,4.648024435,2.026982591,0.6064659978,1.189833856,1192,weka.MultiBoostAB_DecisionStump,0.746622,Supervised Classification
2,anneal,898,39,5,class,22175,63.31734338,898,6,33,15.38461538,84.61538462,76.16926503,0.8908685969,684,8,348.5042682,405.1732698,1.198548998,1263.094655,4.648024435,2.026982591,0.6064659978,1.189833856,1192,weka.MultiBoostAB_DecisionStump,0.817568,Supervised Classification
2,anneal,898,39,5,class,22175,63.31734338,898,6,33,15.38461538,84.61538462,76.16926503,0.8908685969,684,8,348.5042682,405.1732698,1.198548998,1263.094655,4.648024435,2.026982591,0.6064659978,1.189833856,1193,weka.RacedIncrementalLogitBoost_DecisionStump,0.733108,Supervised Classification
2,anneal,898,39,5,class,22175,63.31734338,898,6,33,15.38461538,84.61538462,76.16926503,0.8908685969,684,8,348.5042682,405.1732698,1.198548998,1263.094655,4.648024435,2.026982591,0.6064659978,1.189833856,1196,weka.RotationForest_PrincipalComponents_J48,0.97973,Supervised Classification
2,anneal,898,39,5,class,22175,63.31734338,898,6,33,15.38461538,84.61538462,76.16926503,0.8908685969,684,8,348.5042682,405.1732698,1.198548998,1263.094655,4.648024435,2.026982591,0.6064659978,1.189833856,1196,weka.RotationForest_PrincipalComponents_J48,0.952703,Supervised Classification
2,anneal,898,39,5,class,22175,63.31734338,898,6,33,15.38461538,84.61538462,76.16926503,0.8908685969,684,8,348.5042682,405.1732698,1.198548998,1263.094655,4.648024435,2.026982591,0.6064659978,1.189833856,1196,weka.RotationForest_PrincipalComponents_J48,0.962838,Supervised Classification
2,anneal,898,39,5,class,22175,63.31734338,898,6,33,15.38461538,84.61538462,76.16926503,0.8908685969,684,8,348.5042682,405.1732698,1.198548998,1263.094655,4.648024435,2.026982591,0.6064659978,1.189833856,1196,weka.RotationForest_PrincipalComponents_J48,0.956081,Supervised Classification
60,waveform-5000,5000,41,3,class,0,0,0,40,1,97.56097561,2.43902439,33.84,33.06,1692,1653,0.8994882,1.271115597,-0.025552,3.322468,-0.1964174932,0.03546827362,0.3320664133,1.584879205,1068,weka.J48,0.747273,Supervised Classification
60,waveform-5000,5000,41,3,class,0,0,0,40,1,97.56097561,2.43902439,33.84,33.06,1692,1653,0.8994882,1.271115597,-0.025552,3.322468,-0.1964174932,0.03546827362,0.3320664133,1.584879205,1069,weka.ZeroR,0.334545,Supervised Classification
60,waveform-5000,5000,41,3,class,0,0,0,40,1,97.56097561,2.43902439,33.84,33.06,1692,1653,0.8994882,1.271115597,-0.025552,3.322468,-0.1964174932,0.03546827362,0.3320664133,1.584879205,1070,weka.Ridor,0.758182,Supervised Classification
60,waveform-5000,5000,41,3,class,0,0,0,40,1,97.56097561,2.43902439,33.84,33.06,1692,1653,0.8994882,1.271115597,-0.025552,3.322468,-0.1964174932,0.03546827362,0.3320664133,1.584879205,1071,weka.OneR,0.529091,Supervised Classification
60,waveform-5000,5000,41,3,class,0,0,0,40,1,97.56097561,2.43902439,33.84,33.06,1692,1653,0.8994882,1.271115597,-0.025552,3.322468,-0.1964174932,0.03546827362,0.3320664133,1.584879205,1073,weka.PART,0.771515,Supervised Classification
60,waveform-5000,5000,41,3,class,0,0,0,40,1,97.56097561,2.43902439,33.84,33.06,1692,1653,0.8994882,1.271115597,-0.025552,3.322468,-0.1964174932,0.03546827362,0.3320664133,1.584879205,1074,weka.OLM,0.334545,Supervised Classification
60,waveform-5000,5000,41,3,class,0,0,0,40,1,97.56097561,2.43902439,33.84,33.06,1692,1653,0.8994882,1.271115597,-0.025552,3.322468,-0.1964174932,0.03546827362,0.3320664133,1.584879205,1172,weka.LibSVM,0.864242,Supervised Classification
60,waveform-5000,5000,41,3,class,0,0,0,40,1,97.56097561,2.43902439,33.84,33.06,1692,1653,0.8994882,1.271115597,-0.025552,3.322468,-0.1964174932,0.03546827362,0.3320664133,1.584879205,1155,weka.FilteredClassifier_Standardize_NaiveBayes,0.807879,Supervised Classification
60,waveform-5000,5000,41,3,class,0,0,0,40,1,97.56097561,2.43902439,33.84,33.06,1692,1653,0.8994882,1.271115597,-0.025552,3.322468,-0.1964174932,0.03546827362,0.3320664133,1.584879205,1160,weka.AttributeSelectedClassifier_PrincipalComponents_Ranker_J48,0.826667,Supervised Classification
60,waveform-5000,5000,41,3,class,0,0,0,40,1,97.56097561,2.43902439,33.84,33.06,1692,1653,0.8994882,1.271115597,-0.025552,3.322468,-0.1964174932,0.03546827362,0.3320664133,1.584879205,1165,weka.A1DE,0.84303,Supervised Classification
60,waveform-5000,5000,41,3,class,0,0,0,40,1,97.56097561,2.43902439,33.84,33.06,1692,1653,0.8994882,1.271115597,-0.025552,3.322468,-0.1964174932,0.03546827362,0.3320664133,1.584879205,77,weka.LogitBoost_DecisionStump,0.850909,Supervised Classification
60,waveform-5000,5000,41,3,class,0,0,0,40,1,97.56097561,2.43902439,33.84,33.06,1692,1653,0.8994882,1.271115597,-0.025552,3.322468,-0.1964174932,0.03546827362,0.3320664133,1.584879205,365,weka.J48,0.747273,Supervised Classification
60,waveform-5000,5000,41,3,class,0,0,0,40,1,97.56097561,2.43902439,33.84,33.06,1692,1653,0.8994882,1.271115597,-0.025552,3.322468,-0.1964174932,0.03546827362,0.3320664133,1.584879205,523,weka.Bagging_J48,0.82303,Supervised Classification
60,waveform-5000,5000,41,3,class,0,0,0,40,1,97.56097561,2.43902439,33.84,33.06,1692,1653,0.8994882,1.271115597,-0.025552,3.322468,-0.1964174932,0.03546827362,0.3320664133,1.584879205,523,weka.Bagging_J48,0.826667,Supervised Classification
60,waveform-5000,5000,41,3,class,0,0,0,40,1,97.56097561,2.43902439,33.84,33.06,1692,1653,0.8994882,1.271115597,-0.025552,3.322468,-0.1964174932,0.03546827362,0.3320664133,1.584879205,523,weka.Bagging_J48,0.831515,Supervised Classification
60,waveform-5000,5000,41,3,class,0,0,0,40,1,97.56097561,2.43902439,33.84,33.06,1692,1653,0.8994882,1.271115597,-0.025552,3.322468,-0.1964174932,0.03546827362,0.3320664133,1.584879205,523,weka.Bagging_J48,0.827879,Supervised Classification
60,waveform-5000,5000,41,3,class,0,0,0,40,1,97.56097561,2.43902439,33.84,33.06,1692,1653,0.8994882,1.271115597,-0.025552,3.322468,-0.1964174932,0.03546827362,0.3320664133,1.584879205,524,weka.Bagging_JRip,0.850303,Supervised Classification
60,waveform-5000,5000,41,3,class,0,0,0,40,1,97.56097561,2.43902439,33.84,33.06,1692,1653,0.8994882,1.271115597,-0.025552,3.322468,-0.1964174932,0.03546827362,0.3320664133,1.584879205,524,weka.Bagging_JRip,0.853333,Supervised Classification
60,waveform-5000,5000,41,3,class,0,0,0,40,1,97.56097561,2.43902439,33.84,33.06,1692,1653,0.8994882,1.271115597,-0.025552,3.322468,-0.1964174932,0.03546827362,0.3320664133,1.584879205,527,weka.Bagging_LMT,0.85697,Supervised Classification
60,waveform-5000,5000,41,3,class,0,0,0,40,1,97.56097561,2.43902439,33.84,33.06,1692,1653,0.8994882,1.271115597,-0.025552,3.322468,-0.1964174932,0.03546827362,0.3320664133,1.584879205,527,weka.Bagging_LMT,0.850909,Supervised Classification
60,waveform-5000,5000,41,3,class,0,0,0,40,1,97.56097561,2.43902439,33.84,33.06,1692,1653,0.8994882,1.271115597,-0.025552,3.322468,-0.1964174932,0.03546827362,0.3320664133,1.584879205,527,weka.Bagging_LMT,0.848485,Supervised Classification
60,waveform-5000,5000,41,3,class,0,0,0,40,1,97.56097561,2.43902439,33.84,33.06,1692,1653,0.8994882,1.271115597,-0.025552,3.322468,-0.1964174932,0.03546827362,0.3320664133,1.584879205,527,weka.Bagging_LMT,0.838788,Supervised Classification
60,waveform-5000,5000,41,3,class,0,0,0,40,1,97.56097561,2.43902439,33.84,33.06,1692,1653,0.8994882,1.271115597,-0.025552,3.322468,-0.1964174932,0.03546827362,0.3320664133,1.584879205,527,weka.Bagging_LMT,0.831515,Supervised Classification
60,waveform-5000,5000,41,3,class,0,0,0,40,1,97.56097561,2.43902439,33.84,33.06,1692,1653,0.8994882,1.271115597,-0.025552,3.322468,-0.1964174932,0.03546827362,0.3320664133,1.584879205,528,weka.Bagging_LWL_DecisionStump,0.602424,Supervised Classification
60,waveform-5000,5000,41,3,class,0,0,0,40,1,97.56097561,2.43902439,33.84,33.06,1692,1653,0.8994882,1.271115597,-0.025552,3.322468,-0.1964174932,0.03546827362,0.3320664133,1.584879205,528,weka.Bagging_LWL_DecisionStump,0.595758,Supervised Classification
60,waveform-5000,5000,41,3,class,0,0,0,40,1,97.56097561,2.43902439,33.84,33.06,1692,1653,0.8994882,1.271115597,-0.025552,3.322468,-0.1964174932,0.03546827362,0.3320664133,1.584879205,528,weka.Bagging_LWL_DecisionStump,0.6,Supervised Classification
60,waveform-5000,5000,41,3,class,0,0,0,40,1,97.56097561,2.43902439,33.84,33.06,1692,1653,0.8994882,1.271115597,-0.025552,3.322468,-0.1964174932,0.03546827362,0.3320664133,1.584879205,529,weka.Bagging_MultilayerPerceptron,0.865455,Supervised Classification
60,waveform-5000,5000,41,3,class,0,0,0,40,1,97.56097561,2.43902439,33.84,33.06,1692,1653,0.8994882,1.271115597,-0.025552,3.322468,-0.1964174932,0.03546827362,0.3320664133,1.584879205,529,weka.Bagging_MultilayerPerceptron,0.863636,Supervised Classification
60,waveform-5000,5000,41,3,class,0,0,0,40,1,97.56097561,2.43902439,33.84,33.06,1692,1653,0.8994882,1.271115597,-0.025552,3.322468,-0.1964174932,0.03546827362,0.3320664133,1.584879205,530,weka.Bagging_NaiveBayes,0.809091,Supervised Classification
60,waveform-5000,5000,41,3,class,0,0,0,40,1,97.56097561,2.43902439,33.84,33.06,1692,1653,0.8994882,1.271115597,-0.025552,3.322468,-0.1964174932,0.03546827362,0.3320664133,1.584879205,506,weka.RotationForest_PrincipalComponents_J48,0.827273,Supervised Classification
60,waveform-5000,5000,41,3,class,0,0,0,40,1,97.56097561,2.43902439,33.84,33.06,1692,1653,0.8994882,1.271115597,-0.025552,3.322468,-0.1964174932,0.03546827362,0.3320664133,1.584879205,531,weka.Bagging_OneR,0.56,Supervised Classification
60,waveform-5000,5000,41,3,class,0,0,0,40,1,97.56097561,2.43902439,33.84,33.06,1692,1653,0.8994882,1.271115597,-0.025552,3.322468,-0.1964174932,0.03546827362,0.3320664133,1.584879205,531,weka.Bagging_OneR,0.550303,Supervised Classification
60,waveform-5000,5000,41,3,class,0,0,0,40,1,97.56097561,2.43902439,33.84,33.06,1692,1653,0.8994882,1.271115597,-0.025552,3.322468,-0.1964174932,0.03546827362,0.3320664133,1.584879205,531,weka.Bagging_OneR,0.545455,Supervised Classification
60,waveform-5000,5000,41,3,class,0,0,0,40,1,97.56097561,2.43902439,33.84,33.06,1692,1653,0.8994882,1.271115597,-0.025552,3.322468,-0.1964174932,0.03546827362,0.3320664133,1.584879205,532,weka.Bagging_RandomForest,0.859394,Supervised Classification
60,waveform-5000,5000,41,3,class,0,0,0,40,1,97.56097561,2.43902439,33.84,33.06,1692,1653,0.8994882,1.271115597,-0.025552,3.322468,-0.1964174932,0.03546827362,0.3320664133,1.584879205,532,weka.Bagging_RandomForest,0.855758,Supervised Classification
60,waveform-5000,5000,41,3,class,0,0,0,40,1,97.56097561,2.43902439,33.84,33.06,1692,1653,0.8994882,1.271115597,-0.025552,3.322468,-0.1964174932,0.03546827362,0.3320664133,1.584879205,532,weka.Bagging_RandomForest,0.855152,Supervised Classification
60,waveform-5000,5000,41,3,class,0,0,0,40,1,97.56097561,2.43902439,33.84,33.06,1692,1653,0.8994882,1.271115597,-0.025552,3.322468,-0.1964174932,0.03546827362,0.3320664133,1.584879205,532,weka.Bagging_RandomForest,0.858788,Supervised Classification
60,waveform-5000,5000,41,3,class,0,0,0,40,1,97.56097561,2.43902439,33.84,33.06,1692,1653,0.8994882,1.271115597,-0.025552,3.322468,-0.1964174932,0.03546827362,0.3320664133,1.584879205,532,weka.Bagging_RandomForest,0.86,Supervised Classification
60,waveform-5000,5000,41,3,class,0,0,0,40,1,97.56097561,2.43902439,33.84,33.06,1692,1653,0.8994882,1.271115597,-0.025552,3.322468,-0.1964174932,0.03546827362,0.3320664133,1.584879205,533,weka.Bagging_RandomTree,0.85697,Supervised Classification
60,waveform-5000,5000,41,3,class,0,0,0,40,1,97.56097561,2.43902439,33.84,33.06,1692,1653,0.8994882,1.271115597,-0.025552,3.322468,-0.1964174932,0.03546827362,0.3320664133,1.584879205,378,weka.Bagging_REPTree,0.821212,Supervised Classification
60,waveform-5000,5000,41,3,class,0,0,0,40,1,97.56097561,2.43902439,33.84,33.06,1692,1653,0.8994882,1.271115597,-0.025552,3.322468,-0.1964174932,0.03546827362,0.3320664133,1.584879205,378,weka.Bagging_REPTree,0.818182,Supervised Classification
60,waveform-5000,5000,41,3,class,0,0,0,40,1,97.56097561,2.43902439,33.84,33.06,1692,1653,0.8994882,1.271115597,-0.025552,3.322468,-0.1964174932,0.03546827362,0.3320664133,1.584879205,378,weka.Bagging_REPTree,0.824848,Supervised Classification
60,waveform-5000,5000,41,3,class,0,0,0,40,1,97.56097561,2.43902439,33.84,33.06,1692,1653,0.8994882,1.271115597,-0.025552,3.322468,-0.1964174932,0.03546827362,0.3320664133,1.584879205,534,weka.Bagging_SMO_PolyKernel,0.867273,Supervised Classification
60,waveform-5000,5000,41,3,class,0,0,0,40,1,97.56097561,2.43902439,33.84,33.06,1692,1653,0.8994882,1.271115597,-0.025552,3.322468,-0.1964174932,0.03546827362,0.3320664133,1.584879205,534,weka.Bagging_SMO_PolyKernel,0.869091,Supervised Classification
60,waveform-5000,5000,41,3,class,0,0,0,40,1,97.56097561,2.43902439,33.84,33.06,1692,1653,0.8994882,1.271115597,-0.025552,3.322468,-0.1964174932,0.03546827362,0.3320664133,1.584879205,563,weka.NaiveBayesUpdateable,0.807879,Supervised Classification
60,waveform-5000,5000,41,3,class,0,0,0,40,1,97.56097561,2.43902439,33.84,33.06,1692,1653,0.8994882,1.271115597,-0.025552,3.322468,-0.1964174932,0.03546827362,0.3320664133,1.584879205,675,weka.J48,0.747273,Supervised Classification
60,waveform-5000,5000,41,3,class,0,0,0,40,1,97.56097561,2.43902439,33.84,33.06,1692,1653,0.8994882,1.271115597,-0.025552,3.322468,-0.1964174932,0.03546827362,0.3320664133,1.584879205,375,weka.OneR,0.529091,Supervised Classification
60,waveform-5000,5000,41,3,class,0,0,0,40,1,97.56097561,2.43902439,33.84,33.06,1692,1653,0.8994882,1.271115597,-0.025552,3.322468,-0.1964174932,0.03546827362,0.3320664133,1.584879205,376,weka.AdaBoostM1_DecisionStump,0.656364,Supervised Classification
60,waveform-5000,5000,41,3,class,0,0,0,40,1,97.56097561,2.43902439,33.84,33.06,1692,1653,0.8994882,1.271115597,-0.025552,3.322468,-0.1964174932,0.03546827362,0.3320664133,1.584879205,378,weka.Bagging_REPTree,0.810303,Supervised Classification
60,waveform-5000,5000,41,3,class,0,0,0,40,1,97.56097561,2.43902439,33.84,33.06,1692,1653,0.8994882,1.271115597,-0.025552,3.322468,-0.1964174932,0.03546827362,0.3320664133,1.584879205,380,weka.NaiveBayes,0.807879,Supervised Classification
60,waveform-5000,5000,41,3,class,0,0,0,40,1,97.56097561,2.43902439,33.84,33.06,1692,1653,0.8994882,1.271115597,-0.025552,3.322468,-0.1964174932,0.03546827362,0.3320664133,1.584879205,677,weka.Logistic,0.864848,Supervised Classification
60,waveform-5000,5000,41,3,class,0,0,0,40,1,97.56097561,2.43902439,33.84,33.06,1692,1653,0.8994882,1.271115597,-0.025552,3.322468,-0.1964174932,0.03546827362,0.3320664133,1.584879205,385,weka.SMO_PolyKernel,0.867273,Supervised Classification
60,waveform-5000,5000,41,3,class,0,0,0,40,1,97.56097561,2.43902439,33.84,33.06,1692,1653,0.8994882,1.271115597,-0.025552,3.322468,-0.1964174932,0.03546827362,0.3320664133,1.584879205,387,weka.SMO_RBFKernel,0.852121,Supervised Classification
60,waveform-5000,5000,41,3,class,0,0,0,40,1,97.56097561,2.43902439,33.84,33.06,1692,1653,0.8994882,1.271115597,-0.025552,3.322468,-0.1964174932,0.03546827362,0.3320664133,1.584879205,389,weka.IBk,0.713939,Supervised Classification
60,waveform-5000,5000,41,3,class,0,0,0,40,1,97.56097561,2.43902439,33.84,33.06,1692,1653,0.8994882,1.271115597,-0.025552,3.322468,-0.1964174932,0.03546827362,0.3320664133,1.584879205,390,weka.JRip,0.770303,Supervised Classification
60,waveform-5000,5000,41,3,class,0,0,0,40,1,97.56097561,2.43902439,33.84,33.06,1692,1653,0.8994882,1.271115597,-0.025552,3.322468,-0.1964174932,0.03546827362,0.3320664133,1.584879205,391,weka.RandomForest,0.858788,Supervised Classification
60,waveform-5000,5000,41,3,class,0,0,0,40,1,97.56097561,2.43902439,33.84,33.06,1692,1653,0.8994882,1.271115597,-0.025552,3.322468,-0.1964174932,0.03546827362,0.3320664133,1.584879205,392,weka.A1DE,0.84303,Supervised Classification
60,waveform-5000,5000,41,3,class,0,0,0,40,1,97.56097561,2.43902439,33.84,33.06,1692,1653,0.8994882,1.271115597,-0.025552,3.322468,-0.1964174932,0.03546827362,0.3320664133,1.584879205,393,weka.A2DE,0.844242,Supervised Classification
60,waveform-5000,5000,41,3,class,0,0,0,40,1,97.56097561,2.43902439,33.84,33.06,1692,1653,0.8994882,1.271115597,-0.025552,3.322468,-0.1964174932,0.03546827362,0.3320664133,1.584879205,398,weka.AdaBoostM1_BFTree,0.804848,Supervised Classification
60,waveform-5000,5000,41,3,class,0,0,0,40,1,97.56097561,2.43902439,33.84,33.06,1692,1653,0.8994882,1.271115597,-0.025552,3.322468,-0.1964174932,0.03546827362,0.3320664133,1.584879205,398,weka.AdaBoostM1_BFTree,0.821212,Supervised Classification
60,waveform-5000,5000,41,3,class,0,0,0,40,1,97.56097561,2.43902439,33.84,33.06,1692,1653,0.8994882,1.271115597,-0.025552,3.322468,-0.1964174932,0.03546827362,0.3320664133,1.584879205,398,weka.AdaBoostM1_BFTree,0.83697,Supervised Classification
60,waveform-5000,5000,41,3,class,0,0,0,40,1,97.56097561,2.43902439,33.84,33.06,1692,1653,0.8994882,1.271115597,-0.025552,3.322468,-0.1964174932,0.03546827362,0.3320664133,1.584879205,376,weka.AdaBoostM1_DecisionStump,0.729091,Supervised Classification
60,waveform-5000,5000,41,3,class,0,0,0,40,1,97.56097561,2.43902439,33.84,33.06,1692,1653,0.8994882,1.271115597,-0.025552,3.322468,-0.1964174932,0.03546827362,0.3320664133,1.584879205,404,weka.AdaBoostM1_IBk,0.713939,Supervised Classification
60,waveform-5000,5000,41,3,class,0,0,0,40,1,97.56097561,2.43902439,33.84,33.06,1692,1653,0.8994882,1.271115597,-0.025552,3.322468,-0.1964174932,0.03546827362,0.3320664133,1.584879205,405,weka.AdaBoostM1_J48,0.849091,Supervised Classification
60,waveform-5000,5000,41,3,class,0,0,0,40,1,97.56097561,2.43902439,33.84,33.06,1692,1653,0.8994882,1.271115597,-0.025552,3.322468,-0.1964174932,0.03546827362,0.3320664133,1.584879205,405,weka.AdaBoostM1_J48,0.843636,Supervised Classification
60,waveform-5000,5000,41,3,class,0,0,0,40,1,97.56097561,2.43902439,33.84,33.06,1692,1653,0.8994882,1.271115597,-0.025552,3.322468,-0.1964174932,0.03546827362,0.3320664133,1.584879205,405,weka.AdaBoostM1_J48,0.84,Supervised Classification
60,waveform-5000,5000,41,3,class,0,0,0,40,1,97.56097561,2.43902439,33.84,33.06,1692,1653,0.8994882,1.271115597,-0.025552,3.322468,-0.1964174932,0.03546827362,0.3320664133,1.584879205,405,weka.AdaBoostM1_J48,0.82303,Supervised Classification
60,waveform-5000,5000,41,3,class,0,0,0,40,1,97.56097561,2.43902439,33.84,33.06,1692,1653,0.8994882,1.271115597,-0.025552,3.322468,-0.1964174932,0.03546827362,0.3320664133,1.584879205,405,weka.AdaBoostM1_J48,0.812727,Supervised Classification
60,waveform-5000,5000,41,3,class,0,0,0,40,1,97.56097561,2.43902439,33.84,33.06,1692,1653,0.8994882,1.271115597,-0.025552,3.322468,-0.1964174932,0.03546827362,0.3320664133,1.584879205,406,weka.AdaBoostM1_JRip,0.804848,Supervised Classification
60,waveform-5000,5000,41,3,class,0,0,0,40,1,97.56097561,2.43902439,33.84,33.06,1692,1653,0.8994882,1.271115597,-0.025552,3.322468,-0.1964174932,0.03546827362,0.3320664133,1.584879205,406,weka.AdaBoostM1_JRip,0.827879,Supervised Classification
60,waveform-5000,5000,41,3,class,0,0,0,40,1,97.56097561,2.43902439,33.84,33.06,1692,1653,0.8994882,1.271115597,-0.025552,3.322468,-0.1964174932,0.03546827362,0.3320664133,1.584879205,406,weka.AdaBoostM1_JRip,0.836364,Supervised Classification
60,waveform-5000,5000,41,3,class,0,0,0,40,1,97.56097561,2.43902439,33.84,33.06,1692,1653,0.8994882,1.271115597,-0.025552,3.322468,-0.1964174932,0.03546827362,0.3320664133,1.584879205,406,weka.AdaBoostM1_JRip,0.838182,Supervised Classification
60,waveform-5000,5000,41,3,class,0,0,0,40,1,97.56097561,2.43902439,33.84,33.06,1692,1653,0.8994882,1.271115597,-0.025552,3.322468,-0.1964174932,0.03546827362,0.3320664133,1.584879205,406,weka.AdaBoostM1_JRip,0.841818,Supervised Classification
60,waveform-5000,5000,41,3,class,0,0,0,40,1,97.56097561,2.43902439,33.84,33.06,1692,1653,0.8994882,1.271115597,-0.025552,3.322468,-0.1964174932,0.03546827362,0.3320664133,1.584879205,407,weka.AdaBoostM1_LADTree,0.832727,Supervised Classification
60,waveform-5000,5000,41,3,class,0,0,0,40,1,97.56097561,2.43902439,33.84,33.06,1692,1653,0.8994882,1.271115597,-0.025552,3.322468,-0.1964174932,0.03546827362,0.3320664133,1.584879205,407,weka.AdaBoostM1_LADTree,0.837576,Supervised Classification
60,waveform-5000,5000,41,3,class,0,0,0,40,1,97.56097561,2.43902439,33.84,33.06,1692,1653,0.8994882,1.271115597,-0.025552,3.322468,-0.1964174932,0.03546827362,0.3320664133,1.584879205,407,weka.AdaBoostM1_LADTree,0.826061,Supervised Classification
60,waveform-5000,5000,41,3,class,0,0,0,40,1,97.56097561,2.43902439,33.84,33.06,1692,1653,0.8994882,1.271115597,-0.025552,3.322468,-0.1964174932,0.03546827362,0.3320664133,1.584879205,407,weka.AdaBoostM1_LADTree,0.82303,Supervised Classification
60,waveform-5000,5000,41,3,class,0,0,0,40,1,97.56097561,2.43902439,33.84,33.06,1692,1653,0.8994882,1.271115597,-0.025552,3.322468,-0.1964174932,0.03546827362,0.3320664133,1.584879205,407,weka.AdaBoostM1_LADTree,0.818182,Supervised Classification
60,waveform-5000,5000,41,3,class,0,0,0,40,1,97.56097561,2.43902439,33.84,33.06,1692,1653,0.8994882,1.271115597,-0.025552,3.322468,-0.1964174932,0.03546827362,0.3320664133,1.584879205,411,weka.AdaBoostM1_LMT,0.833939,Supervised Classification
60,waveform-5000,5000,41,3,class,0,0,0,40,1,97.56097561,2.43902439,33.84,33.06,1692,1653,0.8994882,1.271115597,-0.025552,3.322468,-0.1964174932,0.03546827362,0.3320664133,1.584879205,411,weka.AdaBoostM1_LMT,0.846061,Supervised Classification
60,waveform-5000,5000,41,3,class,0,0,0,40,1,97.56097561,2.43902439,33.84,33.06,1692,1653,0.8994882,1.271115597,-0.025552,3.322468,-0.1964174932,0.03546827362,0.3320664133,1.584879205,411,weka.AdaBoostM1_LMT,0.848485,Supervised Classification
60,waveform-5000,5000,41,3,class,0,0,0,40,1,97.56097561,2.43902439,33.84,33.06,1692,1653,0.8994882,1.271115597,-0.025552,3.322468,-0.1964174932,0.03546827362,0.3320664133,1.584879205,411,weka.AdaBoostM1_LMT,0.864242,Supervised Classification
60,waveform-5000,5000,41,3,class,0,0,0,40,1,97.56097561,2.43902439,33.84,33.06,1692,1653,0.8994882,1.271115597,-0.025552,3.322468,-0.1964174932,0.03546827362,0.3320664133,1.584879205,411,weka.AdaBoostM1_LMT,0.862424,Supervised Classification
60,waveform-5000,5000,41,3,class,0,0,0,40,1,97.56097561,2.43902439,33.84,33.06,1692,1653,0.8994882,1.271115597,-0.025552,3.322468,-0.1964174932,0.03546827362,0.3320664133,1.584879205,413,weka.AdaBoostM1_LWL_DecisionStump,0.683636,Supervised Classification
60,waveform-5000,5000,41,3,class,0,0,0,40,1,97.56097561,2.43902439,33.84,33.06,1692,1653,0.8994882,1.271115597,-0.025552,3.322468,-0.1964174932,0.03546827362,0.3320664133,1.584879205,417,weka.AdaBoostM1_NaiveBayes,0.807879,Supervised Classification
60,waveform-5000,5000,41,3,class,0,0,0,40,1,97.56097561,2.43902439,33.84,33.06,1692,1653,0.8994882,1.271115597,-0.025552,3.322468,-0.1964174932,0.03546827362,0.3320664133,1.584879205,418,weka.AdaBoostM1_OneR,0.654545,Supervised Classification
60,waveform-5000,5000,41,3,class,0,0,0,40,1,97.56097561,2.43902439,33.84,33.06,1692,1653,0.8994882,1.271115597,-0.025552,3.322468,-0.1964174932,0.03546827362,0.3320664133,1.584879205,418,weka.AdaBoostM1_OneR,0.699394,Supervised Classification
60,waveform-5000,5000,41,3,class,0,0,0,40,1,97.56097561,2.43902439,33.84,33.06,1692,1653,0.8994882,1.271115597,-0.025552,3.322468,-0.1964174932,0.03546827362,0.3320664133,1.584879205,418,weka.AdaBoostM1_OneR,0.727273,Supervised Classification
60,waveform-5000,5000,41,3,class,0,0,0,40,1,97.56097561,2.43902439,33.84,33.06,1692,1653,0.8994882,1.271115597,-0.025552,3.322468,-0.1964174932,0.03546827362,0.3320664133,1.584879205,418,weka.AdaBoostM1_OneR,0.746061,Supervised Classification
60,waveform-5000,5000,41,3,class,0,0,0,40,1,97.56097561,2.43902439,33.84,33.06,1692,1653,0.8994882,1.271115597,-0.025552,3.322468,-0.1964174932,0.03546827362,0.3320664133,1.584879205,418,weka.AdaBoostM1_OneR,0.749697,Supervised Classification
60,waveform-5000,5000,41,3,class,0,0,0,40,1,97.56097561,2.43902439,33.84,33.06,1692,1653,0.8994882,1.271115597,-0.025552,3.322468,-0.1964174932,0.03546827362,0.3320664133,1.584879205,419,weka.AdaBoostM1_RandomForest,0.846667,Supervised Classification
60,waveform-5000,5000,41,3,class,0,0,0,40,1,97.56097561,2.43902439,33.84,33.06,1692,1653,0.8994882,1.271115597,-0.025552,3.322468,-0.1964174932,0.03546827362,0.3320664133,1.584879205,420,weka.AdaBoostM1_RandomTree,0.72303,Supervised Classification
60,waveform-5000,5000,41,3,class,0,0,0,40,1,97.56097561,2.43902439,33.84,33.06,1692,1653,0.8994882,1.271115597,-0.025552,3.322468,-0.1964174932,0.03546827362,0.3320664133,1.584879205,422,weka.AdaBoostM1_REPTree,0.832121,Supervised Classification
60,waveform-5000,5000,41,3,class,0,0,0,40,1,97.56097561,2.43902439,33.84,33.06,1692,1653,0.8994882,1.271115597,-0.025552,3.322468,-0.1964174932,0.03546827362,0.3320664133,1.584879205,422,weka.AdaBoostM1_REPTree,0.828485,Supervised Classification
60,waveform-5000,5000,41,3,class,0,0,0,40,1,97.56097561,2.43902439,33.84,33.06,1692,1653,0.8994882,1.271115597,-0.025552,3.322468,-0.1964174932,0.03546827362,0.3320664133,1.584879205,422,weka.AdaBoostM1_REPTree,0.818182,Supervised Classification
60,waveform-5000,5000,41,3,class,0,0,0,40,1,97.56097561,2.43902439,33.84,33.06,1692,1653,0.8994882,1.271115597,-0.025552,3.322468,-0.1964174932,0.03546827362,0.3320664133,1.584879205,422,weka.AdaBoostM1_REPTree,0.803636,Supervised Classification
60,waveform-5000,5000,41,3,class,0,0,0,40,1,97.56097561,2.43902439,33.84,33.06,1692,1653,0.8994882,1.271115597,-0.025552,3.322468,-0.1964174932,0.03546827362,0.3320664133,1.584879205,422,weka.AdaBoostM1_REPTree,0.800606,Supervised Classification
60,waveform-5000,5000,41,3,class,0,0,0,40,1,97.56097561,2.43902439,33.84,33.06,1692,1653,0.8994882,1.271115597,-0.025552,3.322468,-0.1964174932,0.03546827362,0.3320664133,1.584879205,423,weka.AdaBoostM1_SMO_PolyKernel,0.867273,Supervised Classification
60,waveform-5000,5000,41,3,class,0,0,0,40,1,97.56097561,2.43902439,33.84,33.06,1692,1653,0.8994882,1.271115597,-0.025552,3.322468,-0.1964174932,0.03546827362,0.3320664133,1.584879205,1076,weka.SimpleCart,0.781212,Supervised Classification
60,waveform-5000,5000,41,3,class,0,0,0,40,1,97.56097561,2.43902439,33.84,33.06,1692,1653,0.8994882,1.271115597,-0.025552,3.322468,-0.1964174932,0.03546827362,0.3320664133,1.584879205,1077,weka.REPTree,0.758788,Supervised Classification
60,waveform-5000,5000,41,3,class,0,0,0,40,1,97.56097561,2.43902439,33.84,33.06,1692,1653,0.8994882,1.271115597,-0.025552,3.322468,-0.1964174932,0.03546827362,0.3320664133,1.584879205,1078,weka.RandomTree,0.737576,Supervised Classification
60,waveform-5000,5000,41,3,class,0,0,0,40,1,97.56097561,2.43902439,33.84,33.06,1692,1653,0.8994882,1.271115597,-0.025552,3.322468,-0.1964174932,0.03546827362,0.3320664133,1.584879205,1080,weka.NBTree,0.769697,Supervised Classification
60,waveform-5000,5000,41,3,class,0,0,0,40,1,97.56097561,2.43902439,33.84,33.06,1692,1653,0.8994882,1.271115597,-0.025552,3.322468,-0.1964174932,0.03546827362,0.3320664133,1.584879205,1112,weka.LibLINEAR,0.866061,Supervised Classification
60,waveform-5000,5000,41,3,class,0,0,0,40,1,97.56097561,2.43902439,33.84,33.06,1692,1653,0.8994882,1.271115597,-0.025552,3.322468,-0.1964174932,0.03546827362,0.3320664133,1.584879205,1177,weka.SimpleLogistic,0.865455,Supervised Classification
60,waveform-5000,5000,41,3,class,0,0,0,40,1,97.56097561,2.43902439,33.84,33.06,1692,1653,0.8994882,1.271115597,-0.025552,3.322468,-0.1964174932,0.03546827362,0.3320664133,1.584879205,1178,weka.SMO_PolyKernel,0.867273,Supervised Classification
60,waveform-5000,5000,41,3,class,0,0,0,40,1,97.56097561,2.43902439,33.84,33.06,1692,1653,0.8994882,1.271115597,-0.025552,3.322468,-0.1964174932,0.03546827362,0.3320664133,1.584879205,1179,weka.SMO_RBFKernel,0.852121,Supervised Classification
60,waveform-5000,5000,41,3,class,0,0,0,40,1,97.56097561,2.43902439,33.84,33.06,1692,1653,0.8994882,1.271115597,-0.025552,3.322468,-0.1964174932,0.03546827362,0.3320664133,1.584879205,1105,weka.IBk,0.765455,Supervised Classification
60,waveform-5000,5000,41,3,class,0,0,0,40,1,97.56097561,2.43902439,33.84,33.06,1692,1653,0.8994882,1.271115597,-0.025552,3.322468,-0.1964174932,0.03546827362,0.3320664133,1.584879205,1105,weka.IBk,0.79697,Supervised Classification
60,waveform-5000,5000,41,3,class,0,0,0,40,1,97.56097561,2.43902439,33.84,33.06,1692,1653,0.8994882,1.271115597,-0.025552,3.322468,-0.1964174932,0.03546827362,0.3320664133,1.584879205,1182,weka.AdaBoostM1_DecisionStump,0.656364,Supervised Classification
60,waveform-5000,5000,41,3,class,0,0,0,40,1,97.56097561,2.43902439,33.84,33.06,1692,1653,0.8994882,1.271115597,-0.025552,3.322468,-0.1964174932,0.03546827362,0.3320664133,1.584879205,1182,weka.AdaBoostM1_DecisionStump,0.729091,Supervised Classification
60,waveform-5000,5000,41,3,class,0,0,0,40,1,97.56097561,2.43902439,33.84,33.06,1692,1653,0.8994882,1.271115597,-0.025552,3.322468,-0.1964174932,0.03546827362,0.3320664133,1.584879205,1183,weka.AttributeSelectedClassifier_CfsSubsetEval_BestFirst_J48,0.773939,Supervised Classification
60,waveform-5000,5000,41,3,class,0,0,0,40,1,97.56097561,2.43902439,33.84,33.06,1692,1653,0.8994882,1.271115597,-0.025552,3.322468,-0.1964174932,0.03546827362,0.3320664133,1.584879205,1185,weka.Bagging_REPTree,0.818788,Supervised Classification
60,waveform-5000,5000,41,3,class,0,0,0,40,1,97.56097561,2.43902439,33.84,33.06,1692,1653,0.8994882,1.271115597,-0.025552,3.322468,-0.1964174932,0.03546827362,0.3320664133,1.584879205,1185,weka.Bagging_REPTree,0.821212,Supervised Classification
60,waveform-5000,5000,41,3,class,0,0,0,40,1,97.56097561,2.43902439,33.84,33.06,1692,1653,0.8994882,1.271115597,-0.025552,3.322468,-0.1964174932,0.03546827362,0.3320664133,1.584879205,1191,weka.LogitBoost_DecisionStump,0.832121,Supervised Classification
60,waveform-5000,5000,41,3,class,0,0,0,40,1,97.56097561,2.43902439,33.84,33.06,1692,1653,0.8994882,1.271115597,-0.025552,3.322468,-0.1964174932,0.03546827362,0.3320664133,1.584879205,1191,weka.LogitBoost_DecisionStump,0.850909,Supervised Classification
60,waveform-5000,5000,41,3,class,0,0,0,40,1,97.56097561,2.43902439,33.84,33.06,1692,1653,0.8994882,1.271115597,-0.025552,3.322468,-0.1964174932,0.03546827362,0.3320664133,1.584879205,1194,weka.RandomSubSpace_REPTree,0.823636,Supervised Classification
60,waveform-5000,5000,41,3,class,0,0,0,40,1,97.56097561,2.43902439,33.84,33.06,1692,1653,0.8994882,1.271115597,-0.025552,3.322468,-0.1964174932,0.03546827362,0.3320664133,1.584879205,1194,weka.RandomSubSpace_REPTree,0.826667,Supervised Classification
60,waveform-5000,5000,41,3,class,0,0,0,40,1,97.56097561,2.43902439,33.84,33.06,1692,1653,0.8994882,1.271115597,-0.025552,3.322468,-0.1964174932,0.03546827362,0.3320664133,1.584879205,1197,weka.FURIA,0.819394,Supervised Classification
60,waveform-5000,5000,41,3,class,0,0,0,40,1,97.56097561,2.43902439,33.84,33.06,1692,1653,0.8994882,1.271115597,-0.025552,3.322468,-0.1964174932,0.03546827362,0.3320664133,1.584879205,1088,weka.FT,0.826061,Supervised Classification
60,waveform-5000,5000,41,3,class,0,0,0,40,1,97.56097561,2.43902439,33.84,33.06,1692,1653,0.8994882,1.271115597,-0.025552,3.322468,-0.1964174932,0.03546827362,0.3320664133,1.584879205,1090,weka.DecisionStump,0.561818,Supervised Classification
60,waveform-5000,5000,41,3,class,0,0,0,40,1,97.56097561,2.43902439,33.84,33.06,1692,1653,0.8994882,1.271115597,-0.025552,3.322468,-0.1964174932,0.03546827362,0.3320664133,1.584879205,1103,weka.VFI,0.570303,Supervised Classification
60,waveform-5000,5000,41,3,class,0,0,0,40,1,97.56097561,2.43902439,33.84,33.06,1692,1653,0.8994882,1.271115597,-0.025552,3.322468,-0.1964174932,0.03546827362,0.3320664133,1.584879205,1104,weka.IB1,0.713939,Supervised Classification
60,waveform-5000,5000,41,3,class,0,0,0,40,1,97.56097561,2.43902439,33.84,33.06,1692,1653,0.8994882,1.271115597,-0.025552,3.322468,-0.1964174932,0.03546827362,0.3320664133,1.584879205,1185,weka.Bagging_REPTree,0.810303,Supervised Classification
60,waveform-5000,5000,41,3,class,0,0,0,40,1,97.56097561,2.43902439,33.84,33.06,1692,1653,0.8994882,1.271115597,-0.025552,3.322468,-0.1964174932,0.03546827362,0.3320664133,1.584879205,1185,weka.Bagging_REPTree,0.824848,Supervised Classification
60,waveform-5000,5000,41,3,class,0,0,0,40,1,97.56097561,2.43902439,33.84,33.06,1692,1653,0.8994882,1.271115597,-0.025552,3.322468,-0.1964174932,0.03546827362,0.3320664133,1.584879205,1194,weka.RandomSubSpace_REPTree,0.836364,Supervised Classification
60,waveform-5000,5000,41,3,class,0,0,0,40,1,97.56097561,2.43902439,33.84,33.06,1692,1653,0.8994882,1.271115597,-0.025552,3.322468,-0.1964174932,0.03546827362,0.3320664133,1.584879205,1200,weka.LADTree,0.786061,Supervised Classification
60,waveform-5000,5000,41,3,class,0,0,0,40,1,97.56097561,2.43902439,33.84,33.06,1692,1653,0.8994882,1.271115597,-0.025552,3.322468,-0.1964174932,0.03546827362,0.3320664133,1.584879205,1084,weka.J48graft,0.753939,Supervised Classification
60,waveform-5000,5000,41,3,class,0,0,0,40,1,97.56097561,2.43902439,33.84,33.06,1692,1653,0.8994882,1.271115597,-0.025552,3.322468,-0.1964174932,0.03546827362,0.3320664133,1.584879205,1091,weka.BFTree,0.76303,Supervised Classification
60,waveform-5000,5000,41,3,class,0,0,0,40,1,97.56097561,2.43902439,33.84,33.06,1692,1653,0.8994882,1.271115597,-0.025552,3.322468,-0.1964174932,0.03546827362,0.3320664133,1.584879205,1094,weka.JRip,0.770303,Supervised Classification
60,waveform-5000,5000,41,3,class,0,0,0,40,1,97.56097561,2.43902439,33.84,33.06,1692,1653,0.8994882,1.271115597,-0.025552,3.322468,-0.1964174932,0.03546827362,0.3320664133,1.584879205,1096,weka.DecisionTable_BestFirst,0.707879,Supervised Classification
60,waveform-5000,5000,41,3,class,0,0,0,40,1,97.56097561,2.43902439,33.84,33.06,1692,1653,0.8994882,1.271115597,-0.025552,3.322468,-0.1964174932,0.03546827362,0.3320664133,1.584879205,1101,weka.InputMappedClassifier_ZeroR,0.334545,Supervised Classification
60,waveform-5000,5000,41,3,class,0,0,0,40,1,97.56097561,2.43902439,33.84,33.06,1692,1653,0.8994882,1.271115597,-0.025552,3.322468,-0.1964174932,0.03546827362,0.3320664133,1.584879205,1114,weka.Logistic,0.864848,Supervised Classification
60,waveform-5000,5000,41,3,class,0,0,0,40,1,97.56097561,2.43902439,33.84,33.06,1692,1653,0.8994882,1.271115597,-0.025552,3.322468,-0.1964174932,0.03546827362,0.3320664133,1.584879205,1117,weka.RBFClassifier,0.853333,Supervised Classification
60,waveform-5000,5000,41,3,class,0,0,0,40,1,97.56097561,2.43902439,33.84,33.06,1692,1653,0.8994882,1.271115597,-0.025552,3.322468,-0.1964174932,0.03546827362,0.3320664133,1.584879205,1154,weka.NaiveBayes,0.807879,Supervised Classification
60,waveform-5000,5000,41,3,class,0,0,0,40,1,97.56097561,2.43902439,33.84,33.06,1692,1653,0.8994882,1.271115597,-0.025552,3.322468,-0.1964174932,0.03546827362,0.3320664133,1.584879205,1244,weka.FilteredClassifier_Discretize_J48,0.732121,Supervised Classification
60,waveform-5000,5000,41,3,class,0,0,0,40,1,97.56097561,2.43902439,33.84,33.06,1692,1653,0.8994882,1.271115597,-0.025552,3.322468,-0.1964174932,0.03546827362,0.3320664133,1.584879205,1163,weka.FilteredClassifier_PrincipalComponents_J48,0.826667,Supervised Classification
60,waveform-5000,5000,41,3,class,0,0,0,40,1,97.56097561,2.43902439,33.84,33.06,1692,1653,0.8994882,1.271115597,-0.025552,3.322468,-0.1964174932,0.03546827362,0.3320664133,1.584879205,1185,weka.Bagging_REPTree,0.818182,Supervised Classification
60,waveform-5000,5000,41,3,class,0,0,0,40,1,97.56097561,2.43902439,33.84,33.06,1692,1653,0.8994882,1.271115597,-0.025552,3.322468,-0.1964174932,0.03546827362,0.3320664133,1.584879205,1191,weka.LogitBoost_DecisionStump,0.851515,Supervised Classification
60,waveform-5000,5000,41,3,class,0,0,0,40,1,97.56097561,2.43902439,33.84,33.06,1692,1653,0.8994882,1.271115597,-0.025552,3.322468,-0.1964174932,0.03546827362,0.3320664133,1.584879205,1191,weka.LogitBoost_DecisionStump,0.849091,Supervised Classification
60,waveform-5000,5000,41,3,class,0,0,0,40,1,97.56097561,2.43902439,33.84,33.06,1692,1653,0.8994882,1.271115597,-0.025552,3.322468,-0.1964174932,0.03546827362,0.3320664133,1.584879205,1194,weka.RandomSubSpace_REPTree,0.833333,Supervised Classification
60,waveform-5000,5000,41,3,class,0,0,0,40,1,97.56097561,2.43902439,33.84,33.06,1692,1653,0.8994882,1.271115597,-0.025552,3.322468,-0.1964174932,0.03546827362,0.3320664133,1.584879205,1098,weka.ConjunctiveRule,0.569697,Supervised Classification
60,waveform-5000,5000,41,3,class,0,0,0,40,1,97.56097561,2.43902439,33.84,33.06,1692,1653,0.8994882,1.271115597,-0.025552,3.322468,-0.1964174932,0.03546827362,0.3320664133,1.584879205,1099,weka.CHIRP,0.853333,Supervised Classification
60,waveform-5000,5000,41,3,class,0,0,0,40,1,97.56097561,2.43902439,33.84,33.06,1692,1653,0.8994882,1.271115597,-0.025552,3.322468,-0.1964174932,0.03546827362,0.3320664133,1.584879205,1100,weka.HyperPipes,0.472121,Supervised Classification
60,waveform-5000,5000,41,3,class,0,0,0,40,1,97.56097561,2.43902439,33.84,33.06,1692,1653,0.8994882,1.271115597,-0.025552,3.322468,-0.1964174932,0.03546827362,0.3320664133,1.584879205,1105,weka.IBk,0.713939,Supervised Classification
60,waveform-5000,5000,41,3,class,0,0,0,40,1,97.56097561,2.43902439,33.84,33.06,1692,1653,0.8994882,1.271115597,-0.025552,3.322468,-0.1964174932,0.03546827362,0.3320664133,1.584879205,1106,weka.KStar,0.724848,Supervised Classification
60,waveform-5000,5000,41,3,class,0,0,0,40,1,97.56097561,2.43902439,33.84,33.06,1692,1653,0.8994882,1.271115597,-0.025552,3.322468,-0.1964174932,0.03546827362,0.3320664133,1.584879205,1108,weka.LWL_DecisionStump,0.570303,Supervised Classification
60,waveform-5000,5000,41,3,class,0,0,0,40,1,97.56097561,2.43902439,33.84,33.06,1692,1653,0.8994882,1.271115597,-0.025552,3.322468,-0.1964174932,0.03546827362,0.3320664133,1.584879205,1168,weka.BayesNet_K2,0.80303,Supervised Classification
60,waveform-5000,5000,41,3,class,0,0,0,40,1,97.56097561,2.43902439,33.84,33.06,1692,1653,0.8994882,1.271115597,-0.025552,3.322468,-0.1964174932,0.03546827362,0.3320664133,1.584879205,1082,weka.LMT,0.865455,Supervised Classification
60,waveform-5000,5000,41,3,class,0,0,0,40,1,97.56097561,2.43902439,33.84,33.06,1692,1653,0.8994882,1.271115597,-0.025552,3.322468,-0.1964174932,0.03546827362,0.3320664133,1.584879205,1087,weka.HoeffdingTree,0.807879,Supervised Classification
60,waveform-5000,5000,41,3,class,0,0,0,40,1,97.56097561,2.43902439,33.84,33.06,1692,1653,0.8994882,1.271115597,-0.025552,3.322468,-0.1964174932,0.03546827362,0.3320664133,1.584879205,1075,weka.NNge,0.793939,Supervised Classification
60,waveform-5000,5000,41,3,class,0,0,0,40,1,97.56097561,2.43902439,33.84,33.06,1692,1653,0.8994882,1.271115597,-0.025552,3.322468,-0.1964174932,0.03546827362,0.3320664133,1.584879205,1079,weka.RandomForest,0.858788,Supervised Classification
60,waveform-5000,5000,41,3,class,0,0,0,40,1,97.56097561,2.43902439,33.84,33.06,1692,1653,0.8994882,1.271115597,-0.025552,3.322468,-0.1964174932,0.03546827362,0.3320664133,1.584879205,1191,weka.LogitBoost_DecisionStump,0.840606,Supervised Classification
60,waveform-5000,5000,41,3,class,0,0,0,40,1,97.56097561,2.43902439,33.84,33.06,1692,1653,0.8994882,1.271115597,-0.025552,3.322468,-0.1964174932,0.03546827362,0.3320664133,1.584879205,1194,weka.RandomSubSpace_REPTree,0.839394,Supervised Classification
60,waveform-5000,5000,41,3,class,0,0,0,40,1,97.56097561,2.43902439,33.84,33.06,1692,1653,0.8994882,1.271115597,-0.025552,3.322468,-0.1964174932,0.03546827362,0.3320664133,1.584879205,1089,weka.ExtraTree,0.666061,Supervised Classification
60,waveform-5000,5000,41,3,class,0,0,0,40,1,97.56097561,2.43902439,33.84,33.06,1692,1653,0.8994882,1.271115597,-0.025552,3.322468,-0.1964174932,0.03546827362,0.3320664133,1.584879205,1166,weka.A2DE,0.844242,Supervised Classification
60,waveform-5000,5000,41,3,class,0,0,0,40,1,97.56097561,2.43902439,33.84,33.06,1692,1653,0.8994882,1.271115597,-0.025552,3.322468,-0.1964174932,0.03546827362,0.3320664133,1.584879205,1186,weka.Dagging_DecisionStump,0.631515,Supervised Classification
60,waveform-5000,5000,41,3,class,0,0,0,40,1,97.56097561,2.43902439,33.84,33.06,1692,1653,0.8994882,1.271115597,-0.025552,3.322468,-0.1964174932,0.03546827362,0.3320664133,1.584879205,1187,weka.Decorate,0.813939,Supervised Classification
60,waveform-5000,5000,41,3,class,0,0,0,40,1,97.56097561,2.43902439,33.84,33.06,1692,1653,0.8994882,1.271115597,-0.025552,3.322468,-0.1964174932,0.03546827362,0.3320664133,1.584879205,1188,weka.END_ND_J48,0.775758,Supervised Classification
60,waveform-5000,5000,41,3,class,0,0,0,40,1,97.56097561,2.43902439,33.84,33.06,1692,1653,0.8994882,1.271115597,-0.025552,3.322468,-0.1964174932,0.03546827362,0.3320664133,1.584879205,1190,weka.Grading_ZeroR,0.334545,Supervised Classification
60,waveform-5000,5000,41,3,class,0,0,0,40,1,97.56097561,2.43902439,33.84,33.06,1692,1653,0.8994882,1.271115597,-0.025552,3.322468,-0.1964174932,0.03546827362,0.3320664133,1.584879205,1192,weka.MultiBoostAB_DecisionStump,0.569091,Supervised Classification
60,waveform-5000,5000,41,3,class,0,0,0,40,1,97.56097561,2.43902439,33.84,33.06,1692,1653,0.8994882,1.271115597,-0.025552,3.322468,-0.1964174932,0.03546827362,0.3320664133,1.584879205,1192,weka.MultiBoostAB_DecisionStump,0.620606,Supervised Classification
60,waveform-5000,5000,41,3,class,0,0,0,40,1,97.56097561,2.43902439,33.84,33.06,1692,1653,0.8994882,1.271115597,-0.025552,3.322468,-0.1964174932,0.03546827362,0.3320664133,1.584879205,1192,weka.MultiBoostAB_DecisionStump,0.686061,Supervised Classification
60,waveform-5000,5000,41,3,class,0,0,0,40,1,97.56097561,2.43902439,33.84,33.06,1692,1653,0.8994882,1.271115597,-0.025552,3.322468,-0.1964174932,0.03546827362,0.3320664133,1.584879205,1192,weka.MultiBoostAB_DecisionStump,0.729091,Supervised Classification
60,waveform-5000,5000,41,3,class,0,0,0,40,1,97.56097561,2.43902439,33.84,33.06,1692,1653,0.8994882,1.271115597,-0.025552,3.322468,-0.1964174932,0.03546827362,0.3320664133,1.584879205,1193,weka.RacedIncrementalLogitBoost_DecisionStump,0.791515,Supervised Classification
60,waveform-5000,5000,41,3,class,0,0,0,40,1,97.56097561,2.43902439,33.84,33.06,1692,1653,0.8994882,1.271115597,-0.025552,3.322468,-0.1964174932,0.03546827362,0.3320664133,1.584879205,1196,weka.RotationForest_PrincipalComponents_J48,0.827273,Supervised Classification
60,waveform-5000,5000,41,3,class,0,0,0,40,1,97.56097561,2.43902439,33.84,33.06,1692,1653,0.8994882,1.271115597,-0.025552,3.322468,-0.1964174932,0.03546827362,0.3320664133,1.584879205,1196,weka.RotationForest_PrincipalComponents_J48,0.861212,Supervised Classification
60,waveform-5000,5000,41,3,class,0,0,0,40,1,97.56097561,2.43902439,33.84,33.06,1692,1653,0.8994882,1.271115597,-0.025552,3.322468,-0.1964174932,0.03546827362,0.3320664133,1.584879205,1196,weka.RotationForest_PrincipalComponents_J48,0.859394,Supervised Classification
60,waveform-5000,5000,41,3,class,0,0,0,40,1,97.56097561,2.43902439,33.84,33.06,1692,1653,0.8994882,1.271115597,-0.025552,3.322468,-0.1964174932,0.03546827362,0.3320664133,1.584879205,1196,weka.RotationForest_PrincipalComponents_J48,0.871515,Supervised Classification
60,waveform-5000,5000,41,3,class,0,0,0,40,1,97.56097561,2.43902439,33.84,33.06,1692,1653,0.8994882,1.271115597,-0.025552,3.322468,-0.1964174932,0.03546827362,0.3320664133,1.584879205,1196,weka.RotationForest_PrincipalComponents_J48,0.867273,Supervised Classification
182,satimage,6430,37,6,class,0,0,0,36,1,97.2972973,2.702702703,23.81026439,9.720062208,1531,625,-0.000556088526,1.000021995,-0.0008629685848,-0.0001263297045,-0.1541168805,0.04046023385,0.187431949,2.483361876,1068,weka.J48,0.849128,Supervised Classification
182,satimage,6430,37,6,class,0,0,0,36,1,97.2972973,2.702702703,23.81026439,9.720062208,1531,625,-0.000556088526,1.000021995,-0.0008629685848,-0.0001263297045,-0.1541168805,0.04046023385,0.187431949,2.483361876,1069,weka.ZeroR,0.241396,Supervised Classification
182,satimage,6430,37,6,class,0,0,0,36,1,97.2972973,2.702702703,23.81026439,9.720062208,1531,625,-0.000556088526,1.000021995,-0.0008629685848,-0.0001263297045,-0.1541168805,0.04046023385,0.187431949,2.483361876,1070,weka.Ridor,0.848656,Supervised Classification
182,satimage,6430,37,6,class,0,0,0,36,1,97.2972973,2.702702703,23.81026439,9.720062208,1531,625,-0.000556088526,1.000021995,-0.0008629685848,-0.0001263297045,-0.1541168805,0.04046023385,0.187431949,2.483361876,1071,weka.OneR,0.588873,Supervised Classification
182,satimage,6430,37,6,class,0,0,0,36,1,97.2972973,2.702702703,23.81026439,9.720062208,1531,625,-0.000556088526,1.000021995,-0.0008629685848,-0.0001263297045,-0.1541168805,0.04046023385,0.187431949,2.483361876,1073,weka.PART,0.864686,Supervised Classification
182,satimage,6430,37,6,class,0,0,0,36,1,97.2972973,2.702702703,23.81026439,9.720062208,1531,625,-0.000556088526,1.000021995,-0.0008629685848,-0.0001263297045,-0.1541168805,0.04046023385,0.187431949,2.483361876,1074,weka.OLM,0.426686,Supervised Classification
182,satimage,6430,37,6,class,0,0,0,36,1,97.2972973,2.702702703,23.81026439,9.720062208,1531,625,-0.000556088526,1.000021995,-0.0008629685848,-0.0001263297045,-0.1541168805,0.04046023385,0.187431949,2.483361876,1168,weka.BayesNet_K2,0.823668,Supervised Classification
182,satimage,6430,37,6,class,0,0,0,36,1,97.2972973,2.702702703,23.81026439,9.720062208,1531,625,-0.000556088526,1.000021995,-0.0008629685848,-0.0001263297045,-0.1541168805,0.04046023385,0.187431949,2.483361876,1244,weka.FilteredClassifier_Discretize_J48,0.849599,Supervised Classification
182,satimage,6430,37,6,class,0,0,0,36,1,97.2972973,2.702702703,23.81026439,9.720062208,1531,625,-0.000556088526,1.000021995,-0.0008629685848,-0.0001263297045,-0.1541168805,0.04046023385,0.187431949,2.483361876,1155,weka.FilteredClassifier_Standardize_NaiveBayes,0.794437,Supervised Classification
182,satimage,6430,37,6,class,0,0,0,36,1,97.2972973,2.702702703,23.81026439,9.720062208,1531,625,-0.000556088526,1.000021995,-0.0008629685848,-0.0001263297045,-0.1541168805,0.04046023385,0.187431949,2.483361876,1160,weka.AttributeSelectedClassifier_PrincipalComponents_Ranker_J48,0.880245,Supervised Classification
182,satimage,6430,37,6,class,0,0,0,36,1,97.2972973,2.702702703,23.81026439,9.720062208,1531,625,-0.000556088526,1.000021995,-0.0008629685848,-0.0001263297045,-0.1541168805,0.04046023385,0.187431949,2.483361876,1165,weka.A1DE,0.882603,Supervised Classification
182,satimage,6430,37,6,class,0,0,0,36,1,97.2972973,2.702702703,23.81026439,9.720062208,1531,625,-0.000556088526,1.000021995,-0.0008629685848,-0.0001263297045,-0.1541168805,0.04046023385,0.187431949,2.483361876,523,weka.Bagging_J48,0.896747,Supervised Classification
182,satimage,6430,37,6,class,0,0,0,36,1,97.2972973,2.702702703,23.81026439,9.720062208,1531,625,-0.000556088526,1.000021995,-0.0008629685848,-0.0001263297045,-0.1541168805,0.04046023385,0.187431949,2.483361876,523,weka.Bagging_J48,0.90099,Supervised Classification
182,satimage,6430,37,6,class,0,0,0,36,1,97.2972973,2.702702703,23.81026439,9.720062208,1531,625,-0.000556088526,1.000021995,-0.0008629685848,-0.0001263297045,-0.1541168805,0.04046023385,0.187431949,2.483361876,523,weka.Bagging_J48,0.908534,Supervised Classification
182,satimage,6430,37,6,class,0,0,0,36,1,97.2972973,2.702702703,23.81026439,9.720062208,1531,625,-0.000556088526,1.000021995,-0.0008629685848,-0.0001263297045,-0.1541168805,0.04046023385,0.187431949,2.483361876,523,weka.Bagging_J48,0.908062,Supervised Classification
182,satimage,6430,37,6,class,0,0,0,36,1,97.2972973,2.702702703,23.81026439,9.720062208,1531,625,-0.000556088526,1.000021995,-0.0008629685848,-0.0001263297045,-0.1541168805,0.04046023385,0.187431949,2.483361876,524,weka.Bagging_JRip,0.903819,Supervised Classification
182,satimage,6430,37,6,class,0,0,0,36,1,97.2972973,2.702702703,23.81026439,9.720062208,1531,625,-0.000556088526,1.000021995,-0.0008629685848,-0.0001263297045,-0.1541168805,0.04046023385,0.187431949,2.483361876,524,weka.Bagging_JRip,0.90429,Supervised Classification
182,satimage,6430,37,6,class,0,0,0,36,1,97.2972973,2.702702703,23.81026439,9.720062208,1531,625,-0.000556088526,1.000021995,-0.0008629685848,-0.0001263297045,-0.1541168805,0.04046023385,0.187431949,2.483361876,527,weka.Bagging_LMT,0.906648,Supervised Classification
182,satimage,6430,37,6,class,0,0,0,36,1,97.2972973,2.702702703,23.81026439,9.720062208,1531,625,-0.000556088526,1.000021995,-0.0008629685848,-0.0001263297045,-0.1541168805,0.04046023385,0.187431949,2.483361876,527,weka.Bagging_LMT,0.901933,Supervised Classification
182,satimage,6430,37,6,class,0,0,0,36,1,97.2972973,2.702702703,23.81026439,9.720062208,1531,625,-0.000556088526,1.000021995,-0.0008629685848,-0.0001263297045,-0.1541168805,0.04046023385,0.187431949,2.483361876,527,weka.Bagging_LMT,0.897218,Supervised Classification
182,satimage,6430,37,6,class,0,0,0,36,1,97.2972973,2.702702703,23.81026439,9.720062208,1531,625,-0.000556088526,1.000021995,-0.0008629685848,-0.0001263297045,-0.1541168805,0.04046023385,0.187431949,2.483361876,527,weka.Bagging_LMT,0.896275,Supervised Classification
182,satimage,6430,37,6,class,0,0,0,36,1,97.2972973,2.702702703,23.81026439,9.720062208,1531,625,-0.000556088526,1.000021995,-0.0008629685848,-0.0001263297045,-0.1541168805,0.04046023385,0.187431949,2.483361876,528,weka.Bagging_LWL_DecisionStump,0.760019,Supervised Classification
182,satimage,6430,37,6,class,0,0,0,36,1,97.2972973,2.702702703,23.81026439,9.720062208,1531,625,-0.000556088526,1.000021995,-0.0008629685848,-0.0001263297045,-0.1541168805,0.04046023385,0.187431949,2.483361876,528,weka.Bagging_LWL_DecisionStump,0.756247,Supervised Classification
182,satimage,6430,37,6,class,0,0,0,36,1,97.2972973,2.702702703,23.81026439,9.720062208,1531,625,-0.000556088526,1.000021995,-0.0008629685848,-0.0001263297045,-0.1541168805,0.04046023385,0.187431949,2.483361876,528,weka.Bagging_LWL_DecisionStump,0.750589,Supervised Classification
182,satimage,6430,37,6,class,0,0,0,36,1,97.2972973,2.702702703,23.81026439,9.720062208,1531,625,-0.000556088526,1.000021995,-0.0008629685848,-0.0001263297045,-0.1541168805,0.04046023385,0.187431949,2.483361876,528,weka.Bagging_LWL_DecisionStump,0.751061,Supervised Classification
182,satimage,6430,37,6,class,0,0,0,36,1,97.2972973,2.702702703,23.81026439,9.720062208,1531,625,-0.000556088526,1.000021995,-0.0008629685848,-0.0001263297045,-0.1541168805,0.04046023385,0.187431949,2.483361876,529,weka.Bagging_MultilayerPerceptron,0.909948,Supervised Classification
182,satimage,6430,37,6,class,0,0,0,36,1,97.2972973,2.702702703,23.81026439,9.720062208,1531,625,-0.000556088526,1.000021995,-0.0008629685848,-0.0001263297045,-0.1541168805,0.04046023385,0.187431949,2.483361876,530,weka.Bagging_NaiveBayes,0.793494,Supervised Classification
182,satimage,6430,37,6,class,0,0,0,36,1,97.2972973,2.702702703,23.81026439,9.720062208,1531,625,-0.000556088526,1.000021995,-0.0008629685848,-0.0001263297045,-0.1541168805,0.04046023385,0.187431949,2.483361876,506,weka.RotationForest_PrincipalComponents_J48,0.897218,Supervised Classification
182,satimage,6430,37,6,class,0,0,0,36,1,97.2972973,2.702702703,23.81026439,9.720062208,1531,625,-0.000556088526,1.000021995,-0.0008629685848,-0.0001263297045,-0.1541168805,0.04046023385,0.187431949,2.483361876,531,weka.Bagging_OneR,0.588873,Supervised Classification
182,satimage,6430,37,6,class,0,0,0,36,1,97.2972973,2.702702703,23.81026439,9.720062208,1531,625,-0.000556088526,1.000021995,-0.0008629685848,-0.0001263297045,-0.1541168805,0.04046023385,0.187431949,2.483361876,531,weka.Bagging_OneR,0.589816,Supervised Classification
182,satimage,6430,37,6,class,0,0,0,36,1,97.2972973,2.702702703,23.81026439,9.720062208,1531,625,-0.000556088526,1.000021995,-0.0008629685848,-0.0001263297045,-0.1541168805,0.04046023385,0.187431949,2.483361876,531,weka.Bagging_OneR,0.593588,Supervised Classification
182,satimage,6430,37,6,class,0,0,0,36,1,97.2972973,2.702702703,23.81026439,9.720062208,1531,625,-0.000556088526,1.000021995,-0.0008629685848,-0.0001263297045,-0.1541168805,0.04046023385,0.187431949,2.483361876,532,weka.Bagging_RandomForest,0.91042,Supervised Classification
182,satimage,6430,37,6,class,0,0,0,36,1,97.2972973,2.702702703,23.81026439,9.720062208,1531,625,-0.000556088526,1.000021995,-0.0008629685848,-0.0001263297045,-0.1541168805,0.04046023385,0.187431949,2.483361876,532,weka.Bagging_RandomForest,0.911363,Supervised Classification
182,satimage,6430,37,6,class,0,0,0,36,1,97.2972973,2.702702703,23.81026439,9.720062208,1531,625,-0.000556088526,1.000021995,-0.0008629685848,-0.0001263297045,-0.1541168805,0.04046023385,0.187431949,2.483361876,533,weka.Bagging_RandomTree,0.908062,Supervised Classification
182,satimage,6430,37,6,class,0,0,0,36,1,97.2972973,2.702702703,23.81026439,9.720062208,1531,625,-0.000556088526,1.000021995,-0.0008629685848,-0.0001263297045,-0.1541168805,0.04046023385,0.187431949,2.483361876,533,weka.Bagging_RandomTree,0.909005,Supervised Classification
182,satimage,6430,37,6,class,0,0,0,36,1,97.2972973,2.702702703,23.81026439,9.720062208,1531,625,-0.000556088526,1.000021995,-0.0008629685848,-0.0001263297045,-0.1541168805,0.04046023385,0.187431949,2.483361876,533,weka.Bagging_RandomTree,0.905233,Supervised Classification
182,satimage,6430,37,6,class,0,0,0,36,1,97.2972973,2.702702703,23.81026439,9.720062208,1531,625,-0.000556088526,1.000021995,-0.0008629685848,-0.0001263297045,-0.1541168805,0.04046023385,0.187431949,2.483361876,533,weka.Bagging_RandomTree,0.899576,Supervised Classification
182,satimage,6430,37,6,class,0,0,0,36,1,97.2972973,2.702702703,23.81026439,9.720062208,1531,625,-0.000556088526,1.000021995,-0.0008629685848,-0.0001263297045,-0.1541168805,0.04046023385,0.187431949,2.483361876,378,weka.Bagging_REPTree,0.895332,Supervised Classification
182,satimage,6430,37,6,class,0,0,0,36,1,97.2972973,2.702702703,23.81026439,9.720062208,1531,625,-0.000556088526,1.000021995,-0.0008629685848,-0.0001263297045,-0.1541168805,0.04046023385,0.187431949,2.483361876,378,weka.Bagging_REPTree,0.893446,Supervised Classification
182,satimage,6430,37,6,class,0,0,0,36,1,97.2972973,2.702702703,23.81026439,9.720062208,1531,625,-0.000556088526,1.000021995,-0.0008629685848,-0.0001263297045,-0.1541168805,0.04046023385,0.187431949,2.483361876,378,weka.Bagging_REPTree,0.892032,Supervised Classification
182,satimage,6430,37,6,class,0,0,0,36,1,97.2972973,2.702702703,23.81026439,9.720062208,1531,625,-0.000556088526,1.000021995,-0.0008629685848,-0.0001263297045,-0.1541168805,0.04046023385,0.187431949,2.483361876,534,weka.Bagging_SMO_PolyKernel,0.870344,Supervised Classification
182,satimage,6430,37,6,class,0,0,0,36,1,97.2972973,2.702702703,23.81026439,9.720062208,1531,625,-0.000556088526,1.000021995,-0.0008629685848,-0.0001263297045,-0.1541168805,0.04046023385,0.187431949,2.483361876,534,weka.Bagging_SMO_PolyKernel,0.869873,Supervised Classification
182,satimage,6430,37,6,class,0,0,0,36,1,97.2972973,2.702702703,23.81026439,9.720062208,1531,625,-0.000556088526,1.000021995,-0.0008629685848,-0.0001263297045,-0.1541168805,0.04046023385,0.187431949,2.483361876,534,weka.Bagging_SMO_PolyKernel,0.872702,Supervised Classification
182,satimage,6430,37,6,class,0,0,0,36,1,97.2972973,2.702702703,23.81026439,9.720062208,1531,625,-0.000556088526,1.000021995,-0.0008629685848,-0.0001263297045,-0.1541168805,0.04046023385,0.187431949,2.483361876,534,weka.Bagging_SMO_PolyKernel,0.871287,Supervised Classification
182,satimage,6430,37,6,class,0,0,0,36,1,97.2972973,2.702702703,23.81026439,9.720062208,1531,625,-0.000556088526,1.000021995,-0.0008629685848,-0.0001263297045,-0.1541168805,0.04046023385,0.187431949,2.483361876,534,weka.Bagging_SMO_PolyKernel,0.871759,Supervised Classification
182,satimage,6430,37,6,class,0,0,0,36,1,97.2972973,2.702702703,23.81026439,9.720062208,1531,625,-0.000556088526,1.000021995,-0.0008629685848,-0.0001263297045,-0.1541168805,0.04046023385,0.187431949,2.483361876,563,weka.NaiveBayesUpdateable,0.792551,Supervised Classification
182,satimage,6430,37,6,class,0,0,0,36,1,97.2972973,2.702702703,23.81026439,9.720062208,1531,625,-0.000556088526,1.000021995,-0.0008629685848,-0.0001263297045,-0.1541168805,0.04046023385,0.187431949,2.483361876,364,weka.ZeroR,0.241396,Supervised Classification
182,satimage,6430,37,6,class,0,0,0,36,1,97.2972973,2.702702703,23.81026439,9.720062208,1531,625,-0.000556088526,1.000021995,-0.0008629685848,-0.0001263297045,-0.1541168805,0.04046023385,0.187431949,2.483361876,675,weka.J48,0.849128,Supervised Classification
182,satimage,6430,37,6,class,0,0,0,36,1,97.2972973,2.702702703,23.81026439,9.720062208,1531,625,-0.000556088526,1.000021995,-0.0008629685848,-0.0001263297045,-0.1541168805,0.04046023385,0.187431949,2.483361876,378,weka.Bagging_REPTree,0.880245,Supervised Classification
182,satimage,6430,37,6,class,0,0,0,36,1,97.2972973,2.702702703,23.81026439,9.720062208,1531,625,-0.000556088526,1.000021995,-0.0008629685848,-0.0001263297045,-0.1541168805,0.04046023385,0.187431949,2.483361876,677,weka.Logistic,0.862801,Supervised Classification
182,satimage,6430,37,6,class,0,0,0,36,1,97.2972973,2.702702703,23.81026439,9.720062208,1531,625,-0.000556088526,1.000021995,-0.0008629685848,-0.0001263297045,-0.1541168805,0.04046023385,0.187431949,2.483361876,385,weka.SMO_PolyKernel,0.873645,Supervised Classification
182,satimage,6430,37,6,class,0,0,0,36,1,97.2972973,2.702702703,23.81026439,9.720062208,1531,625,-0.000556088526,1.000021995,-0.0008629685848,-0.0001263297045,-0.1541168805,0.04046023385,0.187431949,2.483361876,387,weka.SMO_RBFKernel,0.834041,Supervised Classification
182,satimage,6430,37,6,class,0,0,0,36,1,97.2972973,2.702702703,23.81026439,9.720062208,1531,625,-0.000556088526,1.000021995,-0.0008629685848,-0.0001263297045,-0.1541168805,0.04046023385,0.187431949,2.483361876,389,weka.IBk,0.894389,Supervised Classification
182,satimage,6430,37,6,class,0,0,0,36,1,97.2972973,2.702702703,23.81026439,9.720062208,1531,625,-0.000556088526,1.000021995,-0.0008629685848,-0.0001263297045,-0.1541168805,0.04046023385,0.187431949,2.483361876,390,weka.JRip,0.857143,Supervised Classification
182,satimage,6430,37,6,class,0,0,0,36,1,97.2972973,2.702702703,23.81026439,9.720062208,1531,625,-0.000556088526,1.000021995,-0.0008629685848,-0.0001263297045,-0.1541168805,0.04046023385,0.187431949,2.483361876,391,weka.RandomForest,0.909477,Supervised Classification
182,satimage,6430,37,6,class,0,0,0,36,1,97.2972973,2.702702703,23.81026439,9.720062208,1531,625,-0.000556088526,1.000021995,-0.0008629685848,-0.0001263297045,-0.1541168805,0.04046023385,0.187431949,2.483361876,398,weka.AdaBoostM1_BFTree,0.91702,Supervised Classification
182,satimage,6430,37,6,class,0,0,0,36,1,97.2972973,2.702702703,23.81026439,9.720062208,1531,625,-0.000556088526,1.000021995,-0.0008629685848,-0.0001263297045,-0.1541168805,0.04046023385,0.187431949,2.483361876,376,weka.AdaBoostM1_DecisionStump,0.440358,Supervised Classification
182,satimage,6430,37,6,class,0,0,0,36,1,97.2972973,2.702702703,23.81026439,9.720062208,1531,625,-0.000556088526,1.000021995,-0.0008629685848,-0.0001263297045,-0.1541168805,0.04046023385,0.187431949,2.483361876,404,weka.AdaBoostM1_IBk,0.894389,Supervised Classification
182,satimage,6430,37,6,class,0,0,0,36,1,97.2972973,2.702702703,23.81026439,9.720062208,1531,625,-0.000556088526,1.000021995,-0.0008629685848,-0.0001263297045,-0.1541168805,0.04046023385,0.187431949,2.483361876,405,weka.AdaBoostM1_J48,0.921264,Supervised Classification
182,satimage,6430,37,6,class,0,0,0,36,1,97.2972973,2.702702703,23.81026439,9.720062208,1531,625,-0.000556088526,1.000021995,-0.0008629685848,-0.0001263297045,-0.1541168805,0.04046023385,0.187431949,2.483361876,405,weka.AdaBoostM1_J48,0.918906,Supervised Classification
182,satimage,6430,37,6,class,0,0,0,36,1,97.2972973,2.702702703,23.81026439,9.720062208,1531,625,-0.000556088526,1.000021995,-0.0008629685848,-0.0001263297045,-0.1541168805,0.04046023385,0.187431949,2.483361876,405,weka.AdaBoostM1_J48,0.913248,Supervised Classification
182,satimage,6430,37,6,class,0,0,0,36,1,97.2972973,2.702702703,23.81026439,9.720062208,1531,625,-0.000556088526,1.000021995,-0.0008629685848,-0.0001263297045,-0.1541168805,0.04046023385,0.187431949,2.483361876,405,weka.AdaBoostM1_J48,0.912306,Supervised Classification
182,satimage,6430,37,6,class,0,0,0,36,1,97.2972973,2.702702703,23.81026439,9.720062208,1531,625,-0.000556088526,1.000021995,-0.0008629685848,-0.0001263297045,-0.1541168805,0.04046023385,0.187431949,2.483361876,405,weka.AdaBoostM1_J48,0.90429,Supervised Classification
182,satimage,6430,37,6,class,0,0,0,36,1,97.2972973,2.702702703,23.81026439,9.720062208,1531,625,-0.000556088526,1.000021995,-0.0008629685848,-0.0001263297045,-0.1541168805,0.04046023385,0.187431949,2.483361876,406,weka.AdaBoostM1_JRip,0.884488,Supervised Classification
182,satimage,6430,37,6,class,0,0,0,36,1,97.2972973,2.702702703,23.81026439,9.720062208,1531,625,-0.000556088526,1.000021995,-0.0008629685848,-0.0001263297045,-0.1541168805,0.04046023385,0.187431949,2.483361876,406,weka.AdaBoostM1_JRip,0.892032,Supervised Classification
182,satimage,6430,37,6,class,0,0,0,36,1,97.2972973,2.702702703,23.81026439,9.720062208,1531,625,-0.000556088526,1.000021995,-0.0008629685848,-0.0001263297045,-0.1541168805,0.04046023385,0.187431949,2.483361876,406,weka.AdaBoostM1_JRip,0.892504,Supervised Classification
182,satimage,6430,37,6,class,0,0,0,36,1,97.2972973,2.702702703,23.81026439,9.720062208,1531,625,-0.000556088526,1.000021995,-0.0008629685848,-0.0001263297045,-0.1541168805,0.04046023385,0.187431949,2.483361876,407,weka.AdaBoostM1_LADTree,0.853371,Supervised Classification
182,satimage,6430,37,6,class,0,0,0,36,1,97.2972973,2.702702703,23.81026439,9.720062208,1531,625,-0.000556088526,1.000021995,-0.0008629685848,-0.0001263297045,-0.1541168805,0.04046023385,0.187431949,2.483361876,411,weka.AdaBoostM1_LMT,0.891561,Supervised Classification
182,satimage,6430,37,6,class,0,0,0,36,1,97.2972973,2.702702703,23.81026439,9.720062208,1531,625,-0.000556088526,1.000021995,-0.0008629685848,-0.0001263297045,-0.1541168805,0.04046023385,0.187431949,2.483361876,411,weka.AdaBoostM1_LMT,0.899576,Supervised Classification
182,satimage,6430,37,6,class,0,0,0,36,1,97.2972973,2.702702703,23.81026439,9.720062208,1531,625,-0.000556088526,1.000021995,-0.0008629685848,-0.0001263297045,-0.1541168805,0.04046023385,0.187431949,2.483361876,411,weka.AdaBoostM1_LMT,0.908062,Supervised Classification
182,satimage,6430,37,6,class,0,0,0,36,1,97.2972973,2.702702703,23.81026439,9.720062208,1531,625,-0.000556088526,1.000021995,-0.0008629685848,-0.0001263297045,-0.1541168805,0.04046023385,0.187431949,2.483361876,411,weka.AdaBoostM1_LMT,0.913248,Supervised Classification
182,satimage,6430,37,6,class,0,0,0,36,1,97.2972973,2.702702703,23.81026439,9.720062208,1531,625,-0.000556088526,1.000021995,-0.0008629685848,-0.0001263297045,-0.1541168805,0.04046023385,0.187431949,2.483361876,413,weka.AdaBoostM1_LWL_DecisionStump,0.809995,Supervised Classification
182,satimage,6430,37,6,class,0,0,0,36,1,97.2972973,2.702702703,23.81026439,9.720062208,1531,625,-0.000556088526,1.000021995,-0.0008629685848,-0.0001263297045,-0.1541168805,0.04046023385,0.187431949,2.483361876,417,weka.AdaBoostM1_NaiveBayes,0.792551,Supervised Classification
182,satimage,6430,37,6,class,0,0,0,36,1,97.2972973,2.702702703,23.81026439,9.720062208,1531,625,-0.000556088526,1.000021995,-0.0008629685848,-0.0001263297045,-0.1541168805,0.04046023385,0.187431949,2.483361876,418,weka.AdaBoostM1_OneR,0.647808,Supervised Classification
182,satimage,6430,37,6,class,0,0,0,36,1,97.2972973,2.702702703,23.81026439,9.720062208,1531,625,-0.000556088526,1.000021995,-0.0008629685848,-0.0001263297045,-0.1541168805,0.04046023385,0.187431949,2.483361876,418,weka.AdaBoostM1_OneR,0.655823,Supervised Classification
182,satimage,6430,37,6,class,0,0,0,36,1,97.2972973,2.702702703,23.81026439,9.720062208,1531,625,-0.000556088526,1.000021995,-0.0008629685848,-0.0001263297045,-0.1541168805,0.04046023385,0.187431949,2.483361876,419,weka.AdaBoostM1_RandomForest,0.911363,Supervised Classification
182,satimage,6430,37,6,class,0,0,0,36,1,97.2972973,2.702702703,23.81026439,9.720062208,1531,625,-0.000556088526,1.000021995,-0.0008629685848,-0.0001263297045,-0.1541168805,0.04046023385,0.187431949,2.483361876,420,weka.AdaBoostM1_RandomTree,0.851014,Supervised Classification
182,satimage,6430,37,6,class,0,0,0,36,1,97.2972973,2.702702703,23.81026439,9.720062208,1531,625,-0.000556088526,1.000021995,-0.0008629685848,-0.0001263297045,-0.1541168805,0.04046023385,0.187431949,2.483361876,422,weka.AdaBoostM1_REPTree,0.917492,Supervised Classification
182,satimage,6430,37,6,class,0,0,0,36,1,97.2972973,2.702702703,23.81026439,9.720062208,1531,625,-0.000556088526,1.000021995,-0.0008629685848,-0.0001263297045,-0.1541168805,0.04046023385,0.187431949,2.483361876,422,weka.AdaBoostM1_REPTree,0.915134,Supervised Classification
182,satimage,6430,37,6,class,0,0,0,36,1,97.2972973,2.702702703,23.81026439,9.720062208,1531,625,-0.000556088526,1.000021995,-0.0008629685848,-0.0001263297045,-0.1541168805,0.04046023385,0.187431949,2.483361876,422,weka.AdaBoostM1_REPTree,0.911363,Supervised Classification
182,satimage,6430,37,6,class,0,0,0,36,1,97.2972973,2.702702703,23.81026439,9.720062208,1531,625,-0.000556088526,1.000021995,-0.0008629685848,-0.0001263297045,-0.1541168805,0.04046023385,0.187431949,2.483361876,422,weka.AdaBoostM1_REPTree,0.894861,Supervised Classification
182,satimage,6430,37,6,class,0,0,0,36,1,97.2972973,2.702702703,23.81026439,9.720062208,1531,625,-0.000556088526,1.000021995,-0.0008629685848,-0.0001263297045,-0.1541168805,0.04046023385,0.187431949,2.483361876,423,weka.AdaBoostM1_SMO_PolyKernel,0.873645,Supervised Classification
182,satimage,6430,37,6,class,0,0,0,36,1,97.2972973,2.702702703,23.81026439,9.720062208,1531,625,-0.000556088526,1.000021995,-0.0008629685848,-0.0001263297045,-0.1541168805,0.04046023385,0.187431949,2.483361876,1075,weka.NNge,0.884017,Supervised Classification
182,satimage,6430,37,6,class,0,0,0,36,1,97.2972973,2.702702703,23.81026439,9.720062208,1531,625,-0.000556088526,1.000021995,-0.0008629685848,-0.0001263297045,-0.1541168805,0.04046023385,0.187431949,2.483361876,1076,weka.SimpleCart,0.858557,Supervised Classification
182,satimage,6430,37,6,class,0,0,0,36,1,97.2972973,2.702702703,23.81026439,9.720062208,1531,625,-0.000556088526,1.000021995,-0.0008629685848,-0.0001263297045,-0.1541168805,0.04046023385,0.187431949,2.483361876,1077,weka.REPTree,0.871759,Supervised Classification
182,satimage,6430,37,6,class,0,0,0,36,1,97.2972973,2.702702703,23.81026439,9.720062208,1531,625,-0.000556088526,1.000021995,-0.0008629685848,-0.0001263297045,-0.1541168805,0.04046023385,0.187431949,2.483361876,1078,weka.RandomTree,0.842056,Supervised Classification
182,satimage,6430,37,6,class,0,0,0,36,1,97.2972973,2.702702703,23.81026439,9.720062208,1531,625,-0.000556088526,1.000021995,-0.0008629685848,-0.0001263297045,-0.1541168805,0.04046023385,0.187431949,2.483361876,1079,weka.RandomForest,0.909477,Supervised Classification
182,satimage,6430,37,6,class,0,0,0,36,1,97.2972973,2.702702703,23.81026439,9.720062208,1531,625,-0.000556088526,1.000021995,-0.0008629685848,-0.0001263297045,-0.1541168805,0.04046023385,0.187431949,2.483361876,1080,weka.NBTree,0.854785,Supervised Classification
182,satimage,6430,37,6,class,0,0,0,36,1,97.2972973,2.702702703,23.81026439,9.720062208,1531,625,-0.000556088526,1.000021995,-0.0008629685848,-0.0001263297045,-0.1541168805,0.04046023385,0.187431949,2.483361876,1112,weka.LibLINEAR,0.840641,Supervised Classification
182,satimage,6430,37,6,class,0,0,0,36,1,97.2972973,2.702702703,23.81026439,9.720062208,1531,625,-0.000556088526,1.000021995,-0.0008629685848,-0.0001263297045,-0.1541168805,0.04046023385,0.187431949,2.483361876,1177,weka.SimpleLogistic,0.864686,Supervised Classification
182,satimage,6430,37,6,class,0,0,0,36,1,97.2972973,2.702702703,23.81026439,9.720062208,1531,625,-0.000556088526,1.000021995,-0.0008629685848,-0.0001263297045,-0.1541168805,0.04046023385,0.187431949,2.483361876,1178,weka.SMO_PolyKernel,0.873645,Supervised Classification
182,satimage,6430,37,6,class,0,0,0,36,1,97.2972973,2.702702703,23.81026439,9.720062208,1531,625,-0.000556088526,1.000021995,-0.0008629685848,-0.0001263297045,-0.1541168805,0.04046023385,0.187431949,2.483361876,1179,weka.SMO_RBFKernel,0.834983,Supervised Classification
182,satimage,6430,37,6,class,0,0,0,36,1,97.2972973,2.702702703,23.81026439,9.720062208,1531,625,-0.000556088526,1.000021995,-0.0008629685848,-0.0001263297045,-0.1541168805,0.04046023385,0.187431949,2.483361876,1105,weka.IBk,0.891089,Supervised Classification
182,satimage,6430,37,6,class,0,0,0,36,1,97.2972973,2.702702703,23.81026439,9.720062208,1531,625,-0.000556088526,1.000021995,-0.0008629685848,-0.0001263297045,-0.1541168805,0.04046023385,0.187431949,2.483361876,1105,weka.IBk,0.899104,Supervised Classification
182,satimage,6430,37,6,class,0,0,0,36,1,97.2972973,2.702702703,23.81026439,9.720062208,1531,625,-0.000556088526,1.000021995,-0.0008629685848,-0.0001263297045,-0.1541168805,0.04046023385,0.187431949,2.483361876,1182,weka.AdaBoostM1_DecisionStump,0.440358,Supervised Classification
182,satimage,6430,37,6,class,0,0,0,36,1,97.2972973,2.702702703,23.81026439,9.720062208,1531,625,-0.000556088526,1.000021995,-0.0008629685848,-0.0001263297045,-0.1541168805,0.04046023385,0.187431949,2.483361876,1183,weka.AttributeSelectedClassifier_CfsSubsetEval_BestFirst_J48,0.850071,Supervised Classification
182,satimage,6430,37,6,class,0,0,0,36,1,97.2972973,2.702702703,23.81026439,9.720062208,1531,625,-0.000556088526,1.000021995,-0.0008629685848,-0.0001263297045,-0.1541168805,0.04046023385,0.187431949,2.483361876,1185,weka.Bagging_REPTree,0.880245,Supervised Classification
182,satimage,6430,37,6,class,0,0,0,36,1,97.2972973,2.702702703,23.81026439,9.720062208,1531,625,-0.000556088526,1.000021995,-0.0008629685848,-0.0001263297045,-0.1541168805,0.04046023385,0.187431949,2.483361876,1185,weka.Bagging_REPTree,0.893446,Supervised Classification
182,satimage,6430,37,6,class,0,0,0,36,1,97.2972973,2.702702703,23.81026439,9.720062208,1531,625,-0.000556088526,1.000021995,-0.0008629685848,-0.0001263297045,-0.1541168805,0.04046023385,0.187431949,2.483361876,1191,weka.LogitBoost_DecisionStump,0.863744,Supervised Classification
182,satimage,6430,37,6,class,0,0,0,36,1,97.2972973,2.702702703,23.81026439,9.720062208,1531,625,-0.000556088526,1.000021995,-0.0008629685848,-0.0001263297045,-0.1541168805,0.04046023385,0.187431949,2.483361876,1191,weka.LogitBoost_DecisionStump,0.882131,Supervised Classification
182,satimage,6430,37,6,class,0,0,0,36,1,97.2972973,2.702702703,23.81026439,9.720062208,1531,625,-0.000556088526,1.000021995,-0.0008629685848,-0.0001263297045,-0.1541168805,0.04046023385,0.187431949,2.483361876,1194,weka.RandomSubSpace_REPTree,0.895804,Supervised Classification
182,satimage,6430,37,6,class,0,0,0,36,1,97.2972973,2.702702703,23.81026439,9.720062208,1531,625,-0.000556088526,1.000021995,-0.0008629685848,-0.0001263297045,-0.1541168805,0.04046023385,0.187431949,2.483361876,1194,weka.RandomSubSpace_REPTree,0.89769,Supervised Classification
182,satimage,6430,37,6,class,0,0,0,36,1,97.2972973,2.702702703,23.81026439,9.720062208,1531,625,-0.000556088526,1.000021995,-0.0008629685848,-0.0001263297045,-0.1541168805,0.04046023385,0.187431949,2.483361876,1194,weka.RandomSubSpace_REPTree,0.894389,Supervised Classification
182,satimage,6430,37,6,class,0,0,0,36,1,97.2972973,2.702702703,23.81026439,9.720062208,1531,625,-0.000556088526,1.000021995,-0.0008629685848,-0.0001263297045,-0.1541168805,0.04046023385,0.187431949,2.483361876,1197,weka.FURIA,0.883074,Supervised Classification
182,satimage,6430,37,6,class,0,0,0,36,1,97.2972973,2.702702703,23.81026439,9.720062208,1531,625,-0.000556088526,1.000021995,-0.0008629685848,-0.0001263297045,-0.1541168805,0.04046023385,0.187431949,2.483361876,1089,weka.ExtraTree,0.826497,Supervised Classification
182,satimage,6430,37,6,class,0,0,0,36,1,97.2972973,2.702702703,23.81026439,9.720062208,1531,625,-0.000556088526,1.000021995,-0.0008629685848,-0.0001263297045,-0.1541168805,0.04046023385,0.187431949,2.483361876,1090,weka.DecisionStump,0.440358,Supervised Classification
182,satimage,6430,37,6,class,0,0,0,36,1,97.2972973,2.702702703,23.81026439,9.720062208,1531,625,-0.000556088526,1.000021995,-0.0008629685848,-0.0001263297045,-0.1541168805,0.04046023385,0.187431949,2.483361876,1096,weka.DecisionTable_BestFirst,0.817539,Supervised Classification
182,satimage,6430,37,6,class,0,0,0,36,1,97.2972973,2.702702703,23.81026439,9.720062208,1531,625,-0.000556088526,1.000021995,-0.0008629685848,-0.0001263297045,-0.1541168805,0.04046023385,0.187431949,2.483361876,1101,weka.InputMappedClassifier_ZeroR,0.241396,Supervised Classification
182,satimage,6430,37,6,class,0,0,0,36,1,97.2972973,2.702702703,23.81026439,9.720062208,1531,625,-0.000556088526,1.000021995,-0.0008629685848,-0.0001263297045,-0.1541168805,0.04046023385,0.187431949,2.483361876,1103,weka.VFI,0.716643,Supervised Classification
182,satimage,6430,37,6,class,0,0,0,36,1,97.2972973,2.702702703,23.81026439,9.720062208,1531,625,-0.000556088526,1.000021995,-0.0008629685848,-0.0001263297045,-0.1541168805,0.04046023385,0.187431949,2.483361876,1104,weka.IB1,0.894389,Supervised Classification
182,satimage,6430,37,6,class,0,0,0,36,1,97.2972973,2.702702703,23.81026439,9.720062208,1531,625,-0.000556088526,1.000021995,-0.0008629685848,-0.0001263297045,-0.1541168805,0.04046023385,0.187431949,2.483361876,1185,weka.Bagging_REPTree,0.890146,Supervised Classification
182,satimage,6430,37,6,class,0,0,0,36,1,97.2972973,2.702702703,23.81026439,9.720062208,1531,625,-0.000556088526,1.000021995,-0.0008629685848,-0.0001263297045,-0.1541168805,0.04046023385,0.187431949,2.483361876,1185,weka.Bagging_REPTree,0.895332,Supervised Classification
182,satimage,6430,37,6,class,0,0,0,36,1,97.2972973,2.702702703,23.81026439,9.720062208,1531,625,-0.000556088526,1.000021995,-0.0008629685848,-0.0001263297045,-0.1541168805,0.04046023385,0.187431949,2.483361876,1185,weka.Bagging_REPTree,0.892032,Supervised Classification
182,satimage,6430,37,6,class,0,0,0,36,1,97.2972973,2.702702703,23.81026439,9.720062208,1531,625,-0.000556088526,1.000021995,-0.0008629685848,-0.0001263297045,-0.1541168805,0.04046023385,0.187431949,2.483361876,1191,weka.LogitBoost_DecisionStump,0.875059,Supervised Classification
182,satimage,6430,37,6,class,0,0,0,36,1,97.2972973,2.702702703,23.81026439,9.720062208,1531,625,-0.000556088526,1.000021995,-0.0008629685848,-0.0001263297045,-0.1541168805,0.04046023385,0.187431949,2.483361876,1191,weka.LogitBoost_DecisionStump,0.894389,Supervised Classification
182,satimage,6430,37,6,class,0,0,0,36,1,97.2972973,2.702702703,23.81026439,9.720062208,1531,625,-0.000556088526,1.000021995,-0.0008629685848,-0.0001263297045,-0.1541168805,0.04046023385,0.187431949,2.483361876,1200,weka.LADTree,0.817539,Supervised Classification
182,satimage,6430,37,6,class,0,0,0,36,1,97.2972973,2.702702703,23.81026439,9.720062208,1531,625,-0.000556088526,1.000021995,-0.0008629685848,-0.0001263297045,-0.1541168805,0.04046023385,0.187431949,2.483361876,1084,weka.J48graft,0.857614,Supervised Classification
182,satimage,6430,37,6,class,0,0,0,36,1,97.2972973,2.702702703,23.81026439,9.720062208,1531,625,-0.000556088526,1.000021995,-0.0008629685848,-0.0001263297045,-0.1541168805,0.04046023385,0.187431949,2.483361876,1087,weka.HoeffdingTree,0.79538,Supervised Classification
182,satimage,6430,37,6,class,0,0,0,36,1,97.2972973,2.702702703,23.81026439,9.720062208,1531,625,-0.000556088526,1.000021995,-0.0008629685848,-0.0001263297045,-0.1541168805,0.04046023385,0.187431949,2.483361876,1088,weka.FT,0.876473,Supervised Classification
182,satimage,6430,37,6,class,0,0,0,36,1,97.2972973,2.702702703,23.81026439,9.720062208,1531,625,-0.000556088526,1.000021995,-0.0008629685848,-0.0001263297045,-0.1541168805,0.04046023385,0.187431949,2.483361876,1114,weka.Logistic,0.862801,Supervised Classification
182,satimage,6430,37,6,class,0,0,0,36,1,97.2972973,2.702702703,23.81026439,9.720062208,1531,625,-0.000556088526,1.000021995,-0.0008629685848,-0.0001263297045,-0.1541168805,0.04046023385,0.187431949,2.483361876,1117,weka.RBFClassifier,0.722301,Supervised Classification
182,satimage,6430,37,6,class,0,0,0,36,1,97.2972973,2.702702703,23.81026439,9.720062208,1531,625,-0.000556088526,1.000021995,-0.0008629685848,-0.0001263297045,-0.1541168805,0.04046023385,0.187431949,2.483361876,1154,weka.NaiveBayes,0.792551,Supervised Classification
182,satimage,6430,37,6,class,0,0,0,36,1,97.2972973,2.702702703,23.81026439,9.720062208,1531,625,-0.000556088526,1.000021995,-0.0008629685848,-0.0001263297045,-0.1541168805,0.04046023385,0.187431949,2.483361876,1163,weka.FilteredClassifier_PrincipalComponents_J48,0.880245,Supervised Classification
182,satimage,6430,37,6,class,0,0,0,36,1,97.2972973,2.702702703,23.81026439,9.720062208,1531,625,-0.000556088526,1.000021995,-0.0008629685848,-0.0001263297045,-0.1541168805,0.04046023385,0.187431949,2.483361876,1191,weka.LogitBoost_DecisionStump,0.889203,Supervised Classification
182,satimage,6430,37,6,class,0,0,0,36,1,97.2972973,2.702702703,23.81026439,9.720062208,1531,625,-0.000556088526,1.000021995,-0.0008629685848,-0.0001263297045,-0.1541168805,0.04046023385,0.187431949,2.483361876,1091,weka.BFTree,0.858557,Supervised Classification
182,satimage,6430,37,6,class,0,0,0,36,1,97.2972973,2.702702703,23.81026439,9.720062208,1531,625,-0.000556088526,1.000021995,-0.0008629685848,-0.0001263297045,-0.1541168805,0.04046023385,0.187431949,2.483361876,1094,weka.JRip,0.857143,Supervised Classification
182,satimage,6430,37,6,class,0,0,0,36,1,97.2972973,2.702702703,23.81026439,9.720062208,1531,625,-0.000556088526,1.000021995,-0.0008629685848,-0.0001263297045,-0.1541168805,0.04046023385,0.187431949,2.483361876,1098,weka.ConjunctiveRule,0.440358,Supervised Classification
182,satimage,6430,37,6,class,0,0,0,36,1,97.2972973,2.702702703,23.81026439,9.720062208,1531,625,-0.000556088526,1.000021995,-0.0008629685848,-0.0001263297045,-0.1541168805,0.04046023385,0.187431949,2.483361876,1099,weka.CHIRP,0.884488,Supervised Classification
182,satimage,6430,37,6,class,0,0,0,36,1,97.2972973,2.702702703,23.81026439,9.720062208,1531,625,-0.000556088526,1.000021995,-0.0008629685848,-0.0001263297045,-0.1541168805,0.04046023385,0.187431949,2.483361876,1100,weka.HyperPipes,0.506836,Supervised Classification
182,satimage,6430,37,6,class,0,0,0,36,1,97.2972973,2.702702703,23.81026439,9.720062208,1531,625,-0.000556088526,1.000021995,-0.0008629685848,-0.0001263297045,-0.1541168805,0.04046023385,0.187431949,2.483361876,1105,weka.IBk,0.894389,Supervised Classification
182,satimage,6430,37,6,class,0,0,0,36,1,97.2972973,2.702702703,23.81026439,9.720062208,1531,625,-0.000556088526,1.000021995,-0.0008629685848,-0.0001263297045,-0.1541168805,0.04046023385,0.187431949,2.483361876,1106,weka.KStar,0.900047,Supervised Classification
182,satimage,6430,37,6,class,0,0,0,36,1,97.2972973,2.702702703,23.81026439,9.720062208,1531,625,-0.000556088526,1.000021995,-0.0008629685848,-0.0001263297045,-0.1541168805,0.04046023385,0.187431949,2.483361876,1172,weka.LibSVM,0.900519,Supervised Classification
182,satimage,6430,37,6,class,0,0,0,36,1,97.2972973,2.702702703,23.81026439,9.720062208,1531,625,-0.000556088526,1.000021995,-0.0008629685848,-0.0001263297045,-0.1541168805,0.04046023385,0.187431949,2.483361876,1194,weka.RandomSubSpace_REPTree,0.896747,Supervised Classification
182,satimage,6430,37,6,class,0,0,0,36,1,97.2972973,2.702702703,23.81026439,9.720062208,1531,625,-0.000556088526,1.000021995,-0.0008629685848,-0.0001263297045,-0.1541168805,0.04046023385,0.187431949,2.483361876,1112,weka.LibLINEAR,0.841113,Supervised Classification
182,satimage,6430,37,6,class,0,0,0,36,1,97.2972973,2.702702703,23.81026439,9.720062208,1531,625,-0.000556088526,1.000021995,-0.0008629685848,-0.0001263297045,-0.1541168805,0.04046023385,0.187431949,2.483361876,1082,weka.LMT,0.878831,Supervised Classification
182,satimage,6430,37,6,class,0,0,0,36,1,97.2972973,2.702702703,23.81026439,9.720062208,1531,625,-0.000556088526,1.000021995,-0.0008629685848,-0.0001263297045,-0.1541168805,0.04046023385,0.187431949,2.483361876,1108,weka.LWL_DecisionStump,0.753418,Supervised Classification
182,satimage,6430,37,6,class,0,0,0,36,1,97.2972973,2.702702703,23.81026439,9.720062208,1531,625,-0.000556088526,1.000021995,-0.0008629685848,-0.0001263297045,-0.1541168805,0.04046023385,0.187431949,2.483361876,1186,weka.Dagging_DecisionStump,0.457803,Supervised Classification
182,satimage,6430,37,6,class,0,0,0,36,1,97.2972973,2.702702703,23.81026439,9.720062208,1531,625,-0.000556088526,1.000021995,-0.0008629685848,-0.0001263297045,-0.1541168805,0.04046023385,0.187431949,2.483361876,1187,weka.Decorate,0.898161,Supervised Classification
182,satimage,6430,37,6,class,0,0,0,36,1,97.2972973,2.702702703,23.81026439,9.720062208,1531,625,-0.000556088526,1.000021995,-0.0008629685848,-0.0001263297045,-0.1541168805,0.04046023385,0.187431949,2.483361876,1188,weka.END_ND_J48,0.895804,Supervised Classification
182,satimage,6430,37,6,class,0,0,0,36,1,97.2972973,2.702702703,23.81026439,9.720062208,1531,625,-0.000556088526,1.000021995,-0.0008629685848,-0.0001263297045,-0.1541168805,0.04046023385,0.187431949,2.483361876,1190,weka.Grading_ZeroR,0.241396,Supervised Classification
182,satimage,6430,37,6,class,0,0,0,36,1,97.2972973,2.702702703,23.81026439,9.720062208,1531,625,-0.000556088526,1.000021995,-0.0008629685848,-0.0001263297045,-0.1541168805,0.04046023385,0.187431949,2.483361876,1192,weka.MultiBoostAB_DecisionStump,0.440358,Supervised Classification
182,satimage,6430,37,6,class,0,0,0,36,1,97.2972973,2.702702703,23.81026439,9.720062208,1531,625,-0.000556088526,1.000021995,-0.0008629685848,-0.0001263297045,-0.1541168805,0.04046023385,0.187431949,2.483361876,1193,weka.RacedIncrementalLogitBoost_DecisionStump,0.821782,Supervised Classification
182,satimage,6430,37,6,class,0,0,0,36,1,97.2972973,2.702702703,23.81026439,9.720062208,1531,625,-0.000556088526,1.000021995,-0.0008629685848,-0.0001263297045,-0.1541168805,0.04046023385,0.187431949,2.483361876,1196,weka.RotationForest_PrincipalComponents_J48,0.897218,Supervised Classification
182,satimage,6430,37,6,class,0,0,0,36,1,97.2972973,2.702702703,23.81026439,9.720062208,1531,625,-0.000556088526,1.000021995,-0.0008629685848,-0.0001263297045,-0.1541168805,0.04046023385,0.187431949,2.483361876,1196,weka.RotationForest_PrincipalComponents_J48,0.907591,Supervised Classification
182,satimage,6430,37,6,class,0,0,0,36,1,97.2972973,2.702702703,23.81026439,9.720062208,1531,625,-0.000556088526,1.000021995,-0.0008629685848,-0.0001263297045,-0.1541168805,0.04046023385,0.187431949,2.483361876,1196,weka.RotationForest_PrincipalComponents_J48,0.914191,Supervised Classification
182,satimage,6430,37,6,class,0,0,0,36,1,97.2972973,2.702702703,23.81026439,9.720062208,1531,625,-0.000556088526,1.000021995,-0.0008629685848,-0.0001263297045,-0.1541168805,0.04046023385,0.187431949,2.483361876,1196,weka.RotationForest_PrincipalComponents_J48,0.915606,Supervised Classification
183,abalone,4177,9,28,Class_number_of_rings,0,0,0,7,2,77.77777778,22.22222222,16.49509217,0.02394062724,689,1,0.3827034098,0.1746183889,0.1395163993,0.8287421594,11.03315324,0.6203687756,0.2064176245,3.602007148,1068,weka.J48,0.225689,Supervised Classification
183,abalone,4177,9,28,Class_number_of_rings,0,0,0,7,2,77.77777778,22.22222222,16.49509217,0.02394062724,689,1,0.3827034098,0.1746183889,0.1395163993,0.8287421594,11.03315324,0.6203687756,0.2064176245,3.602007148,1069,weka.ZeroR,0.166909,Supervised Classification
183,abalone,4177,9,28,Class_number_of_rings,0,0,0,7,2,77.77777778,22.22222222,16.49509217,0.02394062724,689,1,0.3827034098,0.1746183889,0.1395163993,0.8287421594,11.03315324,0.6203687756,0.2064176245,3.602007148,1070,weka.Ridor,0.192308,Supervised Classification
183,abalone,4177,9,28,Class_number_of_rings,0,0,0,7,2,77.77777778,22.22222222,16.49509217,0.02394062724,689,1,0.3827034098,0.1746183889,0.1395163993,0.8287421594,11.03315324,0.6203687756,0.2064176245,3.602007148,1071,weka.OneR,0.233672,Supervised Classification
183,abalone,4177,9,28,Class_number_of_rings,0,0,0,7,2,77.77777778,22.22222222,16.49509217,0.02394062724,689,1,0.3827034098,0.1746183889,0.1395163993,0.8287421594,11.03315324,0.6203687756,0.2064176245,3.602007148,1073,weka.PART,0.203193,Supervised Classification
183,abalone,4177,9,28,Class_number_of_rings,0,0,0,7,2,77.77777778,22.22222222,16.49509217,0.02394062724,689,1,0.3827034098,0.1746183889,0.1395163993,0.8287421594,11.03315324,0.6203687756,0.2064176245,3.602007148,1074,weka.OLM,0.110305,Supervised Classification
183,abalone,4177,9,28,Class_number_of_rings,0,0,0,7,2,77.77777778,22.22222222,16.49509217,0.02394062724,689,1,0.3827034098,0.1746183889,0.1395163993,0.8287421594,11.03315324,0.6203687756,0.2064176245,3.602007148,1160,weka.AttributeSelectedClassifier_PrincipalComponents_Ranker_J48,0.216255,Supervised Classification
183,abalone,4177,9,28,Class_number_of_rings,0,0,0,7,2,77.77777778,22.22222222,16.49509217,0.02394062724,689,1,0.3827034098,0.1746183889,0.1395163993,0.8287421594,11.03315324,0.6203687756,0.2064176245,3.602007148,1165,weka.A1DE,0.256168,Supervised Classification
183,abalone,4177,9,28,Class_number_of_rings,0,0,0,7,2,77.77777778,22.22222222,16.49509217,0.02394062724,689,1,0.3827034098,0.1746183889,0.1395163993,0.8287421594,11.03315324,0.6203687756,0.2064176245,3.602007148,523,weka.Bagging_J48,0.230044,Supervised Classification
183,abalone,4177,9,28,Class_number_of_rings,0,0,0,7,2,77.77777778,22.22222222,16.49509217,0.02394062724,689,1,0.3827034098,0.1746183889,0.1395163993,0.8287421594,11.03315324,0.6203687756,0.2064176245,3.602007148,523,weka.Bagging_J48,0.250363,Supervised Classification
183,abalone,4177,9,28,Class_number_of_rings,0,0,0,7,2,77.77777778,22.22222222,16.49509217,0.02394062724,689,1,0.3827034098,0.1746183889,0.1395163993,0.8287421594,11.03315324,0.6203687756,0.2064176245,3.602007148,523,weka.Bagging_J48,0.240929,Supervised Classification
183,abalone,4177,9,28,Class_number_of_rings,0,0,0,7,2,77.77777778,22.22222222,16.49509217,0.02394062724,689,1,0.3827034098,0.1746183889,0.1395163993,0.8287421594,11.03315324,0.6203687756,0.2064176245,3.602007148,524,weka.Bagging_JRip,0.264151,Supervised Classification
183,abalone,4177,9,28,Class_number_of_rings,0,0,0,7,2,77.77777778,22.22222222,16.49509217,0.02394062724,689,1,0.3827034098,0.1746183889,0.1395163993,0.8287421594,11.03315324,0.6203687756,0.2064176245,3.602007148,524,weka.Bagging_JRip,0.256894,Supervised Classification
183,abalone,4177,9,28,Class_number_of_rings,0,0,0,7,2,77.77777778,22.22222222,16.49509217,0.02394062724,689,1,0.3827034098,0.1746183889,0.1395163993,0.8287421594,11.03315324,0.6203687756,0.2064176245,3.602007148,527,weka.Bagging_LMT,0.236575,Supervised Classification
183,abalone,4177,9,28,Class_number_of_rings,0,0,0,7,2,77.77777778,22.22222222,16.49509217,0.02394062724,689,1,0.3827034098,0.1746183889,0.1395163993,0.8287421594,11.03315324,0.6203687756,0.2064176245,3.602007148,527,weka.Bagging_LMT,0.232221,Supervised Classification
183,abalone,4177,9,28,Class_number_of_rings,0,0,0,7,2,77.77777778,22.22222222,16.49509217,0.02394062724,689,1,0.3827034098,0.1746183889,0.1395163993,0.8287421594,11.03315324,0.6203687756,0.2064176245,3.602007148,527,weka.Bagging_LMT,0.234398,Supervised Classification
183,abalone,4177,9,28,Class_number_of_rings,0,0,0,7,2,77.77777778,22.22222222,16.49509217,0.02394062724,689,1,0.3827034098,0.1746183889,0.1395163993,0.8287421594,11.03315324,0.6203687756,0.2064176245,3.602007148,527,weka.Bagging_LMT,0.240929,Supervised Classification
183,abalone,4177,9,28,Class_number_of_rings,0,0,0,7,2,77.77777778,22.22222222,16.49509217,0.02394062724,689,1,0.3827034098,0.1746183889,0.1395163993,0.8287421594,11.03315324,0.6203687756,0.2064176245,3.602007148,528,weka.Bagging_LWL_DecisionStump,0.230769,Supervised Classification
183,abalone,4177,9,28,Class_number_of_rings,0,0,0,7,2,77.77777778,22.22222222,16.49509217,0.02394062724,689,1,0.3827034098,0.1746183889,0.1395163993,0.8287421594,11.03315324,0.6203687756,0.2064176245,3.602007148,528,weka.Bagging_LWL_DecisionStump,0.233672,Supervised Classification
183,abalone,4177,9,28,Class_number_of_rings,0,0,0,7,2,77.77777778,22.22222222,16.49509217,0.02394062724,689,1,0.3827034098,0.1746183889,0.1395163993,0.8287421594,11.03315324,0.6203687756,0.2064176245,3.602007148,528,weka.Bagging_LWL_DecisionStump,0.234398,Supervised Classification
183,abalone,4177,9,28,Class_number_of_rings,0,0,0,7,2,77.77777778,22.22222222,16.49509217,0.02394062724,689,1,0.3827034098,0.1746183889,0.1395163993,0.8287421594,11.03315324,0.6203687756,0.2064176245,3.602007148,528,weka.Bagging_LWL_DecisionStump,0.230044,Supervised Classification
183,abalone,4177,9,28,Class_number_of_rings,0,0,0,7,2,77.77777778,22.22222222,16.49509217,0.02394062724,689,1,0.3827034098,0.1746183889,0.1395163993,0.8287421594,11.03315324,0.6203687756,0.2064176245,3.602007148,529,weka.Bagging_MultilayerPerceptron,0.259071,Supervised Classification
183,abalone,4177,9,28,Class_number_of_rings,0,0,0,7,2,77.77777778,22.22222222,16.49509217,0.02394062724,689,1,0.3827034098,0.1746183889,0.1395163993,0.8287421594,11.03315324,0.6203687756,0.2064176245,3.602007148,529,weka.Bagging_MultilayerPerceptron,0.264151,Supervised Classification
183,abalone,4177,9,28,Class_number_of_rings,0,0,0,7,2,77.77777778,22.22222222,16.49509217,0.02394062724,689,1,0.3827034098,0.1746183889,0.1395163993,0.8287421594,11.03315324,0.6203687756,0.2064176245,3.602007148,530,weka.Bagging_NaiveBayes,0.227141,Supervised Classification
183,abalone,4177,9,28,Class_number_of_rings,0,0,0,7,2,77.77777778,22.22222222,16.49509217,0.02394062724,689,1,0.3827034098,0.1746183889,0.1395163993,0.8287421594,11.03315324,0.6203687756,0.2064176245,3.602007148,506,weka.RotationForest_PrincipalComponents_J48,0.245283,Supervised Classification
183,abalone,4177,9,28,Class_number_of_rings,0,0,0,7,2,77.77777778,22.22222222,16.49509217,0.02394062724,689,1,0.3827034098,0.1746183889,0.1395163993,0.8287421594,11.03315324,0.6203687756,0.2064176245,3.602007148,531,weka.Bagging_OneR,0.244557,Supervised Classification
183,abalone,4177,9,28,Class_number_of_rings,0,0,0,7,2,77.77777778,22.22222222,16.49509217,0.02394062724,689,1,0.3827034098,0.1746183889,0.1395163993,0.8287421594,11.03315324,0.6203687756,0.2064176245,3.602007148,506,weka.RotationForest_PrincipalComponents_J48,0.236575,Supervised Classification
183,abalone,4177,9,28,Class_number_of_rings,0,0,0,7,2,77.77777778,22.22222222,16.49509217,0.02394062724,689,1,0.3827034098,0.1746183889,0.1395163993,0.8287421594,11.03315324,0.6203687756,0.2064176245,3.602007148,531,weka.Bagging_OneR,0.240929,Supervised Classification
183,abalone,4177,9,28,Class_number_of_rings,0,0,0,7,2,77.77777778,22.22222222,16.49509217,0.02394062724,689,1,0.3827034098,0.1746183889,0.1395163993,0.8287421594,11.03315324,0.6203687756,0.2064176245,3.602007148,531,weka.Bagging_OneR,0.246009,Supervised Classification
183,abalone,4177,9,28,Class_number_of_rings,0,0,0,7,2,77.77777778,22.22222222,16.49509217,0.02394062724,689,1,0.3827034098,0.1746183889,0.1395163993,0.8287421594,11.03315324,0.6203687756,0.2064176245,3.602007148,531,weka.Bagging_OneR,0.238752,Supervised Classification
183,abalone,4177,9,28,Class_number_of_rings,0,0,0,7,2,77.77777778,22.22222222,16.49509217,0.02394062724,689,1,0.3827034098,0.1746183889,0.1395163993,0.8287421594,11.03315324,0.6203687756,0.2064176245,3.602007148,532,weka.Bagging_RandomForest,0.253991,Supervised Classification
183,abalone,4177,9,28,Class_number_of_rings,0,0,0,7,2,77.77777778,22.22222222,16.49509217,0.02394062724,689,1,0.3827034098,0.1746183889,0.1395163993,0.8287421594,11.03315324,0.6203687756,0.2064176245,3.602007148,533,weka.Bagging_RandomTree,0.238026,Supervised Classification
183,abalone,4177,9,28,Class_number_of_rings,0,0,0,7,2,77.77777778,22.22222222,16.49509217,0.02394062724,689,1,0.3827034098,0.1746183889,0.1395163993,0.8287421594,11.03315324,0.6203687756,0.2064176245,3.602007148,533,weka.Bagging_RandomTree,0.235123,Supervised Classification
183,abalone,4177,9,28,Class_number_of_rings,0,0,0,7,2,77.77777778,22.22222222,16.49509217,0.02394062724,689,1,0.3827034098,0.1746183889,0.1395163993,0.8287421594,11.03315324,0.6203687756,0.2064176245,3.602007148,533,weka.Bagging_RandomTree,0.21553,Supervised Classification
183,abalone,4177,9,28,Class_number_of_rings,0,0,0,7,2,77.77777778,22.22222222,16.49509217,0.02394062724,689,1,0.3827034098,0.1746183889,0.1395163993,0.8287421594,11.03315324,0.6203687756,0.2064176245,3.602007148,378,weka.Bagging_REPTree,0.24746,Supervised Classification
183,abalone,4177,9,28,Class_number_of_rings,0,0,0,7,2,77.77777778,22.22222222,16.49509217,0.02394062724,689,1,0.3827034098,0.1746183889,0.1395163993,0.8287421594,11.03315324,0.6203687756,0.2064176245,3.602007148,378,weka.Bagging_REPTree,0.263425,Supervised Classification
183,abalone,4177,9,28,Class_number_of_rings,0,0,0,7,2,77.77777778,22.22222222,16.49509217,0.02394062724,689,1,0.3827034098,0.1746183889,0.1395163993,0.8287421594,11.03315324,0.6203687756,0.2064176245,3.602007148,378,weka.Bagging_REPTree,0.261974,Supervised Classification
183,abalone,4177,9,28,Class_number_of_rings,0,0,0,7,2,77.77777778,22.22222222,16.49509217,0.02394062724,689,1,0.3827034098,0.1746183889,0.1395163993,0.8287421594,11.03315324,0.6203687756,0.2064176245,3.602007148,378,weka.Bagging_REPTree,0.269956,Supervised Classification
183,abalone,4177,9,28,Class_number_of_rings,0,0,0,7,2,77.77777778,22.22222222,16.49509217,0.02394062724,689,1,0.3827034098,0.1746183889,0.1395163993,0.8287421594,11.03315324,0.6203687756,0.2064176245,3.602007148,534,weka.Bagging_SMO_PolyKernel,0.248911,Supervised Classification
183,abalone,4177,9,28,Class_number_of_rings,0,0,0,7,2,77.77777778,22.22222222,16.49509217,0.02394062724,689,1,0.3827034098,0.1746183889,0.1395163993,0.8287421594,11.03315324,0.6203687756,0.2064176245,3.602007148,534,weka.Bagging_SMO_PolyKernel,0.249637,Supervised Classification
183,abalone,4177,9,28,Class_number_of_rings,0,0,0,7,2,77.77777778,22.22222222,16.49509217,0.02394062724,689,1,0.3827034098,0.1746183889,0.1395163993,0.8287421594,11.03315324,0.6203687756,0.2064176245,3.602007148,534,weka.Bagging_SMO_PolyKernel,0.255443,Supervised Classification
183,abalone,4177,9,28,Class_number_of_rings,0,0,0,7,2,77.77777778,22.22222222,16.49509217,0.02394062724,689,1,0.3827034098,0.1746183889,0.1395163993,0.8287421594,11.03315324,0.6203687756,0.2064176245,3.602007148,534,weka.Bagging_SMO_PolyKernel,0.248186,Supervised Classification
183,abalone,4177,9,28,Class_number_of_rings,0,0,0,7,2,77.77777778,22.22222222,16.49509217,0.02394062724,689,1,0.3827034098,0.1746183889,0.1395163993,0.8287421594,11.03315324,0.6203687756,0.2064176245,3.602007148,563,weka.NaiveBayesUpdateable,0.232221,Supervised Classification
183,abalone,4177,9,28,Class_number_of_rings,0,0,0,7,2,77.77777778,22.22222222,16.49509217,0.02394062724,689,1,0.3827034098,0.1746183889,0.1395163993,0.8287421594,11.03315324,0.6203687756,0.2064176245,3.602007148,675,weka.J48,0.225689,Supervised Classification
183,abalone,4177,9,28,Class_number_of_rings,0,0,0,7,2,77.77777778,22.22222222,16.49509217,0.02394062724,689,1,0.3827034098,0.1746183889,0.1395163993,0.8287421594,11.03315324,0.6203687756,0.2064176245,3.602007148,375,weka.OneR,0.233672,Supervised Classification
183,abalone,4177,9,28,Class_number_of_rings,0,0,0,7,2,77.77777778,22.22222222,16.49509217,0.02394062724,689,1,0.3827034098,0.1746183889,0.1395163993,0.8287421594,11.03315324,0.6203687756,0.2064176245,3.602007148,378,weka.Bagging_REPTree,0.254717,Supervised Classification
183,abalone,4177,9,28,Class_number_of_rings,0,0,0,7,2,77.77777778,22.22222222,16.49509217,0.02394062724,689,1,0.3827034098,0.1746183889,0.1395163993,0.8287421594,11.03315324,0.6203687756,0.2064176245,3.602007148,380,weka.NaiveBayes,0.232221,Supervised Classification
183,abalone,4177,9,28,Class_number_of_rings,0,0,0,7,2,77.77777778,22.22222222,16.49509217,0.02394062724,689,1,0.3827034098,0.1746183889,0.1395163993,0.8287421594,11.03315324,0.6203687756,0.2064176245,3.602007148,385,weka.SMO_PolyKernel,0.250363,Supervised Classification
183,abalone,4177,9,28,Class_number_of_rings,0,0,0,7,2,77.77777778,22.22222222,16.49509217,0.02394062724,689,1,0.3827034098,0.1746183889,0.1395163993,0.8287421594,11.03315324,0.6203687756,0.2064176245,3.602007148,387,weka.SMO_RBFKernel,0.198839,Supervised Classification
183,abalone,4177,9,28,Class_number_of_rings,0,0,0,7,2,77.77777778,22.22222222,16.49509217,0.02394062724,689,1,0.3827034098,0.1746183889,0.1395163993,0.8287421594,11.03315324,0.6203687756,0.2064176245,3.602007148,389,weka.IBk,0.198839,Supervised Classification
183,abalone,4177,9,28,Class_number_of_rings,0,0,0,7,2,77.77777778,22.22222222,16.49509217,0.02394062724,689,1,0.3827034098,0.1746183889,0.1395163993,0.8287421594,11.03315324,0.6203687756,0.2064176245,3.602007148,390,weka.JRip,0.190856,Supervised Classification
183,abalone,4177,9,28,Class_number_of_rings,0,0,0,7,2,77.77777778,22.22222222,16.49509217,0.02394062724,689,1,0.3827034098,0.1746183889,0.1395163993,0.8287421594,11.03315324,0.6203687756,0.2064176245,3.602007148,391,weka.RandomForest,0.251814,Supervised Classification
183,abalone,4177,9,28,Class_number_of_rings,0,0,0,7,2,77.77777778,22.22222222,16.49509217,0.02394062724,689,1,0.3827034098,0.1746183889,0.1395163993,0.8287421594,11.03315324,0.6203687756,0.2064176245,3.602007148,393,weka.A2DE,0.265602,Supervised Classification
183,abalone,4177,9,28,Class_number_of_rings,0,0,0,7,2,77.77777778,22.22222222,16.49509217,0.02394062724,689,1,0.3827034098,0.1746183889,0.1395163993,0.8287421594,11.03315324,0.6203687756,0.2064176245,3.602007148,677,weka.Logistic,0.28447,Supervised Classification
183,abalone,4177,9,28,Class_number_of_rings,0,0,0,7,2,77.77777778,22.22222222,16.49509217,0.02394062724,689,1,0.3827034098,0.1746183889,0.1395163993,0.8287421594,11.03315324,0.6203687756,0.2064176245,3.602007148,398,weka.AdaBoostM1_BFTree,0.240203,Supervised Classification
183,abalone,4177,9,28,Class_number_of_rings,0,0,0,7,2,77.77777778,22.22222222,16.49509217,0.02394062724,689,1,0.3827034098,0.1746183889,0.1395163993,0.8287421594,11.03315324,0.6203687756,0.2064176245,3.602007148,398,weka.AdaBoostM1_BFTree,0.248186,Supervised Classification
183,abalone,4177,9,28,Class_number_of_rings,0,0,0,7,2,77.77777778,22.22222222,16.49509217,0.02394062724,689,1,0.3827034098,0.1746183889,0.1395163993,0.8287421594,11.03315324,0.6203687756,0.2064176245,3.602007148,398,weka.AdaBoostM1_BFTree,0.24746,Supervised Classification
183,abalone,4177,9,28,Class_number_of_rings,0,0,0,7,2,77.77777778,22.22222222,16.49509217,0.02394062724,689,1,0.3827034098,0.1746183889,0.1395163993,0.8287421594,11.03315324,0.6203687756,0.2064176245,3.602007148,398,weka.AdaBoostM1_BFTree,0.236575,Supervised Classification
183,abalone,4177,9,28,Class_number_of_rings,0,0,0,7,2,77.77777778,22.22222222,16.49509217,0.02394062724,689,1,0.3827034098,0.1746183889,0.1395163993,0.8287421594,11.03315324,0.6203687756,0.2064176245,3.602007148,376,weka.AdaBoostM1_DecisionStump,0.211176,Supervised Classification
183,abalone,4177,9,28,Class_number_of_rings,0,0,0,7,2,77.77777778,22.22222222,16.49509217,0.02394062724,689,1,0.3827034098,0.1746183889,0.1395163993,0.8287421594,11.03315324,0.6203687756,0.2064176245,3.602007148,404,weka.AdaBoostM1_IBk,0.198839,Supervised Classification
183,abalone,4177,9,28,Class_number_of_rings,0,0,0,7,2,77.77777778,22.22222222,16.49509217,0.02394062724,689,1,0.3827034098,0.1746183889,0.1395163993,0.8287421594,11.03315324,0.6203687756,0.2064176245,3.602007148,405,weka.AdaBoostM1_J48,0.224238,Supervised Classification
183,abalone,4177,9,28,Class_number_of_rings,0,0,0,7,2,77.77777778,22.22222222,16.49509217,0.02394062724,689,1,0.3827034098,0.1746183889,0.1395163993,0.8287421594,11.03315324,0.6203687756,0.2064176245,3.602007148,405,weka.AdaBoostM1_J48,0.227141,Supervised Classification
183,abalone,4177,9,28,Class_number_of_rings,0,0,0,7,2,77.77777778,22.22222222,16.49509217,0.02394062724,689,1,0.3827034098,0.1746183889,0.1395163993,0.8287421594,11.03315324,0.6203687756,0.2064176245,3.602007148,405,weka.AdaBoostM1_J48,0.222061,Supervised Classification
183,abalone,4177,9,28,Class_number_of_rings,0,0,0,7,2,77.77777778,22.22222222,16.49509217,0.02394062724,689,1,0.3827034098,0.1746183889,0.1395163993,0.8287421594,11.03315324,0.6203687756,0.2064176245,3.602007148,405,weka.AdaBoostM1_J48,0.214078,Supervised Classification
183,abalone,4177,9,28,Class_number_of_rings,0,0,0,7,2,77.77777778,22.22222222,16.49509217,0.02394062724,689,1,0.3827034098,0.1746183889,0.1395163993,0.8287421594,11.03315324,0.6203687756,0.2064176245,3.602007148,406,weka.AdaBoostM1_JRip,0.190856,Supervised Classification
183,abalone,4177,9,28,Class_number_of_rings,0,0,0,7,2,77.77777778,22.22222222,16.49509217,0.02394062724,689,1,0.3827034098,0.1746183889,0.1395163993,0.8287421594,11.03315324,0.6203687756,0.2064176245,3.602007148,407,weka.AdaBoostM1_LADTree,0.259071,Supervised Classification
183,abalone,4177,9,28,Class_number_of_rings,0,0,0,7,2,77.77777778,22.22222222,16.49509217,0.02394062724,689,1,0.3827034098,0.1746183889,0.1395163993,0.8287421594,11.03315324,0.6203687756,0.2064176245,3.602007148,411,weka.AdaBoostM1_LMT,0.208273,Supervised Classification
183,abalone,4177,9,28,Class_number_of_rings,0,0,0,7,2,77.77777778,22.22222222,16.49509217,0.02394062724,689,1,0.3827034098,0.1746183889,0.1395163993,0.8287421594,11.03315324,0.6203687756,0.2064176245,3.602007148,413,weka.AdaBoostM1_LWL_DecisionStump,0.224964,Supervised Classification
183,abalone,4177,9,28,Class_number_of_rings,0,0,0,7,2,77.77777778,22.22222222,16.49509217,0.02394062724,689,1,0.3827034098,0.1746183889,0.1395163993,0.8287421594,11.03315324,0.6203687756,0.2064176245,3.602007148,417,weka.AdaBoostM1_NaiveBayes,0.232221,Supervised Classification
183,abalone,4177,9,28,Class_number_of_rings,0,0,0,7,2,77.77777778,22.22222222,16.49509217,0.02394062724,689,1,0.3827034098,0.1746183889,0.1395163993,0.8287421594,11.03315324,0.6203687756,0.2064176245,3.602007148,418,weka.AdaBoostM1_OneR,0.221335,Supervised Classification
183,abalone,4177,9,28,Class_number_of_rings,0,0,0,7,2,77.77777778,22.22222222,16.49509217,0.02394062724,689,1,0.3827034098,0.1746183889,0.1395163993,0.8287421594,11.03315324,0.6203687756,0.2064176245,3.602007148,419,weka.AdaBoostM1_RandomForest,0.251089,Supervised Classification
183,abalone,4177,9,28,Class_number_of_rings,0,0,0,7,2,77.77777778,22.22222222,16.49509217,0.02394062724,689,1,0.3827034098,0.1746183889,0.1395163993,0.8287421594,11.03315324,0.6203687756,0.2064176245,3.602007148,420,weka.AdaBoostM1_RandomTree,0.196662,Supervised Classification
183,abalone,4177,9,28,Class_number_of_rings,0,0,0,7,2,77.77777778,22.22222222,16.49509217,0.02394062724,689,1,0.3827034098,0.1746183889,0.1395163993,0.8287421594,11.03315324,0.6203687756,0.2064176245,3.602007148,422,weka.AdaBoostM1_REPTree,0.2373,Supervised Classification
183,abalone,4177,9,28,Class_number_of_rings,0,0,0,7,2,77.77777778,22.22222222,16.49509217,0.02394062724,689,1,0.3827034098,0.1746183889,0.1395163993,0.8287421594,11.03315324,0.6203687756,0.2064176245,3.602007148,423,weka.AdaBoostM1_SMO_PolyKernel,0.250363,Supervised Classification
183,abalone,4177,9,28,Class_number_of_rings,0,0,0,7,2,77.77777778,22.22222222,16.49509217,0.02394062724,689,1,0.3827034098,0.1746183889,0.1395163993,0.8287421594,11.03315324,0.6203687756,0.2064176245,3.602007148,1075,weka.NNge,0.201742,Supervised Classification
183,abalone,4177,9,28,Class_number_of_rings,0,0,0,7,2,77.77777778,22.22222222,16.49509217,0.02394062724,689,1,0.3827034098,0.1746183889,0.1395163993,0.8287421594,11.03315324,0.6203687756,0.2064176245,3.602007148,1076,weka.SimpleCart,0.2627,Supervised Classification
183,abalone,4177,9,28,Class_number_of_rings,0,0,0,7,2,77.77777778,22.22222222,16.49509217,0.02394062724,689,1,0.3827034098,0.1746183889,0.1395163993,0.8287421594,11.03315324,0.6203687756,0.2064176245,3.602007148,1077,weka.REPTree,0.248186,Supervised Classification
183,abalone,4177,9,28,Class_number_of_rings,0,0,0,7,2,77.77777778,22.22222222,16.49509217,0.02394062724,689,1,0.3827034098,0.1746183889,0.1395163993,0.8287421594,11.03315324,0.6203687756,0.2064176245,3.602007148,1078,weka.RandomTree,0.201016,Supervised Classification
183,abalone,4177,9,28,Class_number_of_rings,0,0,0,7,2,77.77777778,22.22222222,16.49509217,0.02394062724,689,1,0.3827034098,0.1746183889,0.1395163993,0.8287421594,11.03315324,0.6203687756,0.2064176245,3.602007148,1079,weka.RandomForest,0.251814,Supervised Classification
183,abalone,4177,9,28,Class_number_of_rings,0,0,0,7,2,77.77777778,22.22222222,16.49509217,0.02394062724,689,1,0.3827034098,0.1746183889,0.1395163993,0.8287421594,11.03315324,0.6203687756,0.2064176245,3.602007148,1080,weka.NBTree,0.263425,Supervised Classification
183,abalone,4177,9,28,Class_number_of_rings,0,0,0,7,2,77.77777778,22.22222222,16.49509217,0.02394062724,689,1,0.3827034098,0.1746183889,0.1395163993,0.8287421594,11.03315324,0.6203687756,0.2064176245,3.602007148,1112,weka.LibLINEAR,0.260522,Supervised Classification
183,abalone,4177,9,28,Class_number_of_rings,0,0,0,7,2,77.77777778,22.22222222,16.49509217,0.02394062724,689,1,0.3827034098,0.1746183889,0.1395163993,0.8287421594,11.03315324,0.6203687756,0.2064176245,3.602007148,1177,weka.SimpleLogistic,0.271408,Supervised Classification
183,abalone,4177,9,28,Class_number_of_rings,0,0,0,7,2,77.77777778,22.22222222,16.49509217,0.02394062724,689,1,0.3827034098,0.1746183889,0.1395163993,0.8287421594,11.03315324,0.6203687756,0.2064176245,3.602007148,1178,weka.SMO_PolyKernel,0.250363,Supervised Classification
183,abalone,4177,9,28,Class_number_of_rings,0,0,0,7,2,77.77777778,22.22222222,16.49509217,0.02394062724,689,1,0.3827034098,0.1746183889,0.1395163993,0.8287421594,11.03315324,0.6203687756,0.2064176245,3.602007148,1179,weka.SMO_RBFKernel,0.198839,Supervised Classification
183,abalone,4177,9,28,Class_number_of_rings,0,0,0,7,2,77.77777778,22.22222222,16.49509217,0.02394062724,689,1,0.3827034098,0.1746183889,0.1395163993,0.8287421594,11.03315324,0.6203687756,0.2064176245,3.602007148,1105,weka.IBk,0.202467,Supervised Classification
183,abalone,4177,9,28,Class_number_of_rings,0,0,0,7,2,77.77777778,22.22222222,16.49509217,0.02394062724,689,1,0.3827034098,0.1746183889,0.1395163993,0.8287421594,11.03315324,0.6203687756,0.2064176245,3.602007148,1105,weka.IBk,0.224238,Supervised Classification
183,abalone,4177,9,28,Class_number_of_rings,0,0,0,7,2,77.77777778,22.22222222,16.49509217,0.02394062724,689,1,0.3827034098,0.1746183889,0.1395163993,0.8287421594,11.03315324,0.6203687756,0.2064176245,3.602007148,1182,weka.AdaBoostM1_DecisionStump,0.211176,Supervised Classification
183,abalone,4177,9,28,Class_number_of_rings,0,0,0,7,2,77.77777778,22.22222222,16.49509217,0.02394062724,689,1,0.3827034098,0.1746183889,0.1395163993,0.8287421594,11.03315324,0.6203687756,0.2064176245,3.602007148,1183,weka.AttributeSelectedClassifier_CfsSubsetEval_BestFirst_J48,0.221335,Supervised Classification
183,abalone,4177,9,28,Class_number_of_rings,0,0,0,7,2,77.77777778,22.22222222,16.49509217,0.02394062724,689,1,0.3827034098,0.1746183889,0.1395163993,0.8287421594,11.03315324,0.6203687756,0.2064176245,3.602007148,1191,weka.LogitBoost_DecisionStump,0.272859,Supervised Classification
183,abalone,4177,9,28,Class_number_of_rings,0,0,0,7,2,77.77777778,22.22222222,16.49509217,0.02394062724,689,1,0.3827034098,0.1746183889,0.1395163993,0.8287421594,11.03315324,0.6203687756,0.2064176245,3.602007148,1191,weka.LogitBoost_DecisionStump,0.267779,Supervised Classification
183,abalone,4177,9,28,Class_number_of_rings,0,0,0,7,2,77.77777778,22.22222222,16.49509217,0.02394062724,689,1,0.3827034098,0.1746183889,0.1395163993,0.8287421594,11.03315324,0.6203687756,0.2064176245,3.602007148,1191,weka.LogitBoost_DecisionStump,0.263425,Supervised Classification
183,abalone,4177,9,28,Class_number_of_rings,0,0,0,7,2,77.77777778,22.22222222,16.49509217,0.02394062724,689,1,0.3827034098,0.1746183889,0.1395163993,0.8287421594,11.03315324,0.6203687756,0.2064176245,3.602007148,1194,weka.RandomSubSpace_REPTree,0.266328,Supervised Classification
183,abalone,4177,9,28,Class_number_of_rings,0,0,0,7,2,77.77777778,22.22222222,16.49509217,0.02394062724,689,1,0.3827034098,0.1746183889,0.1395163993,0.8287421594,11.03315324,0.6203687756,0.2064176245,3.602007148,1090,weka.DecisionStump,0.211176,Supervised Classification
183,abalone,4177,9,28,Class_number_of_rings,0,0,0,7,2,77.77777778,22.22222222,16.49509217,0.02394062724,689,1,0.3827034098,0.1746183889,0.1395163993,0.8287421594,11.03315324,0.6203687756,0.2064176245,3.602007148,1103,weka.VFI,0.139332,Supervised Classification
183,abalone,4177,9,28,Class_number_of_rings,0,0,0,7,2,77.77777778,22.22222222,16.49509217,0.02394062724,689,1,0.3827034098,0.1746183889,0.1395163993,0.8287421594,11.03315324,0.6203687756,0.2064176245,3.602007148,1154,weka.NaiveBayes,0.232221,Supervised Classification
183,abalone,4177,9,28,Class_number_of_rings,0,0,0,7,2,77.77777778,22.22222222,16.49509217,0.02394062724,689,1,0.3827034098,0.1746183889,0.1395163993,0.8287421594,11.03315324,0.6203687756,0.2064176245,3.602007148,1185,weka.Bagging_REPTree,0.254717,Supervised Classification
183,abalone,4177,9,28,Class_number_of_rings,0,0,0,7,2,77.77777778,22.22222222,16.49509217,0.02394062724,689,1,0.3827034098,0.1746183889,0.1395163993,0.8287421594,11.03315324,0.6203687756,0.2064176245,3.602007148,1185,weka.Bagging_REPTree,0.24746,Supervised Classification
183,abalone,4177,9,28,Class_number_of_rings,0,0,0,7,2,77.77777778,22.22222222,16.49509217,0.02394062724,689,1,0.3827034098,0.1746183889,0.1395163993,0.8287421594,11.03315324,0.6203687756,0.2064176245,3.602007148,1194,weka.RandomSubSpace_REPTree,0.264151,Supervised Classification
183,abalone,4177,9,28,Class_number_of_rings,0,0,0,7,2,77.77777778,22.22222222,16.49509217,0.02394062724,689,1,0.3827034098,0.1746183889,0.1395163993,0.8287421594,11.03315324,0.6203687756,0.2064176245,3.602007148,1194,weka.RandomSubSpace_REPTree,0.273585,Supervised Classification
183,abalone,4177,9,28,Class_number_of_rings,0,0,0,7,2,77.77777778,22.22222222,16.49509217,0.02394062724,689,1,0.3827034098,0.1746183889,0.1395163993,0.8287421594,11.03315324,0.6203687756,0.2064176245,3.602007148,1197,weka.FURIA,0.166909,Supervised Classification
183,abalone,4177,9,28,Class_number_of_rings,0,0,0,7,2,77.77777778,22.22222222,16.49509217,0.02394062724,689,1,0.3827034098,0.1746183889,0.1395163993,0.8287421594,11.03315324,0.6203687756,0.2064176245,3.602007148,1200,weka.LADTree,0.270682,Supervised Classification
183,abalone,4177,9,28,Class_number_of_rings,0,0,0,7,2,77.77777778,22.22222222,16.49509217,0.02394062724,689,1,0.3827034098,0.1746183889,0.1395163993,0.8287421594,11.03315324,0.6203687756,0.2064176245,3.602007148,1087,weka.HoeffdingTree,0.229318,Supervised Classification
183,abalone,4177,9,28,Class_number_of_rings,0,0,0,7,2,77.77777778,22.22222222,16.49509217,0.02394062724,689,1,0.3827034098,0.1746183889,0.1395163993,0.8287421594,11.03315324,0.6203687756,0.2064176245,3.602007148,1096,weka.DecisionTable_BestFirst,0.270682,Supervised Classification
183,abalone,4177,9,28,Class_number_of_rings,0,0,0,7,2,77.77777778,22.22222222,16.49509217,0.02394062724,689,1,0.3827034098,0.1746183889,0.1395163993,0.8287421594,11.03315324,0.6203687756,0.2064176245,3.602007148,1098,weka.ConjunctiveRule,0.212627,Supervised Classification
183,abalone,4177,9,28,Class_number_of_rings,0,0,0,7,2,77.77777778,22.22222222,16.49509217,0.02394062724,689,1,0.3827034098,0.1746183889,0.1395163993,0.8287421594,11.03315324,0.6203687756,0.2064176245,3.602007148,1105,weka.IBk,0.198839,Supervised Classification
183,abalone,4177,9,28,Class_number_of_rings,0,0,0,7,2,77.77777778,22.22222222,16.49509217,0.02394062724,689,1,0.3827034098,0.1746183889,0.1395163993,0.8287421594,11.03315324,0.6203687756,0.2064176245,3.602007148,1114,weka.Logistic,0.28447,Supervised Classification
183,abalone,4177,9,28,Class_number_of_rings,0,0,0,7,2,77.77777778,22.22222222,16.49509217,0.02394062724,689,1,0.3827034098,0.1746183889,0.1395163993,0.8287421594,11.03315324,0.6203687756,0.2064176245,3.602007148,1117,weka.RBFClassifier,0.266328,Supervised Classification
183,abalone,4177,9,28,Class_number_of_rings,0,0,0,7,2,77.77777778,22.22222222,16.49509217,0.02394062724,689,1,0.3827034098,0.1746183889,0.1395163993,0.8287421594,11.03315324,0.6203687756,0.2064176245,3.602007148,1155,weka.FilteredClassifier_Standardize_NaiveBayes,0.231495,Supervised Classification
183,abalone,4177,9,28,Class_number_of_rings,0,0,0,7,2,77.77777778,22.22222222,16.49509217,0.02394062724,689,1,0.3827034098,0.1746183889,0.1395163993,0.8287421594,11.03315324,0.6203687756,0.2064176245,3.602007148,1244,weka.FilteredClassifier_Discretize_J48,0.261974,Supervised Classification
183,abalone,4177,9,28,Class_number_of_rings,0,0,0,7,2,77.77777778,22.22222222,16.49509217,0.02394062724,689,1,0.3827034098,0.1746183889,0.1395163993,0.8287421594,11.03315324,0.6203687756,0.2064176245,3.602007148,1163,weka.FilteredClassifier_PrincipalComponents_J48,0.216255,Supervised Classification
183,abalone,4177,9,28,Class_number_of_rings,0,0,0,7,2,77.77777778,22.22222222,16.49509217,0.02394062724,689,1,0.3827034098,0.1746183889,0.1395163993,0.8287421594,11.03315324,0.6203687756,0.2064176245,3.602007148,1185,weka.Bagging_REPTree,0.261974,Supervised Classification
183,abalone,4177,9,28,Class_number_of_rings,0,0,0,7,2,77.77777778,22.22222222,16.49509217,0.02394062724,689,1,0.3827034098,0.1746183889,0.1395163993,0.8287421594,11.03315324,0.6203687756,0.2064176245,3.602007148,1191,weka.LogitBoost_DecisionStump,0.256168,Supervised Classification
183,abalone,4177,9,28,Class_number_of_rings,0,0,0,7,2,77.77777778,22.22222222,16.49509217,0.02394062724,689,1,0.3827034098,0.1746183889,0.1395163993,0.8287421594,11.03315324,0.6203687756,0.2064176245,3.602007148,1191,weka.LogitBoost_DecisionStump,0.253266,Supervised Classification
183,abalone,4177,9,28,Class_number_of_rings,0,0,0,7,2,77.77777778,22.22222222,16.49509217,0.02394062724,689,1,0.3827034098,0.1746183889,0.1395163993,0.8287421594,11.03315324,0.6203687756,0.2064176245,3.602007148,1194,weka.RandomSubSpace_REPTree,0.264877,Supervised Classification
183,abalone,4177,9,28,Class_number_of_rings,0,0,0,7,2,77.77777778,22.22222222,16.49509217,0.02394062724,689,1,0.3827034098,0.1746183889,0.1395163993,0.8287421594,11.03315324,0.6203687756,0.2064176245,3.602007148,1094,weka.JRip,0.190856,Supervised Classification
183,abalone,4177,9,28,Class_number_of_rings,0,0,0,7,2,77.77777778,22.22222222,16.49509217,0.02394062724,689,1,0.3827034098,0.1746183889,0.1395163993,0.8287421594,11.03315324,0.6203687756,0.2064176245,3.602007148,1100,weka.HyperPipes,0.044267,Supervised Classification
183,abalone,4177,9,28,Class_number_of_rings,0,0,0,7,2,77.77777778,22.22222222,16.49509217,0.02394062724,689,1,0.3827034098,0.1746183889,0.1395163993,0.8287421594,11.03315324,0.6203687756,0.2064176245,3.602007148,1101,weka.InputMappedClassifier_ZeroR,0.166909,Supervised Classification
183,abalone,4177,9,28,Class_number_of_rings,0,0,0,7,2,77.77777778,22.22222222,16.49509217,0.02394062724,689,1,0.3827034098,0.1746183889,0.1395163993,0.8287421594,11.03315324,0.6203687756,0.2064176245,3.602007148,1104,weka.IB1,0.198839,Supervised Classification
183,abalone,4177,9,28,Class_number_of_rings,0,0,0,7,2,77.77777778,22.22222222,16.49509217,0.02394062724,689,1,0.3827034098,0.1746183889,0.1395163993,0.8287421594,11.03315324,0.6203687756,0.2064176245,3.602007148,1112,weka.LibLINEAR,0.261248,Supervised Classification
183,abalone,4177,9,28,Class_number_of_rings,0,0,0,7,2,77.77777778,22.22222222,16.49509217,0.02394062724,689,1,0.3827034098,0.1746183889,0.1395163993,0.8287421594,11.03315324,0.6203687756,0.2064176245,3.602007148,1166,weka.A2DE,0.265602,Supervised Classification
183,abalone,4177,9,28,Class_number_of_rings,0,0,0,7,2,77.77777778,22.22222222,16.49509217,0.02394062724,689,1,0.3827034098,0.1746183889,0.1395163993,0.8287421594,11.03315324,0.6203687756,0.2064176245,3.602007148,1168,weka.BayesNet_K2,0.2627,Supervised Classification
183,abalone,4177,9,28,Class_number_of_rings,0,0,0,7,2,77.77777778,22.22222222,16.49509217,0.02394062724,689,1,0.3827034098,0.1746183889,0.1395163993,0.8287421594,11.03315324,0.6203687756,0.2064176245,3.602007148,1185,weka.Bagging_REPTree,0.263425,Supervised Classification
183,abalone,4177,9,28,Class_number_of_rings,0,0,0,7,2,77.77777778,22.22222222,16.49509217,0.02394062724,689,1,0.3827034098,0.1746183889,0.1395163993,0.8287421594,11.03315324,0.6203687756,0.2064176245,3.602007148,1185,weka.Bagging_REPTree,0.269956,Supervised Classification
183,abalone,4177,9,28,Class_number_of_rings,0,0,0,7,2,77.77777778,22.22222222,16.49509217,0.02394062724,689,1,0.3827034098,0.1746183889,0.1395163993,0.8287421594,11.03315324,0.6203687756,0.2064176245,3.602007148,1194,weka.RandomSubSpace_REPTree,0.272859,Supervised Classification
183,abalone,4177,9,28,Class_number_of_rings,0,0,0,7,2,77.77777778,22.22222222,16.49509217,0.02394062724,689,1,0.3827034098,0.1746183889,0.1395163993,0.8287421594,11.03315324,0.6203687756,0.2064176245,3.602007148,1172,weka.LibSVM,0.2373,Supervised Classification
183,abalone,4177,9,28,Class_number_of_rings,0,0,0,7,2,77.77777778,22.22222222,16.49509217,0.02394062724,689,1,0.3827034098,0.1746183889,0.1395163993,0.8287421594,11.03315324,0.6203687756,0.2064176245,3.602007148,1091,weka.BFTree,0.239478,Supervised Classification
183,abalone,4177,9,28,Class_number_of_rings,0,0,0,7,2,77.77777778,22.22222222,16.49509217,0.02394062724,689,1,0.3827034098,0.1746183889,0.1395163993,0.8287421594,11.03315324,0.6203687756,0.2064176245,3.602007148,1106,weka.KStar,0.250363,Supervised Classification
183,abalone,4177,9,28,Class_number_of_rings,0,0,0,7,2,77.77777778,22.22222222,16.49509217,0.02394062724,689,1,0.3827034098,0.1746183889,0.1395163993,0.8287421594,11.03315324,0.6203687756,0.2064176245,3.602007148,1084,weka.J48graft,0.227866,Supervised Classification
183,abalone,4177,9,28,Class_number_of_rings,0,0,0,7,2,77.77777778,22.22222222,16.49509217,0.02394062724,689,1,0.3827034098,0.1746183889,0.1395163993,0.8287421594,11.03315324,0.6203687756,0.2064176245,3.602007148,1082,weka.LMT,0.271408,Supervised Classification
183,abalone,4177,9,28,Class_number_of_rings,0,0,0,7,2,77.77777778,22.22222222,16.49509217,0.02394062724,689,1,0.3827034098,0.1746183889,0.1395163993,0.8287421594,11.03315324,0.6203687756,0.2064176245,3.602007148,1108,weka.LWL_DecisionStump,0.224964,Supervised Classification
183,abalone,4177,9,28,Class_number_of_rings,0,0,0,7,2,77.77777778,22.22222222,16.49509217,0.02394062724,689,1,0.3827034098,0.1746183889,0.1395163993,0.8287421594,11.03315324,0.6203687756,0.2064176245,3.602007148,1088,weka.FT,0.227866,Supervised Classification
183,abalone,4177,9,28,Class_number_of_rings,0,0,0,7,2,77.77777778,22.22222222,16.49509217,0.02394062724,689,1,0.3827034098,0.1746183889,0.1395163993,0.8287421594,11.03315324,0.6203687756,0.2064176245,3.602007148,1186,weka.Dagging_DecisionStump,0.217707,Supervised Classification
183,abalone,4177,9,28,Class_number_of_rings,0,0,0,7,2,77.77777778,22.22222222,16.49509217,0.02394062724,689,1,0.3827034098,0.1746183889,0.1395163993,0.8287421594,11.03315324,0.6203687756,0.2064176245,3.602007148,1187,weka.Decorate,0.232946,Supervised Classification
183,abalone,4177,9,28,Class_number_of_rings,0,0,0,7,2,77.77777778,22.22222222,16.49509217,0.02394062724,689,1,0.3827034098,0.1746183889,0.1395163993,0.8287421594,11.03315324,0.6203687756,0.2064176245,3.602007148,1188,weka.END_ND_J48,0.267054,Supervised Classification
183,abalone,4177,9,28,Class_number_of_rings,0,0,0,7,2,77.77777778,22.22222222,16.49509217,0.02394062724,689,1,0.3827034098,0.1746183889,0.1395163993,0.8287421594,11.03315324,0.6203687756,0.2064176245,3.602007148,1190,weka.Grading_ZeroR,0.166909,Supervised Classification
183,abalone,4177,9,28,Class_number_of_rings,0,0,0,7,2,77.77777778,22.22222222,16.49509217,0.02394062724,689,1,0.3827034098,0.1746183889,0.1395163993,0.8287421594,11.03315324,0.6203687756,0.2064176245,3.602007148,1192,weka.MultiBoostAB_DecisionStump,0.211176,Supervised Classification
183,abalone,4177,9,28,Class_number_of_rings,0,0,0,7,2,77.77777778,22.22222222,16.49509217,0.02394062724,689,1,0.3827034098,0.1746183889,0.1395163993,0.8287421594,11.03315324,0.6203687756,0.2064176245,3.602007148,1193,weka.RacedIncrementalLogitBoost_DecisionStump,0.243106,Supervised Classification
183,abalone,4177,9,28,Class_number_of_rings,0,0,0,7,2,77.77777778,22.22222222,16.49509217,0.02394062724,689,1,0.3827034098,0.1746183889,0.1395163993,0.8287421594,11.03315324,0.6203687756,0.2064176245,3.602007148,1196,weka.RotationForest_PrincipalComponents_J48,0.245283,Supervised Classification
183,abalone,4177,9,28,Class_number_of_rings,0,0,0,7,2,77.77777778,22.22222222,16.49509217,0.02394062724,689,1,0.3827034098,0.1746183889,0.1395163993,0.8287421594,11.03315324,0.6203687756,0.2064176245,3.602007148,1196,weka.RotationForest_PrincipalComponents_J48,0.240203,Supervised Classification
183,abalone,4177,9,28,Class_number_of_rings,0,0,0,7,2,77.77777778,22.22222222,16.49509217,0.02394062724,689,1,0.3827034098,0.1746183889,0.1395163993,0.8287421594,11.03315324,0.6203687756,0.2064176245,3.602007148,1196,weka.RotationForest_PrincipalComponents_J48,0.236575,Supervised Classification
183,abalone,4177,9,28,Class_number_of_rings,0,0,0,7,2,77.77777778,22.22222222,16.49509217,0.02394062724,689,1,0.3827034098,0.1746183889,0.1395163993,0.8287421594,11.03315324,0.6203687756,0.2064176245,3.602007148,1196,weka.RotationForest_PrincipalComponents_J48,0.254717,Supervised Classification
183,abalone,4177,9,28,Class_number_of_rings,0,0,0,7,2,77.77777778,22.22222222,16.49509217,0.02394062724,689,1,0.3827034098,0.1746183889,0.1395163993,0.8287421594,11.03315324,0.6203687756,0.2064176245,3.602007148,1196,weka.RotationForest_PrincipalComponents_J48,0.238026,Supervised Classification
11,balance-scale,625,5,3,class,0,0,0,4,1,80,20,46.08,7.84,288,49,3,1.415346293,3,3,-1.300798439,0,0.6971153846,1.318116246,1068,weka.J48,0.762136,Supervised Classification
11,balance-scale,625,5,3,class,0,0,0,4,1,80,20,46.08,7.84,288,49,3,1.415346293,3,3,-1.300798439,0,0.6971153846,1.318116246,1069,weka.ZeroR,0.427184,Supervised Classification
11,balance-scale,625,5,3,class,0,0,0,4,1,80,20,46.08,7.84,288,49,3,1.415346293,3,3,-1.300798439,0,0.6971153846,1.318116246,1070,weka.Ridor,0.713592,Supervised Classification
11,balance-scale,625,5,3,class,0,0,0,4,1,80,20,46.08,7.84,288,49,3,1.415346293,3,3,-1.300798439,0,0.6971153846,1.318116246,1071,weka.OneR,0.592233,Supervised Classification
11,balance-scale,625,5,3,class,0,0,0,4,1,80,20,46.08,7.84,288,49,3,1.415346293,3,3,-1.300798439,0,0.6971153846,1.318116246,1073,weka.PART,0.776699,Supervised Classification
11,balance-scale,625,5,3,class,0,0,0,4,1,80,20,46.08,7.84,288,49,3,1.415346293,3,3,-1.300798439,0,0.6971153846,1.318116246,1074,weka.OLM,0.533981,Supervised Classification
11,balance-scale,625,5,3,class,0,0,0,4,1,80,20,46.08,7.84,288,49,3,1.415346293,3,3,-1.300798439,0,0.6971153846,1.318116246,1191,weka.LogitBoost_DecisionStump,0.912621,Supervised Classification
11,balance-scale,625,5,3,class,0,0,0,4,1,80,20,46.08,7.84,288,49,3,1.415346293,3,3,-1.300798439,0,0.6971153846,1.318116246,1116,weka.MultilayerPerceptronCS,0.868932,Supervised Classification
11,balance-scale,625,5,3,class,0,0,0,4,1,80,20,46.08,7.84,288,49,3,1.415346293,3,3,-1.300798439,0,0.6971153846,1.318116246,1082,weka.LMT,0.883495,Supervised Classification
11,balance-scale,625,5,3,class,0,0,0,4,1,80,20,46.08,7.84,288,49,3,1.415346293,3,3,-1.300798439,0,0.6971153846,1.318116246,365,weka.J48,0.762136,Supervised Classification
11,balance-scale,625,5,3,class,0,0,0,4,1,80,20,46.08,7.84,288,49,3,1.415346293,3,3,-1.300798439,0,0.6971153846,1.318116246,523,weka.Bagging_J48,0.834951,Supervised Classification
11,balance-scale,625,5,3,class,0,0,0,4,1,80,20,46.08,7.84,288,49,3,1.415346293,3,3,-1.300798439,0,0.6971153846,1.318116246,523,weka.Bagging_J48,0.830097,Supervised Classification
11,balance-scale,625,5,3,class,0,0,0,4,1,80,20,46.08,7.84,288,49,3,1.415346293,3,3,-1.300798439,0,0.6971153846,1.318116246,523,weka.Bagging_J48,0.820388,Supervised Classification
11,balance-scale,625,5,3,class,0,0,0,4,1,80,20,46.08,7.84,288,49,3,1.415346293,3,3,-1.300798439,0,0.6971153846,1.318116246,524,weka.Bagging_JRip,0.854369,Supervised Classification
11,balance-scale,625,5,3,class,0,0,0,4,1,80,20,46.08,7.84,288,49,3,1.415346293,3,3,-1.300798439,0,0.6971153846,1.318116246,524,weka.Bagging_JRip,0.834951,Supervised Classification
11,balance-scale,625,5,3,class,0,0,0,4,1,80,20,46.08,7.84,288,49,3,1.415346293,3,3,-1.300798439,0,0.6971153846,1.318116246,527,weka.Bagging_LMT,0.893204,Supervised Classification
11,balance-scale,625,5,3,class,0,0,0,4,1,80,20,46.08,7.84,288,49,3,1.415346293,3,3,-1.300798439,0,0.6971153846,1.318116246,527,weka.Bagging_LMT,0.902913,Supervised Classification
11,balance-scale,625,5,3,class,0,0,0,4,1,80,20,46.08,7.84,288,49,3,1.415346293,3,3,-1.300798439,0,0.6971153846,1.318116246,527,weka.Bagging_LMT,0.898058,Supervised Classification
11,balance-scale,625,5,3,class,0,0,0,4,1,80,20,46.08,7.84,288,49,3,1.415346293,3,3,-1.300798439,0,0.6971153846,1.318116246,527,weka.Bagging_LMT,0.88835,Supervised Classification
11,balance-scale,625,5,3,class,0,0,0,4,1,80,20,46.08,7.84,288,49,3,1.415346293,3,3,-1.300798439,0,0.6971153846,1.318116246,528,weka.Bagging_LWL_DecisionStump,0.781553,Supervised Classification
11,balance-scale,625,5,3,class,0,0,0,4,1,80,20,46.08,7.84,288,49,3,1.415346293,3,3,-1.300798439,0,0.6971153846,1.318116246,528,weka.Bagging_LWL_DecisionStump,0.776699,Supervised Classification
11,balance-scale,625,5,3,class,0,0,0,4,1,80,20,46.08,7.84,288,49,3,1.415346293,3,3,-1.300798439,0,0.6971153846,1.318116246,528,weka.Bagging_LWL_DecisionStump,0.76699,Supervised Classification
11,balance-scale,625,5,3,class,0,0,0,4,1,80,20,46.08,7.84,288,49,3,1.415346293,3,3,-1.300798439,0,0.6971153846,1.318116246,528,weka.Bagging_LWL_DecisionStump,0.791262,Supervised Classification
11,balance-scale,625,5,3,class,0,0,0,4,1,80,20,46.08,7.84,288,49,3,1.415346293,3,3,-1.300798439,0,0.6971153846,1.318116246,529,weka.Bagging_MultilayerPerceptron,0.893204,Supervised Classification
11,balance-scale,625,5,3,class,0,0,0,4,1,80,20,46.08,7.84,288,49,3,1.415346293,3,3,-1.300798439,0,0.6971153846,1.318116246,529,weka.Bagging_MultilayerPerceptron,0.898058,Supervised Classification
11,balance-scale,625,5,3,class,0,0,0,4,1,80,20,46.08,7.84,288,49,3,1.415346293,3,3,-1.300798439,0,0.6971153846,1.318116246,506,weka.RotationForest_PrincipalComponents_J48,0.868932,Supervised Classification
11,balance-scale,625,5,3,class,0,0,0,4,1,80,20,46.08,7.84,288,49,3,1.415346293,3,3,-1.300798439,0,0.6971153846,1.318116246,531,weka.Bagging_OneR,0.61165,Supervised Classification
11,balance-scale,625,5,3,class,0,0,0,4,1,80,20,46.08,7.84,288,49,3,1.415346293,3,3,-1.300798439,0,0.6971153846,1.318116246,531,weka.Bagging_OneR,0.65534,Supervised Classification
11,balance-scale,625,5,3,class,0,0,0,4,1,80,20,46.08,7.84,288,49,3,1.415346293,3,3,-1.300798439,0,0.6971153846,1.318116246,531,weka.Bagging_OneR,0.626214,Supervised Classification
11,balance-scale,625,5,3,class,0,0,0,4,1,80,20,46.08,7.84,288,49,3,1.415346293,3,3,-1.300798439,0,0.6971153846,1.318116246,532,weka.Bagging_RandomForest,0.815534,Supervised Classification
11,balance-scale,625,5,3,class,0,0,0,4,1,80,20,46.08,7.84,288,49,3,1.415346293,3,3,-1.300798439,0,0.6971153846,1.318116246,532,weka.Bagging_RandomForest,0.834951,Supervised Classification
11,balance-scale,625,5,3,class,0,0,0,4,1,80,20,46.08,7.84,288,49,3,1.415346293,3,3,-1.300798439,0,0.6971153846,1.318116246,532,weka.Bagging_RandomForest,0.849515,Supervised Classification
11,balance-scale,625,5,3,class,0,0,0,4,1,80,20,46.08,7.84,288,49,3,1.415346293,3,3,-1.300798439,0,0.6971153846,1.318116246,532,weka.Bagging_RandomForest,0.84466,Supervised Classification
11,balance-scale,625,5,3,class,0,0,0,4,1,80,20,46.08,7.84,288,49,3,1.415346293,3,3,-1.300798439,0,0.6971153846,1.318116246,533,weka.Bagging_RandomTree,0.820388,Supervised Classification
11,balance-scale,625,5,3,class,0,0,0,4,1,80,20,46.08,7.84,288,49,3,1.415346293,3,3,-1.300798439,0,0.6971153846,1.318116246,533,weka.Bagging_RandomTree,0.81068,Supervised Classification
11,balance-scale,625,5,3,class,0,0,0,4,1,80,20,46.08,7.84,288,49,3,1.415346293,3,3,-1.300798439,0,0.6971153846,1.318116246,533,weka.Bagging_RandomTree,0.781553,Supervised Classification
11,balance-scale,625,5,3,class,0,0,0,4,1,80,20,46.08,7.84,288,49,3,1.415346293,3,3,-1.300798439,0,0.6971153846,1.318116246,378,weka.Bagging_REPTree,0.834951,Supervised Classification
11,balance-scale,625,5,3,class,0,0,0,4,1,80,20,46.08,7.84,288,49,3,1.415346293,3,3,-1.300798439,0,0.6971153846,1.318116246,378,weka.Bagging_REPTree,0.839806,Supervised Classification
11,balance-scale,625,5,3,class,0,0,0,4,1,80,20,46.08,7.84,288,49,3,1.415346293,3,3,-1.300798439,0,0.6971153846,1.318116246,534,weka.Bagging_SMO_PolyKernel,0.825243,Supervised Classification
11,balance-scale,625,5,3,class,0,0,0,4,1,80,20,46.08,7.84,288,49,3,1.415346293,3,3,-1.300798439,0,0.6971153846,1.318116246,534,weka.Bagging_SMO_PolyKernel,0.820388,Supervised Classification
11,balance-scale,625,5,3,class,0,0,0,4,1,80,20,46.08,7.84,288,49,3,1.415346293,3,3,-1.300798439,0,0.6971153846,1.318116246,534,weka.Bagging_SMO_PolyKernel,0.834951,Supervised Classification
11,balance-scale,625,5,3,class,0,0,0,4,1,80,20,46.08,7.84,288,49,3,1.415346293,3,3,-1.300798439,0,0.6971153846,1.318116246,364,weka.ZeroR,0.427184,Supervised Classification
11,balance-scale,625,5,3,class,0,0,0,4,1,80,20,46.08,7.84,288,49,3,1.415346293,3,3,-1.300798439,0,0.6971153846,1.318116246,375,weka.OneR,0.592233,Supervised Classification
11,balance-scale,625,5,3,class,0,0,0,4,1,80,20,46.08,7.84,288,49,3,1.415346293,3,3,-1.300798439,0,0.6971153846,1.318116246,376,weka.AdaBoostM1_DecisionStump,0.737864,Supervised Classification
11,balance-scale,625,5,3,class,0,0,0,4,1,80,20,46.08,7.84,288,49,3,1.415346293,3,3,-1.300798439,0,0.6971153846,1.318116246,378,weka.Bagging_REPTree,0.81068,Supervised Classification
11,balance-scale,625,5,3,class,0,0,0,4,1,80,20,46.08,7.84,288,49,3,1.415346293,3,3,-1.300798439,0,0.6971153846,1.318116246,677,weka.Logistic,0.854369,Supervised Classification
11,balance-scale,625,5,3,class,0,0,0,4,1,80,20,46.08,7.84,288,49,3,1.415346293,3,3,-1.300798439,0,0.6971153846,1.318116246,385,weka.SMO_PolyKernel,0.839806,Supervised Classification
11,balance-scale,625,5,3,class,0,0,0,4,1,80,20,46.08,7.84,288,49,3,1.415346293,3,3,-1.300798439,0,0.6971153846,1.318116246,387,weka.SMO_RBFKernel,0.820388,Supervised Classification
11,balance-scale,625,5,3,class,0,0,0,4,1,80,20,46.08,7.84,288,49,3,1.415346293,3,3,-1.300798439,0,0.6971153846,1.318116246,389,weka.IBk,0.805825,Supervised Classification
11,balance-scale,625,5,3,class,0,0,0,4,1,80,20,46.08,7.84,288,49,3,1.415346293,3,3,-1.300798439,0,0.6971153846,1.318116246,390,weka.JRip,0.805825,Supervised Classification
11,balance-scale,625,5,3,class,0,0,0,4,1,80,20,46.08,7.84,288,49,3,1.415346293,3,3,-1.300798439,0,0.6971153846,1.318116246,391,weka.RandomForest,0.815534,Supervised Classification
11,balance-scale,625,5,3,class,0,0,0,4,1,80,20,46.08,7.84,288,49,3,1.415346293,3,3,-1.300798439,0,0.6971153846,1.318116246,392,weka.A1DE,0.73301,Supervised Classification
11,balance-scale,625,5,3,class,0,0,0,4,1,80,20,46.08,7.84,288,49,3,1.415346293,3,3,-1.300798439,0,0.6971153846,1.318116246,398,weka.AdaBoostM1_BFTree,0.781553,Supervised Classification
11,balance-scale,625,5,3,class,0,0,0,4,1,80,20,46.08,7.84,288,49,3,1.415346293,3,3,-1.300798439,0,0.6971153846,1.318116246,398,weka.AdaBoostM1_BFTree,0.791262,Supervised Classification
11,balance-scale,625,5,3,class,0,0,0,4,1,80,20,46.08,7.84,288,49,3,1.415346293,3,3,-1.300798439,0,0.6971153846,1.318116246,398,weka.AdaBoostM1_BFTree,0.771845,Supervised Classification
11,balance-scale,625,5,3,class,0,0,0,4,1,80,20,46.08,7.84,288,49,3,1.415346293,3,3,-1.300798439,0,0.6971153846,1.318116246,404,weka.AdaBoostM1_IBk,0.805825,Supervised Classification
11,balance-scale,625,5,3,class,0,0,0,4,1,80,20,46.08,7.84,288,49,3,1.415346293,3,3,-1.300798439,0,0.6971153846,1.318116246,405,weka.AdaBoostM1_J48,0.76699,Supervised Classification
11,balance-scale,625,5,3,class,0,0,0,4,1,80,20,46.08,7.84,288,49,3,1.415346293,3,3,-1.300798439,0,0.6971153846,1.318116246,405,weka.AdaBoostM1_J48,0.771845,Supervised Classification
11,balance-scale,625,5,3,class,0,0,0,4,1,80,20,46.08,7.84,288,49,3,1.415346293,3,3,-1.300798439,0,0.6971153846,1.318116246,405,weka.AdaBoostM1_J48,0.796117,Supervised Classification
11,balance-scale,625,5,3,class,0,0,0,4,1,80,20,46.08,7.84,288,49,3,1.415346293,3,3,-1.300798439,0,0.6971153846,1.318116246,406,weka.AdaBoostM1_JRip,0.805825,Supervised Classification
11,balance-scale,625,5,3,class,0,0,0,4,1,80,20,46.08,7.84,288,49,3,1.415346293,3,3,-1.300798439,0,0.6971153846,1.318116246,407,weka.AdaBoostM1_LADTree,0.84466,Supervised Classification
11,balance-scale,625,5,3,class,0,0,0,4,1,80,20,46.08,7.84,288,49,3,1.415346293,3,3,-1.300798439,0,0.6971153846,1.318116246,407,weka.AdaBoostM1_LADTree,0.820388,Supervised Classification
11,balance-scale,625,5,3,class,0,0,0,4,1,80,20,46.08,7.84,288,49,3,1.415346293,3,3,-1.300798439,0,0.6971153846,1.318116246,411,weka.AdaBoostM1_LMT,0.893204,Supervised Classification
11,balance-scale,625,5,3,class,0,0,0,4,1,80,20,46.08,7.84,288,49,3,1.415346293,3,3,-1.300798439,0,0.6971153846,1.318116246,411,weka.AdaBoostM1_LMT,0.92233,Supervised Classification
11,balance-scale,625,5,3,class,0,0,0,4,1,80,20,46.08,7.84,288,49,3,1.415346293,3,3,-1.300798439,0,0.6971153846,1.318116246,411,weka.AdaBoostM1_LMT,0.902913,Supervised Classification
11,balance-scale,625,5,3,class,0,0,0,4,1,80,20,46.08,7.84,288,49,3,1.415346293,3,3,-1.300798439,0,0.6971153846,1.318116246,413,weka.AdaBoostM1_LWL_DecisionStump,0.757282,Supervised Classification
11,balance-scale,625,5,3,class,0,0,0,4,1,80,20,46.08,7.84,288,49,3,1.415346293,3,3,-1.300798439,0,0.6971153846,1.318116246,417,weka.AdaBoostM1_NaiveBayes,0.878641,Supervised Classification
11,balance-scale,625,5,3,class,0,0,0,4,1,80,20,46.08,7.84,288,49,3,1.415346293,3,3,-1.300798439,0,0.6971153846,1.318116246,417,weka.AdaBoostM1_NaiveBayes,0.873786,Supervised Classification
11,balance-scale,625,5,3,class,0,0,0,4,1,80,20,46.08,7.84,288,49,3,1.415346293,3,3,-1.300798439,0,0.6971153846,1.318116246,418,weka.AdaBoostM1_OneR,0.728155,Supervised Classification
11,balance-scale,625,5,3,class,0,0,0,4,1,80,20,46.08,7.84,288,49,3,1.415346293,3,3,-1.300798439,0,0.6971153846,1.318116246,419,weka.AdaBoostM1_RandomForest,0.81068,Supervised Classification
11,balance-scale,625,5,3,class,0,0,0,4,1,80,20,46.08,7.84,288,49,3,1.415346293,3,3,-1.300798439,0,0.6971153846,1.318116246,420,weka.AdaBoostM1_RandomTree,0.762136,Supervised Classification
11,balance-scale,625,5,3,class,0,0,0,4,1,80,20,46.08,7.84,288,49,3,1.415346293,3,3,-1.300798439,0,0.6971153846,1.318116246,422,weka.AdaBoostM1_REPTree,0.800971,Supervised Classification
11,balance-scale,625,5,3,class,0,0,0,4,1,80,20,46.08,7.84,288,49,3,1.415346293,3,3,-1.300798439,0,0.6971153846,1.318116246,423,weka.AdaBoostM1_SMO_PolyKernel,0.839806,Supervised Classification
11,balance-scale,625,5,3,class,0,0,0,4,1,80,20,46.08,7.84,288,49,3,1.415346293,3,3,-1.300798439,0,0.6971153846,1.318116246,1075,weka.NNge,0.791262,Supervised Classification
11,balance-scale,625,5,3,class,0,0,0,4,1,80,20,46.08,7.84,288,49,3,1.415346293,3,3,-1.300798439,0,0.6971153846,1.318116246,1076,weka.SimpleCart,0.786408,Supervised Classification
11,balance-scale,625,5,3,class,0,0,0,4,1,80,20,46.08,7.84,288,49,3,1.415346293,3,3,-1.300798439,0,0.6971153846,1.318116246,1077,weka.REPTree,0.771845,Supervised Classification
11,balance-scale,625,5,3,class,0,0,0,4,1,80,20,46.08,7.84,288,49,3,1.415346293,3,3,-1.300798439,0,0.6971153846,1.318116246,1078,weka.RandomTree,0.762136,Supervised Classification
11,balance-scale,625,5,3,class,0,0,0,4,1,80,20,46.08,7.84,288,49,3,1.415346293,3,3,-1.300798439,0,0.6971153846,1.318116246,1079,weka.RandomForest,0.815534,Supervised Classification
11,balance-scale,625,5,3,class,0,0,0,4,1,80,20,46.08,7.84,288,49,3,1.415346293,3,3,-1.300798439,0,0.6971153846,1.318116246,1080,weka.NBTree,0.73301,Supervised Classification
11,balance-scale,625,5,3,class,0,0,0,4,1,80,20,46.08,7.84,288,49,3,1.415346293,3,3,-1.300798439,0,0.6971153846,1.318116246,1168,weka.BayesNet_K2,0.73301,Supervised Classification
11,balance-scale,625,5,3,class,0,0,0,4,1,80,20,46.08,7.84,288,49,3,1.415346293,3,3,-1.300798439,0,0.6971153846,1.318116246,1112,weka.LibLINEAR,0.81068,Supervised Classification
11,balance-scale,625,5,3,class,0,0,0,4,1,80,20,46.08,7.84,288,49,3,1.415346293,3,3,-1.300798439,0,0.6971153846,1.318116246,1177,weka.SimpleLogistic,0.825243,Supervised Classification
11,balance-scale,625,5,3,class,0,0,0,4,1,80,20,46.08,7.84,288,49,3,1.415346293,3,3,-1.300798439,0,0.6971153846,1.318116246,1178,weka.SMO_PolyKernel,0.839806,Supervised Classification
11,balance-scale,625,5,3,class,0,0,0,4,1,80,20,46.08,7.84,288,49,3,1.415346293,3,3,-1.300798439,0,0.6971153846,1.318116246,1179,weka.SMO_RBFKernel,0.820388,Supervised Classification
11,balance-scale,625,5,3,class,0,0,0,4,1,80,20,46.08,7.84,288,49,3,1.415346293,3,3,-1.300798439,0,0.6971153846,1.318116246,1105,weka.IBk,0.815534,Supervised Classification
11,balance-scale,625,5,3,class,0,0,0,4,1,80,20,46.08,7.84,288,49,3,1.415346293,3,3,-1.300798439,0,0.6971153846,1.318116246,1105,weka.IBk,0.839806,Supervised Classification
11,balance-scale,625,5,3,class,0,0,0,4,1,80,20,46.08,7.84,288,49,3,1.415346293,3,3,-1.300798439,0,0.6971153846,1.318116246,1182,weka.AdaBoostM1_DecisionStump,0.737864,Supervised Classification
11,balance-scale,625,5,3,class,0,0,0,4,1,80,20,46.08,7.84,288,49,3,1.415346293,3,3,-1.300798439,0,0.6971153846,1.318116246,1183,weka.AttributeSelectedClassifier_CfsSubsetEval_BestFirst_J48,0.762136,Supervised Classification
11,balance-scale,625,5,3,class,0,0,0,4,1,80,20,46.08,7.84,288,49,3,1.415346293,3,3,-1.300798439,0,0.6971153846,1.318116246,1185,weka.Bagging_REPTree,0.834951,Supervised Classification
11,balance-scale,625,5,3,class,0,0,0,4,1,80,20,46.08,7.84,288,49,3,1.415346293,3,3,-1.300798439,0,0.6971153846,1.318116246,1191,weka.LogitBoost_DecisionStump,0.873786,Supervised Classification
11,balance-scale,625,5,3,class,0,0,0,4,1,80,20,46.08,7.84,288,49,3,1.415346293,3,3,-1.300798439,0,0.6971153846,1.318116246,1194,weka.RandomSubSpace_REPTree,0.800971,Supervised Classification
11,balance-scale,625,5,3,class,0,0,0,4,1,80,20,46.08,7.84,288,49,3,1.415346293,3,3,-1.300798439,0,0.6971153846,1.318116246,1100,weka.HyperPipes,0.427184,Supervised Classification
11,balance-scale,625,5,3,class,0,0,0,4,1,80,20,46.08,7.84,288,49,3,1.415346293,3,3,-1.300798439,0,0.6971153846,1.318116246,1101,weka.InputMappedClassifier_ZeroR,0.427184,Supervised Classification
11,balance-scale,625,5,3,class,0,0,0,4,1,80,20,46.08,7.84,288,49,3,1.415346293,3,3,-1.300798439,0,0.6971153846,1.318116246,1104,weka.IB1,0.752427,Supervised Classification
11,balance-scale,625,5,3,class,0,0,0,4,1,80,20,46.08,7.84,288,49,3,1.415346293,3,3,-1.300798439,0,0.6971153846,1.318116246,1185,weka.Bagging_REPTree,0.839806,Supervised Classification
11,balance-scale,625,5,3,class,0,0,0,4,1,80,20,46.08,7.84,288,49,3,1.415346293,3,3,-1.300798439,0,0.6971153846,1.318116246,1194,weka.RandomSubSpace_REPTree,0.786408,Supervised Classification
11,balance-scale,625,5,3,class,0,0,0,4,1,80,20,46.08,7.84,288,49,3,1.415346293,3,3,-1.300798439,0,0.6971153846,1.318116246,1197,weka.FURIA,0.81068,Supervised Classification
11,balance-scale,625,5,3,class,0,0,0,4,1,80,20,46.08,7.84,288,49,3,1.415346293,3,3,-1.300798439,0,0.6971153846,1.318116246,1200,weka.LADTree,0.820388,Supervised Classification
11,balance-scale,625,5,3,class,0,0,0,4,1,80,20,46.08,7.84,288,49,3,1.415346293,3,3,-1.300798439,0,0.6971153846,1.318116246,1084,weka.J48graft,0.762136,Supervised Classification
11,balance-scale,625,5,3,class,0,0,0,4,1,80,20,46.08,7.84,288,49,3,1.415346293,3,3,-1.300798439,0,0.6971153846,1.318116246,1088,weka.FT,0.873786,Supervised Classification
11,balance-scale,625,5,3,class,0,0,0,4,1,80,20,46.08,7.84,288,49,3,1.415346293,3,3,-1.300798439,0,0.6971153846,1.318116246,1089,weka.ExtraTree,0.737864,Supervised Classification
11,balance-scale,625,5,3,class,0,0,0,4,1,80,20,46.08,7.84,288,49,3,1.415346293,3,3,-1.300798439,0,0.6971153846,1.318116246,1094,weka.JRip,0.805825,Supervised Classification
11,balance-scale,625,5,3,class,0,0,0,4,1,80,20,46.08,7.84,288,49,3,1.415346293,3,3,-1.300798439,0,0.6971153846,1.318116246,1096,weka.DecisionTable_BestFirst,0.694175,Supervised Classification
11,balance-scale,625,5,3,class,0,0,0,4,1,80,20,46.08,7.84,288,49,3,1.415346293,3,3,-1.300798439,0,0.6971153846,1.318116246,1098,weka.ConjunctiveRule,0.635922,Supervised Classification
11,balance-scale,625,5,3,class,0,0,0,4,1,80,20,46.08,7.84,288,49,3,1.415346293,3,3,-1.300798439,0,0.6971153846,1.318116246,1114,weka.Logistic,0.854369,Supervised Classification
11,balance-scale,625,5,3,class,0,0,0,4,1,80,20,46.08,7.84,288,49,3,1.415346293,3,3,-1.300798439,0,0.6971153846,1.318116246,1117,weka.RBFClassifier,0.81068,Supervised Classification
11,balance-scale,625,5,3,class,0,0,0,4,1,80,20,46.08,7.84,288,49,3,1.415346293,3,3,-1.300798439,0,0.6971153846,1.318116246,1154,weka.NaiveBayes,0.849515,Supervised Classification
11,balance-scale,625,5,3,class,0,0,0,4,1,80,20,46.08,7.84,288,49,3,1.415346293,3,3,-1.300798439,0,0.6971153846,1.318116246,1155,weka.FilteredClassifier_Standardize_NaiveBayes,0.849515,Supervised Classification
11,balance-scale,625,5,3,class,0,0,0,4,1,80,20,46.08,7.84,288,49,3,1.415346293,3,3,-1.300798439,0,0.6971153846,1.318116246,1244,weka.FilteredClassifier_Discretize_J48,0.73301,Supervised Classification
11,balance-scale,625,5,3,class,0,0,0,4,1,80,20,46.08,7.84,288,49,3,1.415346293,3,3,-1.300798439,0,0.6971153846,1.318116246,1160,weka.AttributeSelectedClassifier_PrincipalComponents_Ranker_J48,0.776699,Supervised Classification
11,balance-scale,625,5,3,class,0,0,0,4,1,80,20,46.08,7.84,288,49,3,1.415346293,3,3,-1.300798439,0,0.6971153846,1.318116246,1163,weka.FilteredClassifier_PrincipalComponents_J48,0.776699,Supervised Classification
11,balance-scale,625,5,3,class,0,0,0,4,1,80,20,46.08,7.84,288,49,3,1.415346293,3,3,-1.300798439,0,0.6971153846,1.318116246,1165,weka.A1DE,0.73301,Supervised Classification
11,balance-scale,625,5,3,class,0,0,0,4,1,80,20,46.08,7.84,288,49,3,1.415346293,3,3,-1.300798439,0,0.6971153846,1.318116246,1172,weka.LibSVM,0.864078,Supervised Classification
11,balance-scale,625,5,3,class,0,0,0,4,1,80,20,46.08,7.84,288,49,3,1.415346293,3,3,-1.300798439,0,0.6971153846,1.318116246,1185,weka.Bagging_REPTree,0.81068,Supervised Classification
11,balance-scale,625,5,3,class,0,0,0,4,1,80,20,46.08,7.84,288,49,3,1.415346293,3,3,-1.300798439,0,0.6971153846,1.318116246,1185,weka.Bagging_REPTree,0.825243,Supervised Classification
11,balance-scale,625,5,3,class,0,0,0,4,1,80,20,46.08,7.84,288,49,3,1.415346293,3,3,-1.300798439,0,0.6971153846,1.318116246,1191,weka.LogitBoost_DecisionStump,0.898058,Supervised Classification
11,balance-scale,625,5,3,class,0,0,0,4,1,80,20,46.08,7.84,288,49,3,1.415346293,3,3,-1.300798439,0,0.6971153846,1.318116246,1191,weka.LogitBoost_DecisionStump,0.907767,Supervised Classification
11,balance-scale,625,5,3,class,0,0,0,4,1,80,20,46.08,7.84,288,49,3,1.415346293,3,3,-1.300798439,0,0.6971153846,1.318116246,1191,weka.LogitBoost_DecisionStump,0.927184,Supervised Classification
11,balance-scale,625,5,3,class,0,0,0,4,1,80,20,46.08,7.84,288,49,3,1.415346293,3,3,-1.300798439,0,0.6971153846,1.318116246,1194,weka.RandomSubSpace_REPTree,0.815534,Supervised Classification
11,balance-scale,625,5,3,class,0,0,0,4,1,80,20,46.08,7.84,288,49,3,1.415346293,3,3,-1.300798439,0,0.6971153846,1.318116246,1090,weka.DecisionStump,0.592233,Supervised Classification
11,balance-scale,625,5,3,class,0,0,0,4,1,80,20,46.08,7.84,288,49,3,1.415346293,3,3,-1.300798439,0,0.6971153846,1.318116246,1099,weka.CHIRP,0.88835,Supervised Classification
11,balance-scale,625,5,3,class,0,0,0,4,1,80,20,46.08,7.84,288,49,3,1.415346293,3,3,-1.300798439,0,0.6971153846,1.318116246,1103,weka.VFI,0.771845,Supervised Classification
11,balance-scale,625,5,3,class,0,0,0,4,1,80,20,46.08,7.84,288,49,3,1.415346293,3,3,-1.300798439,0,0.6971153846,1.318116246,1105,weka.IBk,0.805825,Supervised Classification
11,balance-scale,625,5,3,class,0,0,0,4,1,80,20,46.08,7.84,288,49,3,1.415346293,3,3,-1.300798439,0,0.6971153846,1.318116246,1106,weka.KStar,0.849515,Supervised Classification
11,balance-scale,625,5,3,class,0,0,0,4,1,80,20,46.08,7.84,288,49,3,1.415346293,3,3,-1.300798439,0,0.6971153846,1.318116246,1108,weka.LWL_DecisionStump,0.606796,Supervised Classification
11,balance-scale,625,5,3,class,0,0,0,4,1,80,20,46.08,7.84,288,49,3,1.415346293,3,3,-1.300798439,0,0.6971153846,1.318116246,1112,weka.LibLINEAR,0.815534,Supervised Classification
11,balance-scale,625,5,3,class,0,0,0,4,1,80,20,46.08,7.84,288,49,3,1.415346293,3,3,-1.300798439,0,0.6971153846,1.318116246,1087,weka.HoeffdingTree,0.849515,Supervised Classification
11,balance-scale,625,5,3,class,0,0,0,4,1,80,20,46.08,7.84,288,49,3,1.415346293,3,3,-1.300798439,0,0.6971153846,1.318116246,1166,weka.A2DE,0.73301,Supervised Classification
11,balance-scale,625,5,3,class,0,0,0,4,1,80,20,46.08,7.84,288,49,3,1.415346293,3,3,-1.300798439,0,0.6971153846,1.318116246,1194,weka.RandomSubSpace_REPTree,0.830097,Supervised Classification
11,balance-scale,625,5,3,class,0,0,0,4,1,80,20,46.08,7.84,288,49,3,1.415346293,3,3,-1.300798439,0,0.6971153846,1.318116246,1091,weka.BFTree,0.776699,Supervised Classification
11,balance-scale,625,5,3,class,0,0,0,4,1,80,20,46.08,7.84,288,49,3,1.415346293,3,3,-1.300798439,0,0.6971153846,1.318116246,1186,weka.Dagging_DecisionStump,0.781553,Supervised Classification
11,balance-scale,625,5,3,class,0,0,0,4,1,80,20,46.08,7.84,288,49,3,1.415346293,3,3,-1.300798439,0,0.6971153846,1.318116246,1187,weka.Decorate,0.81068,Supervised Classification
11,balance-scale,625,5,3,class,0,0,0,4,1,80,20,46.08,7.84,288,49,3,1.415346293,3,3,-1.300798439,0,0.6971153846,1.318116246,1188,weka.END_ND_J48,0.786408,Supervised Classification
11,balance-scale,625,5,3,class,0,0,0,4,1,80,20,46.08,7.84,288,49,3,1.415346293,3,3,-1.300798439,0,0.6971153846,1.318116246,1190,weka.Grading_ZeroR,0.427184,Supervised Classification
11,balance-scale,625,5,3,class,0,0,0,4,1,80,20,46.08,7.84,288,49,3,1.415346293,3,3,-1.300798439,0,0.6971153846,1.318116246,1192,weka.MultiBoostAB_DecisionStump,0.752427,Supervised Classification
11,balance-scale,625,5,3,class,0,0,0,4,1,80,20,46.08,7.84,288,49,3,1.415346293,3,3,-1.300798439,0,0.6971153846,1.318116246,1192,weka.MultiBoostAB_DecisionStump,0.737864,Supervised Classification
11,balance-scale,625,5,3,class,0,0,0,4,1,80,20,46.08,7.84,288,49,3,1.415346293,3,3,-1.300798439,0,0.6971153846,1.318116246,1193,weka.RacedIncrementalLogitBoost_DecisionStump,0.427184,Supervised Classification
11,balance-scale,625,5,3,class,0,0,0,4,1,80,20,46.08,7.84,288,49,3,1.415346293,3,3,-1.300798439,0,0.6971153846,1.318116246,1196,weka.RotationForest_PrincipalComponents_J48,0.878641,Supervised Classification
11,balance-scale,625,5,3,class,0,0,0,4,1,80,20,46.08,7.84,288,49,3,1.415346293,3,3,-1.300798439,0,0.6971153846,1.318116246,1196,weka.RotationForest_PrincipalComponents_J48,0.868932,Supervised Classification
11,balance-scale,625,5,3,class,0,0,0,4,1,80,20,46.08,7.84,288,49,3,1.415346293,3,3,-1.300798439,0,0.6971153846,1.318116246,5804,"sklearn.pipeline.Pipeline(pca=sklearn.decomposition.pca.PCA,randomforestclassifier=sklearn.ensemble.forest.RandomForestClassifier)",0.849515,Supervised Classification
11,balance-scale,625,5,3,class,0,0,0,4,1,80,20,46.08,7.84,288,49,3,1.415346293,3,3,-1.300798439,0,0.6971153846,1.318116246,18783,sklearn.linear_model._logistic.LogisticRegression,0.8203883495,Supervised Classification
28,optdigits,5620,65,10,class,0,0,0,64,1,98.46153846,1.538461538,10.17793594,9.857651246,572,554,4.911243327,3.686292465,0,11.98967972,168.5538693,5.451185659,0.09254315715,3.321832725,1068,weka.J48,0.885113,Supervised Classification
28,optdigits,5620,65,10,class,0,0,0,64,1,98.46153846,1.538461538,10.17793594,9.857651246,572,554,4.911243327,3.686292465,0,11.98967972,168.5538693,5.451185659,0.09254315715,3.321832725,1069,weka.ZeroR,0.097627,Supervised Classification
28,optdigits,5620,65,10,class,0,0,0,64,1,98.46153846,1.538461538,10.17793594,9.857651246,572,554,4.911243327,3.686292465,0,11.98967972,168.5538693,5.451185659,0.09254315715,3.321832725,1070,weka.Ridor,0.89644,Supervised Classification
28,optdigits,5620,65,10,class,0,0,0,64,1,98.46153846,1.538461538,10.17793594,9.857651246,572,554,4.911243327,3.686292465,0,11.98967972,168.5538693,5.451185659,0.09254315715,3.321832725,1071,weka.OneR,0.256203,Supervised Classification
28,optdigits,5620,65,10,class,0,0,0,64,1,98.46153846,1.538461538,10.17793594,9.857651246,572,554,4.911243327,3.686292465,0,11.98967972,168.5538693,5.451185659,0.09254315715,3.321832725,1073,weka.PART,0.922869,Supervised Classification
28,optdigits,5620,65,10,class,0,0,0,64,1,98.46153846,1.538461538,10.17793594,9.857651246,572,554,4.911243327,3.686292465,0,11.98967972,168.5538693,5.451185659,0.09254315715,3.321832725,1074,weka.OLM,0.105717,Supervised Classification
28,optdigits,5620,65,10,class,0,0,0,64,1,98.46153846,1.538461538,10.17793594,9.857651246,572,554,4.911243327,3.686292465,0,11.98967972,168.5538693,5.451185659,0.09254315715,3.321832725,1082,weka.LMT,0.967638,Supervised Classification
28,optdigits,5620,65,10,class,0,0,0,64,1,98.46153846,1.538461538,10.17793594,9.857651246,572,554,4.911243327,3.686292465,0,11.98967972,168.5538693,5.451185659,0.09254315715,3.321832725,1168,weka.BayesNet_K2,0.925027,Supervised Classification
28,optdigits,5620,65,10,class,0,0,0,64,1,98.46153846,1.538461538,10.17793594,9.857651246,572,554,4.911243327,3.686292465,0,11.98967972,168.5538693,5.451185659,0.09254315715,3.321832725,365,weka.J48,0.885113,Supervised Classification
28,optdigits,5620,65,10,class,0,0,0,64,1,98.46153846,1.538461538,10.17793594,9.857651246,572,554,4.911243327,3.686292465,0,11.98967972,168.5538693,5.451185659,0.09254315715,3.321832725,523,weka.Bagging_J48,0.947681,Supervised Classification
28,optdigits,5620,65,10,class,0,0,0,64,1,98.46153846,1.538461538,10.17793594,9.857651246,572,554,4.911243327,3.686292465,0,11.98967972,168.5538693,5.451185659,0.09254315715,3.321832725,523,weka.Bagging_J48,0.947141,Supervised Classification
28,optdigits,5620,65,10,class,0,0,0,64,1,98.46153846,1.538461538,10.17793594,9.857651246,572,554,4.911243327,3.686292465,0,11.98967972,168.5538693,5.451185659,0.09254315715,3.321832725,523,weka.Bagging_J48,0.944444,Supervised Classification
28,optdigits,5620,65,10,class,0,0,0,64,1,98.46153846,1.538461538,10.17793594,9.857651246,572,554,4.911243327,3.686292465,0,11.98967972,168.5538693,5.451185659,0.09254315715,3.321832725,524,weka.Bagging_JRip,0.978425,Supervised Classification
28,optdigits,5620,65,10,class,0,0,0,64,1,98.46153846,1.538461538,10.17793594,9.857651246,572,554,4.911243327,3.686292465,0,11.98967972,168.5538693,5.451185659,0.09254315715,3.321832725,524,weka.Bagging_JRip,0.976807,Supervised Classification
28,optdigits,5620,65,10,class,0,0,0,64,1,98.46153846,1.538461538,10.17793594,9.857651246,572,554,4.911243327,3.686292465,0,11.98967972,168.5538693,5.451185659,0.09254315715,3.321832725,527,weka.Bagging_LMT,0.977346,Supervised Classification
28,optdigits,5620,65,10,class,0,0,0,64,1,98.46153846,1.538461538,10.17793594,9.857651246,572,554,4.911243327,3.686292465,0,11.98967972,168.5538693,5.451185659,0.09254315715,3.321832725,527,weka.Bagging_LMT,0.977886,Supervised Classification
28,optdigits,5620,65,10,class,0,0,0,64,1,98.46153846,1.538461538,10.17793594,9.857651246,572,554,4.911243327,3.686292465,0,11.98967972,168.5538693,5.451185659,0.09254315715,3.321832725,527,weka.Bagging_LMT,0.975189,Supervised Classification
28,optdigits,5620,65,10,class,0,0,0,64,1,98.46153846,1.538461538,10.17793594,9.857651246,572,554,4.911243327,3.686292465,0,11.98967972,168.5538693,5.451185659,0.09254315715,3.321832725,527,weka.Bagging_LMT,0.97411,Supervised Classification
28,optdigits,5620,65,10,class,0,0,0,64,1,98.46153846,1.538461538,10.17793594,9.857651246,572,554,4.911243327,3.686292465,0,11.98967972,168.5538693,5.451185659,0.09254315715,3.321832725,528,weka.Bagging_LWL_DecisionStump,0.749191,Supervised Classification
28,optdigits,5620,65,10,class,0,0,0,64,1,98.46153846,1.538461538,10.17793594,9.857651246,572,554,4.911243327,3.686292465,0,11.98967972,168.5538693,5.451185659,0.09254315715,3.321832725,528,weka.Bagging_LWL_DecisionStump,0.754585,Supervised Classification
28,optdigits,5620,65,10,class,0,0,0,64,1,98.46153846,1.538461538,10.17793594,9.857651246,572,554,4.911243327,3.686292465,0,11.98967972,168.5538693,5.451185659,0.09254315715,3.321832725,528,weka.Bagging_LWL_DecisionStump,0.763215,Supervised Classification
28,optdigits,5620,65,10,class,0,0,0,64,1,98.46153846,1.538461538,10.17793594,9.857651246,572,554,4.911243327,3.686292465,0,11.98967972,168.5538693,5.451185659,0.09254315715,3.321832725,528,weka.Bagging_LWL_DecisionStump,0.757282,Supervised Classification
28,optdigits,5620,65,10,class,0,0,0,64,1,98.46153846,1.538461538,10.17793594,9.857651246,572,554,4.911243327,3.686292465,0,11.98967972,168.5538693,5.451185659,0.09254315715,3.321832725,528,weka.Bagging_LWL_DecisionStump,0.760518,Supervised Classification
28,optdigits,5620,65,10,class,0,0,0,64,1,98.46153846,1.538461538,10.17793594,9.857651246,572,554,4.911243327,3.686292465,0,11.98967972,168.5538693,5.451185659,0.09254315715,3.321832725,529,weka.Bagging_MultilayerPerceptron,0.983819,Supervised Classification
28,optdigits,5620,65,10,class,0,0,0,64,1,98.46153846,1.538461538,10.17793594,9.857651246,572,554,4.911243327,3.686292465,0,11.98967972,168.5538693,5.451185659,0.09254315715,3.321832725,530,weka.Bagging_NaiveBayes,0.918554,Supervised Classification
28,optdigits,5620,65,10,class,0,0,0,64,1,98.46153846,1.538461538,10.17793594,9.857651246,572,554,4.911243327,3.686292465,0,11.98967972,168.5538693,5.451185659,0.09254315715,3.321832725,530,weka.Bagging_NaiveBayes,0.917476,Supervised Classification
28,optdigits,5620,65,10,class,0,0,0,64,1,98.46153846,1.538461538,10.17793594,9.857651246,572,554,4.911243327,3.686292465,0,11.98967972,168.5538693,5.451185659,0.09254315715,3.321832725,506,weka.RotationForest_PrincipalComponents_J48,0.969795,Supervised Classification
28,optdigits,5620,65,10,class,0,0,0,64,1,98.46153846,1.538461538,10.17793594,9.857651246,572,554,4.911243327,3.686292465,0,11.98967972,168.5538693,5.451185659,0.09254315715,3.321832725,531,weka.Bagging_OneR,0.312298,Supervised Classification
28,optdigits,5620,65,10,class,0,0,0,64,1,98.46153846,1.538461538,10.17793594,9.857651246,572,554,4.911243327,3.686292465,0,11.98967972,168.5538693,5.451185659,0.09254315715,3.321832725,506,weka.RotationForest_PrincipalComponents_J48,0.983819,Supervised Classification
28,optdigits,5620,65,10,class,0,0,0,64,1,98.46153846,1.538461538,10.17793594,9.857651246,572,554,4.911243327,3.686292465,0,11.98967972,168.5538693,5.451185659,0.09254315715,3.321832725,531,weka.Bagging_OneR,0.320388,Supervised Classification
28,optdigits,5620,65,10,class,0,0,0,64,1,98.46153846,1.538461538,10.17793594,9.857651246,572,554,4.911243327,3.686292465,0,11.98967972,168.5538693,5.451185659,0.09254315715,3.321832725,531,weka.Bagging_OneR,0.325782,Supervised Classification
28,optdigits,5620,65,10,class,0,0,0,64,1,98.46153846,1.538461538,10.17793594,9.857651246,572,554,4.911243327,3.686292465,0,11.98967972,168.5538693,5.451185659,0.09254315715,3.321832725,531,weka.Bagging_OneR,0.313916,Supervised Classification
28,optdigits,5620,65,10,class,0,0,0,64,1,98.46153846,1.538461538,10.17793594,9.857651246,572,554,4.911243327,3.686292465,0,11.98967972,168.5538693,5.451185659,0.09254315715,3.321832725,532,weka.Bagging_RandomForest,0.980583,Supervised Classification
28,optdigits,5620,65,10,class,0,0,0,64,1,98.46153846,1.538461538,10.17793594,9.857651246,572,554,4.911243327,3.686292465,0,11.98967972,168.5538693,5.451185659,0.09254315715,3.321832725,532,weka.Bagging_RandomForest,0.979504,Supervised Classification
28,optdigits,5620,65,10,class,0,0,0,64,1,98.46153846,1.538461538,10.17793594,9.857651246,572,554,4.911243327,3.686292465,0,11.98967972,168.5538693,5.451185659,0.09254315715,3.321832725,533,weka.Bagging_RandomTree,0.979504,Supervised Classification
28,optdigits,5620,65,10,class,0,0,0,64,1,98.46153846,1.538461538,10.17793594,9.857651246,572,554,4.911243327,3.686292465,0,11.98967972,168.5538693,5.451185659,0.09254315715,3.321832725,533,weka.Bagging_RandomTree,0.980043,Supervised Classification
28,optdigits,5620,65,10,class,0,0,0,64,1,98.46153846,1.538461538,10.17793594,9.857651246,572,554,4.911243327,3.686292465,0,11.98967972,168.5538693,5.451185659,0.09254315715,3.321832725,533,weka.Bagging_RandomTree,0.977886,Supervised Classification
28,optdigits,5620,65,10,class,0,0,0,64,1,98.46153846,1.538461538,10.17793594,9.857651246,572,554,4.911243327,3.686292465,0,11.98967972,168.5538693,5.451185659,0.09254315715,3.321832725,378,weka.Bagging_REPTree,0.940669,Supervised Classification
28,optdigits,5620,65,10,class,0,0,0,64,1,98.46153846,1.538461538,10.17793594,9.857651246,572,554,4.911243327,3.686292465,0,11.98967972,168.5538693,5.451185659,0.09254315715,3.321832725,378,weka.Bagging_REPTree,0.946602,Supervised Classification
28,optdigits,5620,65,10,class,0,0,0,64,1,98.46153846,1.538461538,10.17793594,9.857651246,572,554,4.911243327,3.686292465,0,11.98967972,168.5538693,5.451185659,0.09254315715,3.321832725,378,weka.Bagging_REPTree,0.94822,Supervised Classification
28,optdigits,5620,65,10,class,0,0,0,64,1,98.46153846,1.538461538,10.17793594,9.857651246,572,554,4.911243327,3.686292465,0,11.98967972,168.5538693,5.451185659,0.09254315715,3.321832725,534,weka.Bagging_SMO_PolyKernel,0.984898,Supervised Classification
28,optdigits,5620,65,10,class,0,0,0,64,1,98.46153846,1.538461538,10.17793594,9.857651246,572,554,4.911243327,3.686292465,0,11.98967972,168.5538693,5.451185659,0.09254315715,3.321832725,534,weka.Bagging_SMO_PolyKernel,0.985976,Supervised Classification
28,optdigits,5620,65,10,class,0,0,0,64,1,98.46153846,1.538461538,10.17793594,9.857651246,572,554,4.911243327,3.686292465,0,11.98967972,168.5538693,5.451185659,0.09254315715,3.321832725,534,weka.Bagging_SMO_PolyKernel,0.984358,Supervised Classification
28,optdigits,5620,65,10,class,0,0,0,64,1,98.46153846,1.538461538,10.17793594,9.857651246,572,554,4.911243327,3.686292465,0,11.98967972,168.5538693,5.451185659,0.09254315715,3.321832725,441,weka.ComplementNaiveBayes,0.807443,Supervised Classification
28,optdigits,5620,65,10,class,0,0,0,64,1,98.46153846,1.538461538,10.17793594,9.857651246,572,554,4.911243327,3.686292465,0,11.98967972,168.5538693,5.451185659,0.09254315715,3.321832725,675,weka.J48,0.885113,Supervised Classification
28,optdigits,5620,65,10,class,0,0,0,64,1,98.46153846,1.538461538,10.17793594,9.857651246,572,554,4.911243327,3.686292465,0,11.98967972,168.5538693,5.451185659,0.09254315715,3.321832725,375,weka.OneR,0.256203,Supervised Classification
28,optdigits,5620,65,10,class,0,0,0,64,1,98.46153846,1.538461538,10.17793594,9.857651246,572,554,4.911243327,3.686292465,0,11.98967972,168.5538693,5.451185659,0.09254315715,3.321832725,376,weka.AdaBoostM1_DecisionStump,0.18932,Supervised Classification
28,optdigits,5620,65,10,class,0,0,0,64,1,98.46153846,1.538461538,10.17793594,9.857651246,572,554,4.911243327,3.686292465,0,11.98967972,168.5538693,5.451185659,0.09254315715,3.321832725,378,weka.Bagging_REPTree,0.937433,Supervised Classification
28,optdigits,5620,65,10,class,0,0,0,64,1,98.46153846,1.538461538,10.17793594,9.857651246,572,554,4.911243327,3.686292465,0,11.98967972,168.5538693,5.451185659,0.09254315715,3.321832725,380,weka.NaiveBayes,0.918015,Supervised Classification
28,optdigits,5620,65,10,class,0,0,0,64,1,98.46153846,1.538461538,10.17793594,9.857651246,572,554,4.911243327,3.686292465,0,11.98967972,168.5538693,5.451185659,0.09254315715,3.321832725,677,weka.Logistic,0.940669,Supervised Classification
28,optdigits,5620,65,10,class,0,0,0,64,1,98.46153846,1.538461538,10.17793594,9.857651246,572,554,4.911243327,3.686292465,0,11.98967972,168.5538693,5.451185659,0.09254315715,3.321832725,385,weka.SMO_PolyKernel,0.98274,Supervised Classification
28,optdigits,5620,65,10,class,0,0,0,64,1,98.46153846,1.538461538,10.17793594,9.857651246,572,554,4.911243327,3.686292465,0,11.98967972,168.5538693,5.451185659,0.09254315715,3.321832725,387,weka.SMO_RBFKernel,0.969795,Supervised Classification
28,optdigits,5620,65,10,class,0,0,0,64,1,98.46153846,1.538461538,10.17793594,9.857651246,572,554,4.911243327,3.686292465,0,11.98967972,168.5538693,5.451185659,0.09254315715,3.321832725,389,weka.IBk,0.984898,Supervised Classification
28,optdigits,5620,65,10,class,0,0,0,64,1,98.46153846,1.538461538,10.17793594,9.857651246,572,554,4.911243327,3.686292465,0,11.98967972,168.5538693,5.451185659,0.09254315715,3.321832725,390,weka.JRip,0.878101,Supervised Classification
28,optdigits,5620,65,10,class,0,0,0,64,1,98.46153846,1.538461538,10.17793594,9.857651246,572,554,4.911243327,3.686292465,0,11.98967972,168.5538693,5.451185659,0.09254315715,3.321832725,391,weka.RandomForest,0.982201,Supervised Classification
28,optdigits,5620,65,10,class,0,0,0,64,1,98.46153846,1.538461538,10.17793594,9.857651246,572,554,4.911243327,3.686292465,0,11.98967972,168.5538693,5.451185659,0.09254315715,3.321832725,392,weka.A1DE,0.968177,Supervised Classification
28,optdigits,5620,65,10,class,0,0,0,64,1,98.46153846,1.538461538,10.17793594,9.857651246,572,554,4.911243327,3.686292465,0,11.98967972,168.5538693,5.451185659,0.09254315715,3.321832725,398,weka.AdaBoostM1_BFTree,0.97411,Supervised Classification
28,optdigits,5620,65,10,class,0,0,0,64,1,98.46153846,1.538461538,10.17793594,9.857651246,572,554,4.911243327,3.686292465,0,11.98967972,168.5538693,5.451185659,0.09254315715,3.321832725,398,weka.AdaBoostM1_BFTree,0.980583,Supervised Classification
28,optdigits,5620,65,10,class,0,0,0,64,1,98.46153846,1.538461538,10.17793594,9.857651246,572,554,4.911243327,3.686292465,0,11.98967972,168.5538693,5.451185659,0.09254315715,3.321832725,404,weka.AdaBoostM1_IBk,0.984898,Supervised Classification
28,optdigits,5620,65,10,class,0,0,0,64,1,98.46153846,1.538461538,10.17793594,9.857651246,572,554,4.911243327,3.686292465,0,11.98967972,168.5538693,5.451185659,0.09254315715,3.321832725,405,weka.AdaBoostM1_J48,0.987594,Supervised Classification
28,optdigits,5620,65,10,class,0,0,0,64,1,98.46153846,1.538461538,10.17793594,9.857651246,572,554,4.911243327,3.686292465,0,11.98967972,168.5538693,5.451185659,0.09254315715,3.321832725,405,weka.AdaBoostM1_J48,0.985976,Supervised Classification
28,optdigits,5620,65,10,class,0,0,0,64,1,98.46153846,1.538461538,10.17793594,9.857651246,572,554,4.911243327,3.686292465,0,11.98967972,168.5538693,5.451185659,0.09254315715,3.321832725,405,weka.AdaBoostM1_J48,0.98274,Supervised Classification
28,optdigits,5620,65,10,class,0,0,0,64,1,98.46153846,1.538461538,10.17793594,9.857651246,572,554,4.911243327,3.686292465,0,11.98967972,168.5538693,5.451185659,0.09254315715,3.321832725,405,weka.AdaBoostM1_J48,0.980583,Supervised Classification
28,optdigits,5620,65,10,class,0,0,0,64,1,98.46153846,1.538461538,10.17793594,9.857651246,572,554,4.911243327,3.686292465,0,11.98967972,168.5538693,5.451185659,0.09254315715,3.321832725,405,weka.AdaBoostM1_J48,0.973031,Supervised Classification
28,optdigits,5620,65,10,class,0,0,0,64,1,98.46153846,1.538461538,10.17793594,9.857651246,572,554,4.911243327,3.686292465,0,11.98967972,168.5538693,5.451185659,0.09254315715,3.321832725,406,weka.AdaBoostM1_JRip,0.973031,Supervised Classification
28,optdigits,5620,65,10,class,0,0,0,64,1,98.46153846,1.538461538,10.17793594,9.857651246,572,554,4.911243327,3.686292465,0,11.98967972,168.5538693,5.451185659,0.09254315715,3.321832725,406,weka.AdaBoostM1_JRip,0.976807,Supervised Classification
28,optdigits,5620,65,10,class,0,0,0,64,1,98.46153846,1.538461538,10.17793594,9.857651246,572,554,4.911243327,3.686292465,0,11.98967972,168.5538693,5.451185659,0.09254315715,3.321832725,406,weka.AdaBoostM1_JRip,0.983279,Supervised Classification
28,optdigits,5620,65,10,class,0,0,0,64,1,98.46153846,1.538461538,10.17793594,9.857651246,572,554,4.911243327,3.686292465,0,11.98967972,168.5538693,5.451185659,0.09254315715,3.321832725,406,weka.AdaBoostM1_JRip,0.984358,Supervised Classification
28,optdigits,5620,65,10,class,0,0,0,64,1,98.46153846,1.538461538,10.17793594,9.857651246,572,554,4.911243327,3.686292465,0,11.98967972,168.5538693,5.451185659,0.09254315715,3.321832725,406,weka.AdaBoostM1_JRip,0.984898,Supervised Classification
28,optdigits,5620,65,10,class,0,0,0,64,1,98.46153846,1.538461538,10.17793594,9.857651246,572,554,4.911243327,3.686292465,0,11.98967972,168.5538693,5.451185659,0.09254315715,3.321832725,407,weka.AdaBoostM1_LADTree,0.921251,Supervised Classification
28,optdigits,5620,65,10,class,0,0,0,64,1,98.46153846,1.538461538,10.17793594,9.857651246,572,554,4.911243327,3.686292465,0,11.98967972,168.5538693,5.451185659,0.09254315715,3.321832725,398,weka.AdaBoostM1_BFTree,0.982201,Supervised Classification
28,optdigits,5620,65,10,class,0,0,0,64,1,98.46153846,1.538461538,10.17793594,9.857651246,572,554,4.911243327,3.686292465,0,11.98967972,168.5538693,5.451185659,0.09254315715,3.321832725,407,weka.AdaBoostM1_LADTree,0.919094,Supervised Classification
28,optdigits,5620,65,10,class,0,0,0,64,1,98.46153846,1.538461538,10.17793594,9.857651246,572,554,4.911243327,3.686292465,0,11.98967972,168.5538693,5.451185659,0.09254315715,3.321832725,411,weka.AdaBoostM1_LMT,0.978425,Supervised Classification
28,optdigits,5620,65,10,class,0,0,0,64,1,98.46153846,1.538461538,10.17793594,9.857651246,572,554,4.911243327,3.686292465,0,11.98967972,168.5538693,5.451185659,0.09254315715,3.321832725,411,weka.AdaBoostM1_LMT,0.981122,Supervised Classification
28,optdigits,5620,65,10,class,0,0,0,64,1,98.46153846,1.538461538,10.17793594,9.857651246,572,554,4.911243327,3.686292465,0,11.98967972,168.5538693,5.451185659,0.09254315715,3.321832725,411,weka.AdaBoostM1_LMT,0.982201,Supervised Classification
28,optdigits,5620,65,10,class,0,0,0,64,1,98.46153846,1.538461538,10.17793594,9.857651246,572,554,4.911243327,3.686292465,0,11.98967972,168.5538693,5.451185659,0.09254315715,3.321832725,411,weka.AdaBoostM1_LMT,0.983279,Supervised Classification
28,optdigits,5620,65,10,class,0,0,0,64,1,98.46153846,1.538461538,10.17793594,9.857651246,572,554,4.911243327,3.686292465,0,11.98967972,168.5538693,5.451185659,0.09254315715,3.321832725,411,weka.AdaBoostM1_LMT,0.98274,Supervised Classification
28,optdigits,5620,65,10,class,0,0,0,64,1,98.46153846,1.538461538,10.17793594,9.857651246,572,554,4.911243327,3.686292465,0,11.98967972,168.5538693,5.451185659,0.09254315715,3.321832725,413,weka.AdaBoostM1_LWL_DecisionStump,0.941208,Supervised Classification
28,optdigits,5620,65,10,class,0,0,0,64,1,98.46153846,1.538461538,10.17793594,9.857651246,572,554,4.911243327,3.686292465,0,11.98967972,168.5538693,5.451185659,0.09254315715,3.321832725,413,weka.AdaBoostM1_LWL_DecisionStump,0.937433,Supervised Classification
28,optdigits,5620,65,10,class,0,0,0,64,1,98.46153846,1.538461538,10.17793594,9.857651246,572,554,4.911243327,3.686292465,0,11.98967972,168.5538693,5.451185659,0.09254315715,3.321832725,413,weka.AdaBoostM1_LWL_DecisionStump,0.928803,Supervised Classification
28,optdigits,5620,65,10,class,0,0,0,64,1,98.46153846,1.538461538,10.17793594,9.857651246,572,554,4.911243327,3.686292465,0,11.98967972,168.5538693,5.451185659,0.09254315715,3.321832725,417,weka.AdaBoostM1_NaiveBayes,0.918015,Supervised Classification
28,optdigits,5620,65,10,class,0,0,0,64,1,98.46153846,1.538461538,10.17793594,9.857651246,572,554,4.911243327,3.686292465,0,11.98967972,168.5538693,5.451185659,0.09254315715,3.321832725,418,weka.AdaBoostM1_OneR,0.231392,Supervised Classification
28,optdigits,5620,65,10,class,0,0,0,64,1,98.46153846,1.538461538,10.17793594,9.857651246,572,554,4.911243327,3.686292465,0,11.98967972,168.5538693,5.451185659,0.09254315715,3.321832725,419,weka.AdaBoostM1_RandomForest,0.982201,Supervised Classification
28,optdigits,5620,65,10,class,0,0,0,64,1,98.46153846,1.538461538,10.17793594,9.857651246,572,554,4.911243327,3.686292465,0,11.98967972,168.5538693,5.451185659,0.09254315715,3.321832725,420,weka.AdaBoostM1_RandomTree,0.847896,Supervised Classification
28,optdigits,5620,65,10,class,0,0,0,64,1,98.46153846,1.538461538,10.17793594,9.857651246,572,554,4.911243327,3.686292465,0,11.98967972,168.5538693,5.451185659,0.09254315715,3.321832725,422,weka.AdaBoostM1_REPTree,0.987055,Supervised Classification
28,optdigits,5620,65,10,class,0,0,0,64,1,98.46153846,1.538461538,10.17793594,9.857651246,572,554,4.911243327,3.686292465,0,11.98967972,168.5538693,5.451185659,0.09254315715,3.321832725,422,weka.AdaBoostM1_REPTree,0.984898,Supervised Classification
28,optdigits,5620,65,10,class,0,0,0,64,1,98.46153846,1.538461538,10.17793594,9.857651246,572,554,4.911243327,3.686292465,0,11.98967972,168.5538693,5.451185659,0.09254315715,3.321832725,422,weka.AdaBoostM1_REPTree,0.981661,Supervised Classification
28,optdigits,5620,65,10,class,0,0,0,64,1,98.46153846,1.538461538,10.17793594,9.857651246,572,554,4.911243327,3.686292465,0,11.98967972,168.5538693,5.451185659,0.09254315715,3.321832725,422,weka.AdaBoostM1_REPTree,0.977346,Supervised Classification
28,optdigits,5620,65,10,class,0,0,0,64,1,98.46153846,1.538461538,10.17793594,9.857651246,572,554,4.911243327,3.686292465,0,11.98967972,168.5538693,5.451185659,0.09254315715,3.321832725,422,weka.AdaBoostM1_REPTree,0.962783,Supervised Classification
28,optdigits,5620,65,10,class,0,0,0,64,1,98.46153846,1.538461538,10.17793594,9.857651246,572,554,4.911243327,3.686292465,0,11.98967972,168.5538693,5.451185659,0.09254315715,3.321832725,423,weka.AdaBoostM1_SMO_PolyKernel,0.980043,Supervised Classification
28,optdigits,5620,65,10,class,0,0,0,64,1,98.46153846,1.538461538,10.17793594,9.857651246,572,554,4.911243327,3.686292465,0,11.98967972,168.5538693,5.451185659,0.09254315715,3.321832725,423,weka.AdaBoostM1_SMO_PolyKernel,0.977886,Supervised Classification
28,optdigits,5620,65,10,class,0,0,0,64,1,98.46153846,1.538461538,10.17793594,9.857651246,572,554,4.911243327,3.686292465,0,11.98967972,168.5538693,5.451185659,0.09254315715,3.321832725,423,weka.AdaBoostM1_SMO_PolyKernel,0.977346,Supervised Classification
28,optdigits,5620,65,10,class,0,0,0,64,1,98.46153846,1.538461538,10.17793594,9.857651246,572,554,4.911243327,3.686292465,0,11.98967972,168.5538693,5.451185659,0.09254315715,3.321832725,423,weka.AdaBoostM1_SMO_PolyKernel,0.976807,Supervised Classification
28,optdigits,5620,65,10,class,0,0,0,64,1,98.46153846,1.538461538,10.17793594,9.857651246,572,554,4.911243327,3.686292465,0,11.98967972,168.5538693,5.451185659,0.09254315715,3.321832725,1075,weka.NNge,0.927184,Supervised Classification
28,optdigits,5620,65,10,class,0,0,0,64,1,98.46153846,1.538461538,10.17793594,9.857651246,572,554,4.911243327,3.686292465,0,11.98967972,168.5538693,5.451185659,0.09254315715,3.321832725,1076,weka.SimpleCart,0.905609,Supervised Classification
28,optdigits,5620,65,10,class,0,0,0,64,1,98.46153846,1.538461538,10.17793594,9.857651246,572,554,4.911243327,3.686292465,0,11.98967972,168.5538693,5.451185659,0.09254315715,3.321832725,1077,weka.REPTree,0.869471,Supervised Classification
28,optdigits,5620,65,10,class,0,0,0,64,1,98.46153846,1.538461538,10.17793594,9.857651246,572,554,4.911243327,3.686292465,0,11.98967972,168.5538693,5.451185659,0.09254315715,3.321832725,1078,weka.RandomTree,0.840885,Supervised Classification
28,optdigits,5620,65,10,class,0,0,0,64,1,98.46153846,1.538461538,10.17793594,9.857651246,572,554,4.911243327,3.686292465,0,11.98967972,168.5538693,5.451185659,0.09254315715,3.321832725,1079,weka.RandomForest,0.982201,Supervised Classification
28,optdigits,5620,65,10,class,0,0,0,64,1,98.46153846,1.538461538,10.17793594,9.857651246,572,554,4.911243327,3.686292465,0,11.98967972,168.5538693,5.451185659,0.09254315715,3.321832725,1080,weka.NBTree,0.886192,Supervised Classification
28,optdigits,5620,65,10,class,0,0,0,64,1,98.46153846,1.538461538,10.17793594,9.857651246,572,554,4.911243327,3.686292465,0,11.98967972,168.5538693,5.451185659,0.09254315715,3.321832725,1112,weka.LibLINEAR,0.955232,Supervised Classification
28,optdigits,5620,65,10,class,0,0,0,64,1,98.46153846,1.538461538,10.17793594,9.857651246,572,554,4.911243327,3.686292465,0,11.98967972,168.5538693,5.451185659,0.09254315715,3.321832725,1177,weka.SimpleLogistic,0.967638,Supervised Classification
28,optdigits,5620,65,10,class,0,0,0,64,1,98.46153846,1.538461538,10.17793594,9.857651246,572,554,4.911243327,3.686292465,0,11.98967972,168.5538693,5.451185659,0.09254315715,3.321832725,1178,weka.SMO_PolyKernel,0.98274,Supervised Classification
28,optdigits,5620,65,10,class,0,0,0,64,1,98.46153846,1.538461538,10.17793594,9.857651246,572,554,4.911243327,3.686292465,0,11.98967972,168.5538693,5.451185659,0.09254315715,3.321832725,1179,weka.SMO_RBFKernel,0.969795,Supervised Classification
28,optdigits,5620,65,10,class,0,0,0,64,1,98.46153846,1.538461538,10.17793594,9.857651246,572,554,4.911243327,3.686292465,0,11.98967972,168.5538693,5.451185659,0.09254315715,3.321832725,1105,weka.IBk,0.985437,Supervised Classification
28,optdigits,5620,65,10,class,0,0,0,64,1,98.46153846,1.538461538,10.17793594,9.857651246,572,554,4.911243327,3.686292465,0,11.98967972,168.5538693,5.451185659,0.09254315715,3.321832725,1105,weka.IBk,0.985976,Supervised Classification
28,optdigits,5620,65,10,class,0,0,0,64,1,98.46153846,1.538461538,10.17793594,9.857651246,572,554,4.911243327,3.686292465,0,11.98967972,168.5538693,5.451185659,0.09254315715,3.321832725,1182,weka.AdaBoostM1_DecisionStump,0.18932,Supervised Classification
28,optdigits,5620,65,10,class,0,0,0,64,1,98.46153846,1.538461538,10.17793594,9.857651246,572,554,4.911243327,3.686292465,0,11.98967972,168.5538693,5.451185659,0.09254315715,3.321832725,1183,weka.AttributeSelectedClassifier_CfsSubsetEval_BestFirst_J48,0.886731,Supervised Classification
28,optdigits,5620,65,10,class,0,0,0,64,1,98.46153846,1.538461538,10.17793594,9.857651246,572,554,4.911243327,3.686292465,0,11.98967972,168.5538693,5.451185659,0.09254315715,3.321832725,1185,weka.Bagging_REPTree,0.940669,Supervised Classification
28,optdigits,5620,65,10,class,0,0,0,64,1,98.46153846,1.538461538,10.17793594,9.857651246,572,554,4.911243327,3.686292465,0,11.98967972,168.5538693,5.451185659,0.09254315715,3.321832725,1191,weka.LogitBoost_DecisionStump,0.916397,Supervised Classification
28,optdigits,5620,65,10,class,0,0,0,64,1,98.46153846,1.538461538,10.17793594,9.857651246,572,554,4.911243327,3.686292465,0,11.98967972,168.5538693,5.451185659,0.09254315715,3.321832725,1194,weka.RandomSubSpace_REPTree,0.953074,Supervised Classification
28,optdigits,5620,65,10,class,0,0,0,64,1,98.46153846,1.538461538,10.17793594,9.857651246,572,554,4.911243327,3.686292465,0,11.98967972,168.5538693,5.451185659,0.09254315715,3.321832725,1194,weka.RandomSubSpace_REPTree,0.962244,Supervised Classification
28,optdigits,5620,65,10,class,0,0,0,64,1,98.46153846,1.538461538,10.17793594,9.857651246,572,554,4.911243327,3.686292465,0,11.98967972,168.5538693,5.451185659,0.09254315715,3.321832725,1194,weka.RandomSubSpace_REPTree,0.970334,Supervised Classification
28,optdigits,5620,65,10,class,0,0,0,64,1,98.46153846,1.538461538,10.17793594,9.857651246,572,554,4.911243327,3.686292465,0,11.98967972,168.5538693,5.451185659,0.09254315715,3.321832725,1087,weka.HoeffdingTree,0.858145,Supervised Classification
28,optdigits,5620,65,10,class,0,0,0,64,1,98.46153846,1.538461538,10.17793594,9.857651246,572,554,4.911243327,3.686292465,0,11.98967972,168.5538693,5.451185659,0.09254315715,3.321832725,1090,weka.DecisionStump,0.18932,Supervised Classification
28,optdigits,5620,65,10,class,0,0,0,64,1,98.46153846,1.538461538,10.17793594,9.857651246,572,554,4.911243327,3.686292465,0,11.98967972,168.5538693,5.451185659,0.09254315715,3.321832725,1095,weka.DTNB,0.921791,Supervised Classification
28,optdigits,5620,65,10,class,0,0,0,64,1,98.46153846,1.538461538,10.17793594,9.857651246,572,554,4.911243327,3.686292465,0,11.98967972,168.5538693,5.451185659,0.09254315715,3.321832725,1098,weka.ConjunctiveRule,0.182848,Supervised Classification
28,optdigits,5620,65,10,class,0,0,0,64,1,98.46153846,1.538461538,10.17793594,9.857651246,572,554,4.911243327,3.686292465,0,11.98967972,168.5538693,5.451185659,0.09254315715,3.321832725,1100,weka.HyperPipes,0.332794,Supervised Classification
28,optdigits,5620,65,10,class,0,0,0,64,1,98.46153846,1.538461538,10.17793594,9.857651246,572,554,4.911243327,3.686292465,0,11.98967972,168.5538693,5.451185659,0.09254315715,3.321832725,1101,weka.InputMappedClassifier_ZeroR,0.097627,Supervised Classification
28,optdigits,5620,65,10,class,0,0,0,64,1,98.46153846,1.538461538,10.17793594,9.857651246,572,554,4.911243327,3.686292465,0,11.98967972,168.5538693,5.451185659,0.09254315715,3.321832725,1154,weka.NaiveBayes,0.918015,Supervised Classification
28,optdigits,5620,65,10,class,0,0,0,64,1,98.46153846,1.538461538,10.17793594,9.857651246,572,554,4.911243327,3.686292465,0,11.98967972,168.5538693,5.451185659,0.09254315715,3.321832725,1185,weka.Bagging_REPTree,0.946063,Supervised Classification
28,optdigits,5620,65,10,class,0,0,0,64,1,98.46153846,1.538461538,10.17793594,9.857651246,572,554,4.911243327,3.686292465,0,11.98967972,168.5538693,5.451185659,0.09254315715,3.321832725,1185,weka.Bagging_REPTree,0.946602,Supervised Classification
28,optdigits,5620,65,10,class,0,0,0,64,1,98.46153846,1.538461538,10.17793594,9.857651246,572,554,4.911243327,3.686292465,0,11.98967972,168.5538693,5.451185659,0.09254315715,3.321832725,1185,weka.Bagging_REPTree,0.94822,Supervised Classification
28,optdigits,5620,65,10,class,0,0,0,64,1,98.46153846,1.538461538,10.17793594,9.857651246,572,554,4.911243327,3.686292465,0,11.98967972,168.5538693,5.451185659,0.09254315715,3.321832725,1191,weka.LogitBoost_DecisionStump,0.950917,Supervised Classification
28,optdigits,5620,65,10,class,0,0,0,64,1,98.46153846,1.538461538,10.17793594,9.857651246,572,554,4.911243327,3.686292465,0,11.98967972,168.5538693,5.451185659,0.09254315715,3.321832725,1197,weka.FURIA,0.960086,Supervised Classification
28,optdigits,5620,65,10,class,0,0,0,64,1,98.46153846,1.538461538,10.17793594,9.857651246,572,554,4.911243327,3.686292465,0,11.98967972,168.5538693,5.451185659,0.09254315715,3.321832725,1200,weka.LADTree,0.796656,Supervised Classification
28,optdigits,5620,65,10,class,0,0,0,64,1,98.46153846,1.538461538,10.17793594,9.857651246,572,554,4.911243327,3.686292465,0,11.98967972,168.5538693,5.451185659,0.09254315715,3.321832725,1094,weka.JRip,0.878101,Supervised Classification
28,optdigits,5620,65,10,class,0,0,0,64,1,98.46153846,1.538461538,10.17793594,9.857651246,572,554,4.911243327,3.686292465,0,11.98967972,168.5538693,5.451185659,0.09254315715,3.321832725,1096,weka.DecisionTable_BestFirst,0.600863,Supervised Classification
28,optdigits,5620,65,10,class,0,0,0,64,1,98.46153846,1.538461538,10.17793594,9.857651246,572,554,4.911243327,3.686292465,0,11.98967972,168.5538693,5.451185659,0.09254315715,3.321832725,1099,weka.CHIRP,0.95685,Supervised Classification
28,optdigits,5620,65,10,class,0,0,0,64,1,98.46153846,1.538461538,10.17793594,9.857651246,572,554,4.911243327,3.686292465,0,11.98967972,168.5538693,5.451185659,0.09254315715,3.321832725,1104,weka.IB1,0.984898,Supervised Classification
28,optdigits,5620,65,10,class,0,0,0,64,1,98.46153846,1.538461538,10.17793594,9.857651246,572,554,4.911243327,3.686292465,0,11.98967972,168.5538693,5.451185659,0.09254315715,3.321832725,1105,weka.IBk,0.984898,Supervised Classification
28,optdigits,5620,65,10,class,0,0,0,64,1,98.46153846,1.538461538,10.17793594,9.857651246,572,554,4.911243327,3.686292465,0,11.98967972,168.5538693,5.451185659,0.09254315715,3.321832725,1114,weka.Logistic,0.940669,Supervised Classification
28,optdigits,5620,65,10,class,0,0,0,64,1,98.46153846,1.538461538,10.17793594,9.857651246,572,554,4.911243327,3.686292465,0,11.98967972,168.5538693,5.451185659,0.09254315715,3.321832725,1117,weka.RBFClassifier,0.587379,Supervised Classification
28,optdigits,5620,65,10,class,0,0,0,64,1,98.46153846,1.538461538,10.17793594,9.857651246,572,554,4.911243327,3.686292465,0,11.98967972,168.5538693,5.451185659,0.09254315715,3.321832725,1155,weka.FilteredClassifier_Standardize_NaiveBayes,0.918015,Supervised Classification
28,optdigits,5620,65,10,class,0,0,0,64,1,98.46153846,1.538461538,10.17793594,9.857651246,572,554,4.911243327,3.686292465,0,11.98967972,168.5538693,5.451185659,0.09254315715,3.321832725,1244,weka.FilteredClassifier_Discretize_J48,0.76753,Supervised Classification
28,optdigits,5620,65,10,class,0,0,0,64,1,98.46153846,1.538461538,10.17793594,9.857651246,572,554,4.911243327,3.686292465,0,11.98967972,168.5538693,5.451185659,0.09254315715,3.321832725,1163,weka.FilteredClassifier_PrincipalComponents_J48,0.858684,Supervised Classification
28,optdigits,5620,65,10,class,0,0,0,64,1,98.46153846,1.538461538,10.17793594,9.857651246,572,554,4.911243327,3.686292465,0,11.98967972,168.5538693,5.451185659,0.09254315715,3.321832725,1165,weka.A1DE,0.968177,Supervised Classification
28,optdigits,5620,65,10,class,0,0,0,64,1,98.46153846,1.538461538,10.17793594,9.857651246,572,554,4.911243327,3.686292465,0,11.98967972,168.5538693,5.451185659,0.09254315715,3.321832725,1172,weka.LibSVM,0.788565,Supervised Classification
28,optdigits,5620,65,10,class,0,0,0,64,1,98.46153846,1.538461538,10.17793594,9.857651246,572,554,4.911243327,3.686292465,0,11.98967972,168.5538693,5.451185659,0.09254315715,3.321832725,1191,weka.LogitBoost_DecisionStump,0.963323,Supervised Classification
28,optdigits,5620,65,10,class,0,0,0,64,1,98.46153846,1.538461538,10.17793594,9.857651246,572,554,4.911243327,3.686292465,0,11.98967972,168.5538693,5.451185659,0.09254315715,3.321832725,1191,weka.LogitBoost_DecisionStump,0.967098,Supervised Classification
28,optdigits,5620,65,10,class,0,0,0,64,1,98.46153846,1.538461538,10.17793594,9.857651246,572,554,4.911243327,3.686292465,0,11.98967972,168.5538693,5.451185659,0.09254315715,3.321832725,1088,weka.FT,0.973571,Supervised Classification
28,optdigits,5620,65,10,class,0,0,0,64,1,98.46153846,1.538461538,10.17793594,9.857651246,572,554,4.911243327,3.686292465,0,11.98967972,168.5538693,5.451185659,0.09254315715,3.321832725,1089,weka.ExtraTree,0.860302,Supervised Classification
28,optdigits,5620,65,10,class,0,0,0,64,1,98.46153846,1.538461538,10.17793594,9.857651246,572,554,4.911243327,3.686292465,0,11.98967972,168.5538693,5.451185659,0.09254315715,3.321832725,1103,weka.VFI,0.791802,Supervised Classification
28,optdigits,5620,65,10,class,0,0,0,64,1,98.46153846,1.538461538,10.17793594,9.857651246,572,554,4.911243327,3.686292465,0,11.98967972,168.5538693,5.451185659,0.09254315715,3.321832725,1185,weka.Bagging_REPTree,0.937433,Supervised Classification
28,optdigits,5620,65,10,class,0,0,0,64,1,98.46153846,1.538461538,10.17793594,9.857651246,572,554,4.911243327,3.686292465,0,11.98967972,168.5538693,5.451185659,0.09254315715,3.321832725,1194,weka.RandomSubSpace_REPTree,0.973571,Supervised Classification
28,optdigits,5620,65,10,class,0,0,0,64,1,98.46153846,1.538461538,10.17793594,9.857651246,572,554,4.911243327,3.686292465,0,11.98967972,168.5538693,5.451185659,0.09254315715,3.321832725,1194,weka.RandomSubSpace_REPTree,0.974649,Supervised Classification
28,optdigits,5620,65,10,class,0,0,0,64,1,98.46153846,1.538461538,10.17793594,9.857651246,572,554,4.911243327,3.686292465,0,11.98967972,168.5538693,5.451185659,0.09254315715,3.321832725,1160,weka.AttributeSelectedClassifier_PrincipalComponents_Ranker_J48,0.858684,Supervised Classification
28,optdigits,5620,65,10,class,0,0,0,64,1,98.46153846,1.538461538,10.17793594,9.857651246,572,554,4.911243327,3.686292465,0,11.98967972,168.5538693,5.451185659,0.09254315715,3.321832725,1091,weka.BFTree,0.902913,Supervised Classification
28,optdigits,5620,65,10,class,0,0,0,64,1,98.46153846,1.538461538,10.17793594,9.857651246,572,554,4.911243327,3.686292465,0,11.98967972,168.5538693,5.451185659,0.09254315715,3.321832725,1106,weka.KStar,0.977346,Supervised Classification
28,optdigits,5620,65,10,class,0,0,0,64,1,98.46153846,1.538461538,10.17793594,9.857651246,572,554,4.911243327,3.686292465,0,11.98967972,168.5538693,5.451185659,0.09254315715,3.321832725,1191,weka.LogitBoost_DecisionStump,0.968177,Supervised Classification
28,optdigits,5620,65,10,class,0,0,0,64,1,98.46153846,1.538461538,10.17793594,9.857651246,572,554,4.911243327,3.686292465,0,11.98967972,168.5538693,5.451185659,0.09254315715,3.321832725,1166,weka.A2DE,0.970874,Supervised Classification
28,optdigits,5620,65,10,class,0,0,0,64,1,98.46153846,1.538461538,10.17793594,9.857651246,572,554,4.911243327,3.686292465,0,11.98967972,168.5538693,5.451185659,0.09254315715,3.321832725,1108,weka.LWL_DecisionStump,0.735167,Supervised Classification
28,optdigits,5620,65,10,class,0,0,0,64,1,98.46153846,1.538461538,10.17793594,9.857651246,572,554,4.911243327,3.686292465,0,11.98967972,168.5538693,5.451185659,0.09254315715,3.321832725,1084,weka.J48graft,0.893743,Supervised Classification
28,optdigits,5620,65,10,class,0,0,0,64,1,98.46153846,1.538461538,10.17793594,9.857651246,572,554,4.911243327,3.686292465,0,11.98967972,168.5538693,5.451185659,0.09254315715,3.321832725,1186,weka.Dagging_DecisionStump,0.418015,Supervised Classification
28,optdigits,5620,65,10,class,0,0,0,64,1,98.46153846,1.538461538,10.17793594,9.857651246,572,554,4.911243327,3.686292465,0,11.98967972,168.5538693,5.451185659,0.09254315715,3.321832725,1187,weka.Decorate,0.937972,Supervised Classification
28,optdigits,5620,65,10,class,0,0,0,64,1,98.46153846,1.538461538,10.17793594,9.857651246,572,554,4.911243327,3.686292465,0,11.98967972,168.5538693,5.451185659,0.09254315715,3.321832725,1188,weka.END_ND_J48,0.971413,Supervised Classification
28,optdigits,5620,65,10,class,0,0,0,64,1,98.46153846,1.538461538,10.17793594,9.857651246,572,554,4.911243327,3.686292465,0,11.98967972,168.5538693,5.451185659,0.09254315715,3.321832725,1190,weka.Grading_ZeroR,0.097627,Supervised Classification
28,optdigits,5620,65,10,class,0,0,0,64,1,98.46153846,1.538461538,10.17793594,9.857651246,572,554,4.911243327,3.686292465,0,11.98967972,168.5538693,5.451185659,0.09254315715,3.321832725,1192,weka.MultiBoostAB_DecisionStump,0.18932,Supervised Classification
28,optdigits,5620,65,10,class,0,0,0,64,1,98.46153846,1.538461538,10.17793594,9.857651246,572,554,4.911243327,3.686292465,0,11.98967972,168.5538693,5.451185659,0.09254315715,3.321832725,1193,weka.RacedIncrementalLogitBoost_DecisionStump,0.851672,Supervised Classification
28,optdigits,5620,65,10,class,0,0,0,64,1,98.46153846,1.538461538,10.17793594,9.857651246,572,554,4.911243327,3.686292465,0,11.98967972,168.5538693,5.451185659,0.09254315715,3.321832725,1196,weka.RotationForest_PrincipalComponents_J48,0.969795,Supervised Classification
28,optdigits,5620,65,10,class,0,0,0,64,1,98.46153846,1.538461538,10.17793594,9.857651246,572,554,4.911243327,3.686292465,0,11.98967972,168.5538693,5.451185659,0.09254315715,3.321832725,1196,weka.RotationForest_PrincipalComponents_J48,0.980043,Supervised Classification
28,optdigits,5620,65,10,class,0,0,0,64,1,98.46153846,1.538461538,10.17793594,9.857651246,572,554,4.911243327,3.686292465,0,11.98967972,168.5538693,5.451185659,0.09254315715,3.321832725,1196,weka.RotationForest_PrincipalComponents_J48,0.983819,Supervised Classification
28,optdigits,5620,65,10,class,0,0,0,64,1,98.46153846,1.538461538,10.17793594,9.857651246,572,554,4.911243327,3.686292465,0,11.98967972,168.5538693,5.451185659,0.09254315715,3.321832725,1196,weka.RotationForest_PrincipalComponents_J48,0.985437,Supervised Classification
23,cmc,1473,10,3,Contraceptive_method_used,0,0,0,2,8,20,80,42.70196877,22.60692464,629,333,17.89986422,5.292896809,3.261371351,32.53835709,0.2928560302,0.6777315758,0.9966032609,1.539034583,1068,weka.J48,0.485597,Supervised Classification
23,cmc,1473,10,3,Contraceptive_method_used,0,0,0,2,8,20,80,42.70196877,22.60692464,629,333,17.89986422,5.292896809,3.261371351,32.53835709,0.2928560302,0.6777315758,0.9966032609,1.539034583,1069,weka.ZeroR,0.436214,Supervised Classification
23,cmc,1473,10,3,Contraceptive_method_used,0,0,0,2,8,20,80,42.70196877,22.60692464,629,333,17.89986422,5.292896809,3.261371351,32.53835709,0.2928560302,0.6777315758,0.9966032609,1.539034583,1070,weka.Ridor,0.522634,Supervised Classification
23,cmc,1473,10,3,Contraceptive_method_used,0,0,0,2,8,20,80,42.70196877,22.60692464,629,333,17.89986422,5.292896809,3.261371351,32.53835709,0.2928560302,0.6777315758,0.9966032609,1.539034583,1071,weka.OneR,0.434156,Supervised Classification
23,cmc,1473,10,3,Contraceptive_method_used,0,0,0,2,8,20,80,42.70196877,22.60692464,629,333,17.89986422,5.292896809,3.261371351,32.53835709,0.2928560302,0.6777315758,0.9966032609,1.539034583,1073,weka.PART,0.506173,Supervised Classification
23,cmc,1473,10,3,Contraceptive_method_used,0,0,0,2,8,20,80,42.70196877,22.60692464,629,333,17.89986422,5.292896809,3.261371351,32.53835709,0.2928560302,0.6777315758,0.9966032609,1.539034583,1074,weka.OLM,0.454733,Supervised Classification
23,cmc,1473,10,3,Contraceptive_method_used,0,0,0,2,8,20,80,42.70196877,22.60692464,629,333,17.89986422,5.292896809,3.261371351,32.53835709,0.2928560302,0.6777315758,0.9966032609,1.539034583,1101,weka.InputMappedClassifier_ZeroR,0.436214,Supervised Classification
23,cmc,1473,10,3,Contraceptive_method_used,0,0,0,2,8,20,80,42.70196877,22.60692464,629,333,17.89986422,5.292896809,3.261371351,32.53835709,0.2928560302,0.6777315758,0.9966032609,1.539034583,1155,weka.FilteredClassifier_Standardize_NaiveBayes,0.504115,Supervised Classification
23,cmc,1473,10,3,Contraceptive_method_used,0,0,0,2,8,20,80,42.70196877,22.60692464,629,333,17.89986422,5.292896809,3.261371351,32.53835709,0.2928560302,0.6777315758,0.9966032609,1.539034583,1160,weka.AttributeSelectedClassifier_PrincipalComponents_Ranker_J48,0.409465,Supervised Classification
23,cmc,1473,10,3,Contraceptive_method_used,0,0,0,2,8,20,80,42.70196877,22.60692464,629,333,17.89986422,5.292896809,3.261371351,32.53835709,0.2928560302,0.6777315758,0.9966032609,1.539034583,1168,weka.BayesNet_K2,0.487654,Supervised Classification
23,cmc,1473,10,3,Contraceptive_method_used,0,0,0,2,8,20,80,42.70196877,22.60692464,629,333,17.89986422,5.292896809,3.261371351,32.53835709,0.2928560302,0.6777315758,0.9966032609,1.539034583,365,weka.J48,0.485597,Supervised Classification
23,cmc,1473,10,3,Contraceptive_method_used,0,0,0,2,8,20,80,42.70196877,22.60692464,629,333,17.89986422,5.292896809,3.261371351,32.53835709,0.2928560302,0.6777315758,0.9966032609,1.539034583,523,weka.Bagging_J48,0.534979,Supervised Classification
23,cmc,1473,10,3,Contraceptive_method_used,0,0,0,2,8,20,80,42.70196877,22.60692464,629,333,17.89986422,5.292896809,3.261371351,32.53835709,0.2928560302,0.6777315758,0.9966032609,1.539034583,523,weka.Bagging_J48,0.532922,Supervised Classification
23,cmc,1473,10,3,Contraceptive_method_used,0,0,0,2,8,20,80,42.70196877,22.60692464,629,333,17.89986422,5.292896809,3.261371351,32.53835709,0.2928560302,0.6777315758,0.9966032609,1.539034583,523,weka.Bagging_J48,0.530864,Supervised Classification
23,cmc,1473,10,3,Contraceptive_method_used,0,0,0,2,8,20,80,42.70196877,22.60692464,629,333,17.89986422,5.292896809,3.261371351,32.53835709,0.2928560302,0.6777315758,0.9966032609,1.539034583,523,weka.Bagging_J48,0.537037,Supervised Classification
23,cmc,1473,10,3,Contraceptive_method_used,0,0,0,2,8,20,80,42.70196877,22.60692464,629,333,17.89986422,5.292896809,3.261371351,32.53835709,0.2928560302,0.6777315758,0.9966032609,1.539034583,524,weka.Bagging_JRip,0.55144,Supervised Classification
23,cmc,1473,10,3,Contraceptive_method_used,0,0,0,2,8,20,80,42.70196877,22.60692464,629,333,17.89986422,5.292896809,3.261371351,32.53835709,0.2928560302,0.6777315758,0.9966032609,1.539034583,527,weka.Bagging_LMT,0.520576,Supervised Classification
23,cmc,1473,10,3,Contraceptive_method_used,0,0,0,2,8,20,80,42.70196877,22.60692464,629,333,17.89986422,5.292896809,3.261371351,32.53835709,0.2928560302,0.6777315758,0.9966032609,1.539034583,527,weka.Bagging_LMT,0.50823,Supervised Classification
23,cmc,1473,10,3,Contraceptive_method_used,0,0,0,2,8,20,80,42.70196877,22.60692464,629,333,17.89986422,5.292896809,3.261371351,32.53835709,0.2928560302,0.6777315758,0.9966032609,1.539034583,527,weka.Bagging_LMT,0.510288,Supervised Classification
23,cmc,1473,10,3,Contraceptive_method_used,0,0,0,2,8,20,80,42.70196877,22.60692464,629,333,17.89986422,5.292896809,3.261371351,32.53835709,0.2928560302,0.6777315758,0.9966032609,1.539034583,528,weka.Bagging_LWL_DecisionStump,0.504115,Supervised Classification
23,cmc,1473,10,3,Contraceptive_method_used,0,0,0,2,8,20,80,42.70196877,22.60692464,629,333,17.89986422,5.292896809,3.261371351,32.53835709,0.2928560302,0.6777315758,0.9966032609,1.539034583,528,weka.Bagging_LWL_DecisionStump,0.50823,Supervised Classification
23,cmc,1473,10,3,Contraceptive_method_used,0,0,0,2,8,20,80,42.70196877,22.60692464,629,333,17.89986422,5.292896809,3.261371351,32.53835709,0.2928560302,0.6777315758,0.9966032609,1.539034583,528,weka.Bagging_LWL_DecisionStump,0.518519,Supervised Classification
23,cmc,1473,10,3,Contraceptive_method_used,0,0,0,2,8,20,80,42.70196877,22.60692464,629,333,17.89986422,5.292896809,3.261371351,32.53835709,0.2928560302,0.6777315758,0.9966032609,1.539034583,528,weka.Bagging_LWL_DecisionStump,0.514403,Supervised Classification
23,cmc,1473,10,3,Contraceptive_method_used,0,0,0,2,8,20,80,42.70196877,22.60692464,629,333,17.89986422,5.292896809,3.261371351,32.53835709,0.2928560302,0.6777315758,0.9966032609,1.539034583,529,weka.Bagging_MultilayerPerceptron,0.520576,Supervised Classification
23,cmc,1473,10,3,Contraceptive_method_used,0,0,0,2,8,20,80,42.70196877,22.60692464,629,333,17.89986422,5.292896809,3.261371351,32.53835709,0.2928560302,0.6777315758,0.9966032609,1.539034583,530,weka.Bagging_NaiveBayes,0.502058,Supervised Classification
23,cmc,1473,10,3,Contraceptive_method_used,0,0,0,2,8,20,80,42.70196877,22.60692464,629,333,17.89986422,5.292896809,3.261371351,32.53835709,0.2928560302,0.6777315758,0.9966032609,1.539034583,530,weka.Bagging_NaiveBayes,0.506173,Supervised Classification
23,cmc,1473,10,3,Contraceptive_method_used,0,0,0,2,8,20,80,42.70196877,22.60692464,629,333,17.89986422,5.292896809,3.261371351,32.53835709,0.2928560302,0.6777315758,0.9966032609,1.539034583,531,weka.Bagging_OneR,0.442387,Supervised Classification
23,cmc,1473,10,3,Contraceptive_method_used,0,0,0,2,8,20,80,42.70196877,22.60692464,629,333,17.89986422,5.292896809,3.261371351,32.53835709,0.2928560302,0.6777315758,0.9966032609,1.539034583,531,weka.Bagging_OneR,0.430041,Supervised Classification
23,cmc,1473,10,3,Contraceptive_method_used,0,0,0,2,8,20,80,42.70196877,22.60692464,629,333,17.89986422,5.292896809,3.261371351,32.53835709,0.2928560302,0.6777315758,0.9966032609,1.539034583,532,weka.Bagging_RandomForest,0.532922,Supervised Classification
23,cmc,1473,10,3,Contraceptive_method_used,0,0,0,2,8,20,80,42.70196877,22.60692464,629,333,17.89986422,5.292896809,3.261371351,32.53835709,0.2928560302,0.6777315758,0.9966032609,1.539034583,532,weka.Bagging_RandomForest,0.522634,Supervised Classification
23,cmc,1473,10,3,Contraceptive_method_used,0,0,0,2,8,20,80,42.70196877,22.60692464,629,333,17.89986422,5.292896809,3.261371351,32.53835709,0.2928560302,0.6777315758,0.9966032609,1.539034583,532,weka.Bagging_RandomForest,0.518519,Supervised Classification
23,cmc,1473,10,3,Contraceptive_method_used,0,0,0,2,8,20,80,42.70196877,22.60692464,629,333,17.89986422,5.292896809,3.261371351,32.53835709,0.2928560302,0.6777315758,0.9966032609,1.539034583,532,weka.Bagging_RandomForest,0.520576,Supervised Classification
23,cmc,1473,10,3,Contraceptive_method_used,0,0,0,2,8,20,80,42.70196877,22.60692464,629,333,17.89986422,5.292896809,3.261371351,32.53835709,0.2928560302,0.6777315758,0.9966032609,1.539034583,533,weka.Bagging_RandomTree,0.512346,Supervised Classification
23,cmc,1473,10,3,Contraceptive_method_used,0,0,0,2,8,20,80,42.70196877,22.60692464,629,333,17.89986422,5.292896809,3.261371351,32.53835709,0.2928560302,0.6777315758,0.9966032609,1.539034583,533,weka.Bagging_RandomTree,0.510288,Supervised Classification
23,cmc,1473,10,3,Contraceptive_method_used,0,0,0,2,8,20,80,42.70196877,22.60692464,629,333,17.89986422,5.292896809,3.261371351,32.53835709,0.2928560302,0.6777315758,0.9966032609,1.539034583,533,weka.Bagging_RandomTree,0.504115,Supervised Classification
23,cmc,1473,10,3,Contraceptive_method_used,0,0,0,2,8,20,80,42.70196877,22.60692464,629,333,17.89986422,5.292896809,3.261371351,32.53835709,0.2928560302,0.6777315758,0.9966032609,1.539034583,533,weka.Bagging_RandomTree,0.516461,Supervised Classification
23,cmc,1473,10,3,Contraceptive_method_used,0,0,0,2,8,20,80,42.70196877,22.60692464,629,333,17.89986422,5.292896809,3.261371351,32.53835709,0.2928560302,0.6777315758,0.9966032609,1.539034583,378,weka.Bagging_REPTree,0.537037,Supervised Classification
23,cmc,1473,10,3,Contraceptive_method_used,0,0,0,2,8,20,80,42.70196877,22.60692464,629,333,17.89986422,5.292896809,3.261371351,32.53835709,0.2928560302,0.6777315758,0.9966032609,1.539034583,378,weka.Bagging_REPTree,0.54321,Supervised Classification
23,cmc,1473,10,3,Contraceptive_method_used,0,0,0,2,8,20,80,42.70196877,22.60692464,629,333,17.89986422,5.292896809,3.261371351,32.53835709,0.2928560302,0.6777315758,0.9966032609,1.539034583,378,weka.Bagging_REPTree,0.549383,Supervised Classification
23,cmc,1473,10,3,Contraceptive_method_used,0,0,0,2,8,20,80,42.70196877,22.60692464,629,333,17.89986422,5.292896809,3.261371351,32.53835709,0.2928560302,0.6777315758,0.9966032609,1.539034583,534,weka.Bagging_SMO_PolyKernel,0.5,Supervised Classification
23,cmc,1473,10,3,Contraceptive_method_used,0,0,0,2,8,20,80,42.70196877,22.60692464,629,333,17.89986422,5.292896809,3.261371351,32.53835709,0.2928560302,0.6777315758,0.9966032609,1.539034583,534,weka.Bagging_SMO_PolyKernel,0.50823,Supervised Classification
23,cmc,1473,10,3,Contraceptive_method_used,0,0,0,2,8,20,80,42.70196877,22.60692464,629,333,17.89986422,5.292896809,3.261371351,32.53835709,0.2928560302,0.6777315758,0.9966032609,1.539034583,534,weka.Bagging_SMO_PolyKernel,0.510288,Supervised Classification
23,cmc,1473,10,3,Contraceptive_method_used,0,0,0,2,8,20,80,42.70196877,22.60692464,629,333,17.89986422,5.292896809,3.261371351,32.53835709,0.2928560302,0.6777315758,0.9966032609,1.539034583,534,weka.Bagging_SMO_PolyKernel,0.493827,Supervised Classification
23,cmc,1473,10,3,Contraceptive_method_used,0,0,0,2,8,20,80,42.70196877,22.60692464,629,333,17.89986422,5.292896809,3.261371351,32.53835709,0.2928560302,0.6777315758,0.9966032609,1.539034583,375,weka.OneR,0.434156,Supervised Classification
23,cmc,1473,10,3,Contraceptive_method_used,0,0,0,2,8,20,80,42.70196877,22.60692464,629,333,17.89986422,5.292896809,3.261371351,32.53835709,0.2928560302,0.6777315758,0.9966032609,1.539034583,677,weka.Logistic,0.516461,Supervised Classification
23,cmc,1473,10,3,Contraceptive_method_used,0,0,0,2,8,20,80,42.70196877,22.60692464,629,333,17.89986422,5.292896809,3.261371351,32.53835709,0.2928560302,0.6777315758,0.9966032609,1.539034583,385,weka.SMO_PolyKernel,0.485597,Supervised Classification
23,cmc,1473,10,3,Contraceptive_method_used,0,0,0,2,8,20,80,42.70196877,22.60692464,629,333,17.89986422,5.292896809,3.261371351,32.53835709,0.2928560302,0.6777315758,0.9966032609,1.539034583,387,weka.SMO_RBFKernel,0.436214,Supervised Classification
23,cmc,1473,10,3,Contraceptive_method_used,0,0,0,2,8,20,80,42.70196877,22.60692464,629,333,17.89986422,5.292896809,3.261371351,32.53835709,0.2928560302,0.6777315758,0.9966032609,1.539034583,389,weka.IBk,0.430041,Supervised Classification
23,cmc,1473,10,3,Contraceptive_method_used,0,0,0,2,8,20,80,42.70196877,22.60692464,629,333,17.89986422,5.292896809,3.261371351,32.53835709,0.2928560302,0.6777315758,0.9966032609,1.539034583,390,weka.JRip,0.547325,Supervised Classification
23,cmc,1473,10,3,Contraceptive_method_used,0,0,0,2,8,20,80,42.70196877,22.60692464,629,333,17.89986422,5.292896809,3.261371351,32.53835709,0.2928560302,0.6777315758,0.9966032609,1.539034583,391,weka.RandomForest,0.514403,Supervised Classification
23,cmc,1473,10,3,Contraceptive_method_used,0,0,0,2,8,20,80,42.70196877,22.60692464,629,333,17.89986422,5.292896809,3.261371351,32.53835709,0.2928560302,0.6777315758,0.9966032609,1.539034583,392,weka.A1DE,0.479424,Supervised Classification
23,cmc,1473,10,3,Contraceptive_method_used,0,0,0,2,8,20,80,42.70196877,22.60692464,629,333,17.89986422,5.292896809,3.261371351,32.53835709,0.2928560302,0.6777315758,0.9966032609,1.539034583,393,weka.A2DE,0.489712,Supervised Classification
23,cmc,1473,10,3,Contraceptive_method_used,0,0,0,2,8,20,80,42.70196877,22.60692464,629,333,17.89986422,5.292896809,3.261371351,32.53835709,0.2928560302,0.6777315758,0.9966032609,1.539034583,398,weka.AdaBoostM1_BFTree,0.524691,Supervised Classification
23,cmc,1473,10,3,Contraceptive_method_used,0,0,0,2,8,20,80,42.70196877,22.60692464,629,333,17.89986422,5.292896809,3.261371351,32.53835709,0.2928560302,0.6777315758,0.9966032609,1.539034583,398,weka.AdaBoostM1_BFTree,0.522634,Supervised Classification
23,cmc,1473,10,3,Contraceptive_method_used,0,0,0,2,8,20,80,42.70196877,22.60692464,629,333,17.89986422,5.292896809,3.261371351,32.53835709,0.2928560302,0.6777315758,0.9966032609,1.539034583,398,weka.AdaBoostM1_BFTree,0.520576,Supervised Classification
23,cmc,1473,10,3,Contraceptive_method_used,0,0,0,2,8,20,80,42.70196877,22.60692464,629,333,17.89986422,5.292896809,3.261371351,32.53835709,0.2928560302,0.6777315758,0.9966032609,1.539034583,376,weka.AdaBoostM1_DecisionStump,0.436214,Supervised Classification
23,cmc,1473,10,3,Contraceptive_method_used,0,0,0,2,8,20,80,42.70196877,22.60692464,629,333,17.89986422,5.292896809,3.261371351,32.53835709,0.2928560302,0.6777315758,0.9966032609,1.539034583,404,weka.AdaBoostM1_IBk,0.430041,Supervised Classification
23,cmc,1473,10,3,Contraceptive_method_used,0,0,0,2,8,20,80,42.70196877,22.60692464,629,333,17.89986422,5.292896809,3.261371351,32.53835709,0.2928560302,0.6777315758,0.9966032609,1.539034583,405,weka.AdaBoostM1_J48,0.502058,Supervised Classification
23,cmc,1473,10,3,Contraceptive_method_used,0,0,0,2,8,20,80,42.70196877,22.60692464,629,333,17.89986422,5.292896809,3.261371351,32.53835709,0.2928560302,0.6777315758,0.9966032609,1.539034583,405,weka.AdaBoostM1_J48,0.5,Supervised Classification
23,cmc,1473,10,3,Contraceptive_method_used,0,0,0,2,8,20,80,42.70196877,22.60692464,629,333,17.89986422,5.292896809,3.261371351,32.53835709,0.2928560302,0.6777315758,0.9966032609,1.539034583,405,weka.AdaBoostM1_J48,0.493827,Supervised Classification
23,cmc,1473,10,3,Contraceptive_method_used,0,0,0,2,8,20,80,42.70196877,22.60692464,629,333,17.89986422,5.292896809,3.261371351,32.53835709,0.2928560302,0.6777315758,0.9966032609,1.539034583,406,weka.AdaBoostM1_JRip,0.547325,Supervised Classification
23,cmc,1473,10,3,Contraceptive_method_used,0,0,0,2,8,20,80,42.70196877,22.60692464,629,333,17.89986422,5.292896809,3.261371351,32.53835709,0.2928560302,0.6777315758,0.9966032609,1.539034583,407,weka.AdaBoostM1_LADTree,0.528807,Supervised Classification
23,cmc,1473,10,3,Contraceptive_method_used,0,0,0,2,8,20,80,42.70196877,22.60692464,629,333,17.89986422,5.292896809,3.261371351,32.53835709,0.2928560302,0.6777315758,0.9966032609,1.539034583,411,weka.AdaBoostM1_LMT,0.479424,Supervised Classification
23,cmc,1473,10,3,Contraceptive_method_used,0,0,0,2,8,20,80,42.70196877,22.60692464,629,333,17.89986422,5.292896809,3.261371351,32.53835709,0.2928560302,0.6777315758,0.9966032609,1.539034583,411,weka.AdaBoostM1_LMT,0.477366,Supervised Classification
23,cmc,1473,10,3,Contraceptive_method_used,0,0,0,2,8,20,80,42.70196877,22.60692464,629,333,17.89986422,5.292896809,3.261371351,32.53835709,0.2928560302,0.6777315758,0.9966032609,1.539034583,411,weka.AdaBoostM1_LMT,0.485597,Supervised Classification
23,cmc,1473,10,3,Contraceptive_method_used,0,0,0,2,8,20,80,42.70196877,22.60692464,629,333,17.89986422,5.292896809,3.261371351,32.53835709,0.2928560302,0.6777315758,0.9966032609,1.539034583,413,weka.AdaBoostM1_LWL_DecisionStump,0.485597,Supervised Classification
23,cmc,1473,10,3,Contraceptive_method_used,0,0,0,2,8,20,80,42.70196877,22.60692464,629,333,17.89986422,5.292896809,3.261371351,32.53835709,0.2928560302,0.6777315758,0.9966032609,1.539034583,417,weka.AdaBoostM1_NaiveBayes,0.510288,Supervised Classification
23,cmc,1473,10,3,Contraceptive_method_used,0,0,0,2,8,20,80,42.70196877,22.60692464,629,333,17.89986422,5.292896809,3.261371351,32.53835709,0.2928560302,0.6777315758,0.9966032609,1.539034583,418,weka.AdaBoostM1_OneR,0.417695,Supervised Classification
23,cmc,1473,10,3,Contraceptive_method_used,0,0,0,2,8,20,80,42.70196877,22.60692464,629,333,17.89986422,5.292896809,3.261371351,32.53835709,0.2928560302,0.6777315758,0.9966032609,1.539034583,419,weka.AdaBoostM1_RandomForest,0.510288,Supervised Classification
23,cmc,1473,10,3,Contraceptive_method_used,0,0,0,2,8,20,80,42.70196877,22.60692464,629,333,17.89986422,5.292896809,3.261371351,32.53835709,0.2928560302,0.6777315758,0.9966032609,1.539034583,419,weka.AdaBoostM1_RandomForest,0.5,Supervised Classification
23,cmc,1473,10,3,Contraceptive_method_used,0,0,0,2,8,20,80,42.70196877,22.60692464,629,333,17.89986422,5.292896809,3.261371351,32.53835709,0.2928560302,0.6777315758,0.9966032609,1.539034583,420,weka.AdaBoostM1_RandomTree,0.495885,Supervised Classification
23,cmc,1473,10,3,Contraceptive_method_used,0,0,0,2,8,20,80,42.70196877,22.60692464,629,333,17.89986422,5.292896809,3.261371351,32.53835709,0.2928560302,0.6777315758,0.9966032609,1.539034583,420,weka.AdaBoostM1_RandomTree,0.497942,Supervised Classification
23,cmc,1473,10,3,Contraceptive_method_used,0,0,0,2,8,20,80,42.70196877,22.60692464,629,333,17.89986422,5.292896809,3.261371351,32.53835709,0.2928560302,0.6777315758,0.9966032609,1.539034583,422,weka.AdaBoostM1_REPTree,0.512346,Supervised Classification
23,cmc,1473,10,3,Contraceptive_method_used,0,0,0,2,8,20,80,42.70196877,22.60692464,629,333,17.89986422,5.292896809,3.261371351,32.53835709,0.2928560302,0.6777315758,0.9966032609,1.539034583,423,weka.AdaBoostM1_SMO_PolyKernel,0.485597,Supervised Classification
23,cmc,1473,10,3,Contraceptive_method_used,0,0,0,2,8,20,80,42.70196877,22.60692464,629,333,17.89986422,5.292896809,3.261371351,32.53835709,0.2928560302,0.6777315758,0.9966032609,1.539034583,1075,weka.NNge,0.460905,Supervised Classification
23,cmc,1473,10,3,Contraceptive_method_used,0,0,0,2,8,20,80,42.70196877,22.60692464,629,333,17.89986422,5.292896809,3.261371351,32.53835709,0.2928560302,0.6777315758,0.9966032609,1.539034583,1076,weka.SimpleCart,0.537037,Supervised Classification
23,cmc,1473,10,3,Contraceptive_method_used,0,0,0,2,8,20,80,42.70196877,22.60692464,629,333,17.89986422,5.292896809,3.261371351,32.53835709,0.2928560302,0.6777315758,0.9966032609,1.539034583,1077,weka.REPTree,0.50823,Supervised Classification
23,cmc,1473,10,3,Contraceptive_method_used,0,0,0,2,8,20,80,42.70196877,22.60692464,629,333,17.89986422,5.292896809,3.261371351,32.53835709,0.2928560302,0.6777315758,0.9966032609,1.539034583,1078,weka.RandomTree,0.458848,Supervised Classification
23,cmc,1473,10,3,Contraceptive_method_used,0,0,0,2,8,20,80,42.70196877,22.60692464,629,333,17.89986422,5.292896809,3.261371351,32.53835709,0.2928560302,0.6777315758,0.9966032609,1.539034583,1080,weka.NBTree,0.487654,Supervised Classification
23,cmc,1473,10,3,Contraceptive_method_used,0,0,0,2,8,20,80,42.70196877,22.60692464,629,333,17.89986422,5.292896809,3.261371351,32.53835709,0.2928560302,0.6777315758,0.9966032609,1.539034583,1112,weka.LibLINEAR,0.436214,Supervised Classification
23,cmc,1473,10,3,Contraceptive_method_used,0,0,0,2,8,20,80,42.70196877,22.60692464,629,333,17.89986422,5.292896809,3.261371351,32.53835709,0.2928560302,0.6777315758,0.9966032609,1.539034583,1177,weka.SimpleLogistic,0.489712,Supervised Classification
23,cmc,1473,10,3,Contraceptive_method_used,0,0,0,2,8,20,80,42.70196877,22.60692464,629,333,17.89986422,5.292896809,3.261371351,32.53835709,0.2928560302,0.6777315758,0.9966032609,1.539034583,1178,weka.SMO_PolyKernel,0.485597,Supervised Classification
23,cmc,1473,10,3,Contraceptive_method_used,0,0,0,2,8,20,80,42.70196877,22.60692464,629,333,17.89986422,5.292896809,3.261371351,32.53835709,0.2928560302,0.6777315758,0.9966032609,1.539034583,1179,weka.SMO_RBFKernel,0.436214,Supervised Classification
23,cmc,1473,10,3,Contraceptive_method_used,0,0,0,2,8,20,80,42.70196877,22.60692464,629,333,17.89986422,5.292896809,3.261371351,32.53835709,0.2928560302,0.6777315758,0.9966032609,1.539034583,1105,weka.IBk,0.473251,Supervised Classification
23,cmc,1473,10,3,Contraceptive_method_used,0,0,0,2,8,20,80,42.70196877,22.60692464,629,333,17.89986422,5.292896809,3.261371351,32.53835709,0.2928560302,0.6777315758,0.9966032609,1.539034583,1105,weka.IBk,0.465021,Supervised Classification
23,cmc,1473,10,3,Contraceptive_method_used,0,0,0,2,8,20,80,42.70196877,22.60692464,629,333,17.89986422,5.292896809,3.261371351,32.53835709,0.2928560302,0.6777315758,0.9966032609,1.539034583,1182,weka.AdaBoostM1_DecisionStump,0.436214,Supervised Classification
23,cmc,1473,10,3,Contraceptive_method_used,0,0,0,2,8,20,80,42.70196877,22.60692464,629,333,17.89986422,5.292896809,3.261371351,32.53835709,0.2928560302,0.6777315758,0.9966032609,1.539034583,1183,weka.AttributeSelectedClassifier_CfsSubsetEval_BestFirst_J48,0.559671,Supervised Classification
23,cmc,1473,10,3,Contraceptive_method_used,0,0,0,2,8,20,80,42.70196877,22.60692464,629,333,17.89986422,5.292896809,3.261371351,32.53835709,0.2928560302,0.6777315758,0.9966032609,1.539034583,1185,weka.Bagging_REPTree,0.537037,Supervised Classification
23,cmc,1473,10,3,Contraceptive_method_used,0,0,0,2,8,20,80,42.70196877,22.60692464,629,333,17.89986422,5.292896809,3.261371351,32.53835709,0.2928560302,0.6777315758,0.9966032609,1.539034583,1191,weka.LogitBoost_DecisionStump,0.537037,Supervised Classification
23,cmc,1473,10,3,Contraceptive_method_used,0,0,0,2,8,20,80,42.70196877,22.60692464,629,333,17.89986422,5.292896809,3.261371351,32.53835709,0.2928560302,0.6777315758,0.9966032609,1.539034583,1194,weka.RandomSubSpace_REPTree,0.493827,Supervised Classification
23,cmc,1473,10,3,Contraceptive_method_used,0,0,0,2,8,20,80,42.70196877,22.60692464,629,333,17.89986422,5.292896809,3.261371351,32.53835709,0.2928560302,0.6777315758,0.9966032609,1.539034583,1194,weka.RandomSubSpace_REPTree,0.518519,Supervised Classification
23,cmc,1473,10,3,Contraceptive_method_used,0,0,0,2,8,20,80,42.70196877,22.60692464,629,333,17.89986422,5.292896809,3.261371351,32.53835709,0.2928560302,0.6777315758,0.9966032609,1.539034583,1087,weka.HoeffdingTree,0.5,Supervised Classification
23,cmc,1473,10,3,Contraceptive_method_used,0,0,0,2,8,20,80,42.70196877,22.60692464,629,333,17.89986422,5.292896809,3.261371351,32.53835709,0.2928560302,0.6777315758,0.9966032609,1.539034583,1103,weka.VFI,0.425926,Supervised Classification
23,cmc,1473,10,3,Contraceptive_method_used,0,0,0,2,8,20,80,42.70196877,22.60692464,629,333,17.89986422,5.292896809,3.261371351,32.53835709,0.2928560302,0.6777315758,0.9966032609,1.539034583,1244,weka.FilteredClassifier_Discretize_J48,0.465021,Supervised Classification
23,cmc,1473,10,3,Contraceptive_method_used,0,0,0,2,8,20,80,42.70196877,22.60692464,629,333,17.89986422,5.292896809,3.261371351,32.53835709,0.2928560302,0.6777315758,0.9966032609,1.539034583,1185,weka.Bagging_REPTree,0.549383,Supervised Classification
23,cmc,1473,10,3,Contraceptive_method_used,0,0,0,2,8,20,80,42.70196877,22.60692464,629,333,17.89986422,5.292896809,3.261371351,32.53835709,0.2928560302,0.6777315758,0.9966032609,1.539034583,1197,weka.FURIA,0.555556,Supervised Classification
23,cmc,1473,10,3,Contraceptive_method_used,0,0,0,2,8,20,80,42.70196877,22.60692464,629,333,17.89986422,5.292896809,3.261371351,32.53835709,0.2928560302,0.6777315758,0.9966032609,1.539034583,1082,weka.LMT,0.516461,Supervised Classification
23,cmc,1473,10,3,Contraceptive_method_used,0,0,0,2,8,20,80,42.70196877,22.60692464,629,333,17.89986422,5.292896809,3.261371351,32.53835709,0.2928560302,0.6777315758,0.9966032609,1.539034583,1200,weka.LADTree,0.561728,Supervised Classification
23,cmc,1473,10,3,Contraceptive_method_used,0,0,0,2,8,20,80,42.70196877,22.60692464,629,333,17.89986422,5.292896809,3.261371351,32.53835709,0.2928560302,0.6777315758,0.9966032609,1.539034583,1084,weka.J48graft,0.485597,Supervised Classification
23,cmc,1473,10,3,Contraceptive_method_used,0,0,0,2,8,20,80,42.70196877,22.60692464,629,333,17.89986422,5.292896809,3.261371351,32.53835709,0.2928560302,0.6777315758,0.9966032609,1.539034583,1090,weka.DecisionStump,0.436214,Supervised Classification
23,cmc,1473,10,3,Contraceptive_method_used,0,0,0,2,8,20,80,42.70196877,22.60692464,629,333,17.89986422,5.292896809,3.261371351,32.53835709,0.2928560302,0.6777315758,0.9966032609,1.539034583,1094,weka.JRip,0.547325,Supervised Classification
23,cmc,1473,10,3,Contraceptive_method_used,0,0,0,2,8,20,80,42.70196877,22.60692464,629,333,17.89986422,5.292896809,3.261371351,32.53835709,0.2928560302,0.6777315758,0.9966032609,1.539034583,1096,weka.DecisionTable_BestFirst,0.545267,Supervised Classification
23,cmc,1473,10,3,Contraceptive_method_used,0,0,0,2,8,20,80,42.70196877,22.60692464,629,333,17.89986422,5.292896809,3.261371351,32.53835709,0.2928560302,0.6777315758,0.9966032609,1.539034583,1098,weka.ConjunctiveRule,0.436214,Supervised Classification
23,cmc,1473,10,3,Contraceptive_method_used,0,0,0,2,8,20,80,42.70196877,22.60692464,629,333,17.89986422,5.292896809,3.261371351,32.53835709,0.2928560302,0.6777315758,0.9966032609,1.539034583,1104,weka.IB1,0.436214,Supervised Classification
23,cmc,1473,10,3,Contraceptive_method_used,0,0,0,2,8,20,80,42.70196877,22.60692464,629,333,17.89986422,5.292896809,3.261371351,32.53835709,0.2928560302,0.6777315758,0.9966032609,1.539034583,1105,weka.IBk,0.430041,Supervised Classification
23,cmc,1473,10,3,Contraceptive_method_used,0,0,0,2,8,20,80,42.70196877,22.60692464,629,333,17.89986422,5.292896809,3.261371351,32.53835709,0.2928560302,0.6777315758,0.9966032609,1.539034583,1114,weka.Logistic,0.516461,Supervised Classification
23,cmc,1473,10,3,Contraceptive_method_used,0,0,0,2,8,20,80,42.70196877,22.60692464,629,333,17.89986422,5.292896809,3.261371351,32.53835709,0.2928560302,0.6777315758,0.9966032609,1.539034583,1116,weka.MultilayerPerceptronCS,0.5,Supervised Classification
23,cmc,1473,10,3,Contraceptive_method_used,0,0,0,2,8,20,80,42.70196877,22.60692464,629,333,17.89986422,5.292896809,3.261371351,32.53835709,0.2928560302,0.6777315758,0.9966032609,1.539034583,1117,weka.RBFClassifier,0.528807,Supervised Classification
23,cmc,1473,10,3,Contraceptive_method_used,0,0,0,2,8,20,80,42.70196877,22.60692464,629,333,17.89986422,5.292896809,3.261371351,32.53835709,0.2928560302,0.6777315758,0.9966032609,1.539034583,1154,weka.NaiveBayes,0.504115,Supervised Classification
23,cmc,1473,10,3,Contraceptive_method_used,0,0,0,2,8,20,80,42.70196877,22.60692464,629,333,17.89986422,5.292896809,3.261371351,32.53835709,0.2928560302,0.6777315758,0.9966032609,1.539034583,1163,weka.FilteredClassifier_PrincipalComponents_J48,0.409465,Supervised Classification
23,cmc,1473,10,3,Contraceptive_method_used,0,0,0,2,8,20,80,42.70196877,22.60692464,629,333,17.89986422,5.292896809,3.261371351,32.53835709,0.2928560302,0.6777315758,0.9966032609,1.539034583,1165,weka.A1DE,0.479424,Supervised Classification
23,cmc,1473,10,3,Contraceptive_method_used,0,0,0,2,8,20,80,42.70196877,22.60692464,629,333,17.89986422,5.292896809,3.261371351,32.53835709,0.2928560302,0.6777315758,0.9966032609,1.539034583,1172,weka.LibSVM,0.574074,Supervised Classification
23,cmc,1473,10,3,Contraceptive_method_used,0,0,0,2,8,20,80,42.70196877,22.60692464,629,333,17.89986422,5.292896809,3.261371351,32.53835709,0.2928560302,0.6777315758,0.9966032609,1.539034583,1185,weka.Bagging_REPTree,0.54321,Supervised Classification
23,cmc,1473,10,3,Contraceptive_method_used,0,0,0,2,8,20,80,42.70196877,22.60692464,629,333,17.89986422,5.292896809,3.261371351,32.53835709,0.2928560302,0.6777315758,0.9966032609,1.539034583,1191,weka.LogitBoost_DecisionStump,0.541152,Supervised Classification
23,cmc,1473,10,3,Contraceptive_method_used,0,0,0,2,8,20,80,42.70196877,22.60692464,629,333,17.89986422,5.292896809,3.261371351,32.53835709,0.2928560302,0.6777315758,0.9966032609,1.539034583,1194,weka.RandomSubSpace_REPTree,0.528807,Supervised Classification
23,cmc,1473,10,3,Contraceptive_method_used,0,0,0,2,8,20,80,42.70196877,22.60692464,629,333,17.89986422,5.292896809,3.261371351,32.53835709,0.2928560302,0.6777315758,0.9966032609,1.539034583,1194,weka.RandomSubSpace_REPTree,0.537037,Supervised Classification
23,cmc,1473,10,3,Contraceptive_method_used,0,0,0,2,8,20,80,42.70196877,22.60692464,629,333,17.89986422,5.292896809,3.261371351,32.53835709,0.2928560302,0.6777315758,0.9966032609,1.539034583,1099,weka.CHIRP,0.530864,Supervised Classification
23,cmc,1473,10,3,Contraceptive_method_used,0,0,0,2,8,20,80,42.70196877,22.60692464,629,333,17.89986422,5.292896809,3.261371351,32.53835709,0.2928560302,0.6777315758,0.9966032609,1.539034583,1100,weka.HyperPipes,0.436214,Supervised Classification
23,cmc,1473,10,3,Contraceptive_method_used,0,0,0,2,8,20,80,42.70196877,22.60692464,629,333,17.89986422,5.292896809,3.261371351,32.53835709,0.2928560302,0.6777315758,0.9966032609,1.539034583,1191,weka.LogitBoost_DecisionStump,0.534979,Supervised Classification
23,cmc,1473,10,3,Contraceptive_method_used,0,0,0,2,8,20,80,42.70196877,22.60692464,629,333,17.89986422,5.292896809,3.261371351,32.53835709,0.2928560302,0.6777315758,0.9966032609,1.539034583,1194,weka.RandomSubSpace_REPTree,0.516461,Supervised Classification
23,cmc,1473,10,3,Contraceptive_method_used,0,0,0,2,8,20,80,42.70196877,22.60692464,629,333,17.89986422,5.292896809,3.261371351,32.53835709,0.2928560302,0.6777315758,0.9966032609,1.539034583,1191,weka.LogitBoost_DecisionStump,0.539095,Supervised Classification
23,cmc,1473,10,3,Contraceptive_method_used,0,0,0,2,8,20,80,42.70196877,22.60692464,629,333,17.89986422,5.292896809,3.261371351,32.53835709,0.2928560302,0.6777315758,0.9966032609,1.539034583,1079,weka.RandomForest,0.514403,Supervised Classification
23,cmc,1473,10,3,Contraceptive_method_used,0,0,0,2,8,20,80,42.70196877,22.60692464,629,333,17.89986422,5.292896809,3.261371351,32.53835709,0.2928560302,0.6777315758,0.9966032609,1.539034583,1091,weka.BFTree,0.5,Supervised Classification
23,cmc,1473,10,3,Contraceptive_method_used,0,0,0,2,8,20,80,42.70196877,22.60692464,629,333,17.89986422,5.292896809,3.261371351,32.53835709,0.2928560302,0.6777315758,0.9966032609,1.539034583,1106,weka.KStar,0.524691,Supervised Classification
23,cmc,1473,10,3,Contraceptive_method_used,0,0,0,2,8,20,80,42.70196877,22.60692464,629,333,17.89986422,5.292896809,3.261371351,32.53835709,0.2928560302,0.6777315758,0.9966032609,1.539034583,1166,weka.A2DE,0.489712,Supervised Classification
23,cmc,1473,10,3,Contraceptive_method_used,0,0,0,2,8,20,80,42.70196877,22.60692464,629,333,17.89986422,5.292896809,3.261371351,32.53835709,0.2928560302,0.6777315758,0.9966032609,1.539034583,1088,weka.FT,0.49177,Supervised Classification
23,cmc,1473,10,3,Contraceptive_method_used,0,0,0,2,8,20,80,42.70196877,22.60692464,629,333,17.89986422,5.292896809,3.261371351,32.53835709,0.2928560302,0.6777315758,0.9966032609,1.539034583,1108,weka.LWL_DecisionStump,0.485597,Supervised Classification
23,cmc,1473,10,3,Contraceptive_method_used,0,0,0,2,8,20,80,42.70196877,22.60692464,629,333,17.89986422,5.292896809,3.261371351,32.53835709,0.2928560302,0.6777315758,0.9966032609,1.539034583,1186,weka.Dagging_DecisionStump,0.471193,Supervised Classification
23,cmc,1473,10,3,Contraceptive_method_used,0,0,0,2,8,20,80,42.70196877,22.60692464,629,333,17.89986422,5.292896809,3.261371351,32.53835709,0.2928560302,0.6777315758,0.9966032609,1.539034583,1187,weka.Decorate,0.495885,Supervised Classification
23,cmc,1473,10,3,Contraceptive_method_used,0,0,0,2,8,20,80,42.70196877,22.60692464,629,333,17.89986422,5.292896809,3.261371351,32.53835709,0.2928560302,0.6777315758,0.9966032609,1.539034583,1188,weka.END_ND_J48,0.534979,Supervised Classification
23,cmc,1473,10,3,Contraceptive_method_used,0,0,0,2,8,20,80,42.70196877,22.60692464,629,333,17.89986422,5.292896809,3.261371351,32.53835709,0.2928560302,0.6777315758,0.9966032609,1.539034583,1190,weka.Grading_ZeroR,0.436214,Supervised Classification
23,cmc,1473,10,3,Contraceptive_method_used,0,0,0,2,8,20,80,42.70196877,22.60692464,629,333,17.89986422,5.292896809,3.261371351,32.53835709,0.2928560302,0.6777315758,0.9966032609,1.539034583,1192,weka.MultiBoostAB_DecisionStump,0.436214,Supervised Classification
23,cmc,1473,10,3,Contraceptive_method_used,0,0,0,2,8,20,80,42.70196877,22.60692464,629,333,17.89986422,5.292896809,3.261371351,32.53835709,0.2928560302,0.6777315758,0.9966032609,1.539034583,1193,weka.RacedIncrementalLogitBoost_DecisionStump,0.436214,Supervised Classification
23,cmc,1473,10,3,Contraceptive_method_used,0,0,0,2,8,20,80,42.70196877,22.60692464,629,333,17.89986422,5.292896809,3.261371351,32.53835709,0.2928560302,0.6777315758,0.9966032609,1.539034583,1196,weka.RotationForest_PrincipalComponents_J48,0.539095,Supervised Classification
23,cmc,1473,10,3,Contraceptive_method_used,0,0,0,2,8,20,80,42.70196877,22.60692464,629,333,17.89986422,5.292896809,3.261371351,32.53835709,0.2928560302,0.6777315758,0.9966032609,1.539034583,1196,weka.RotationForest_PrincipalComponents_J48,0.537037,Supervised Classification
23,cmc,1473,10,3,Contraceptive_method_used,0,0,0,2,8,20,80,42.70196877,22.60692464,629,333,17.89986422,5.292896809,3.261371351,32.53835709,0.2928560302,0.6777315758,0.9966032609,1.539034583,1196,weka.RotationForest_PrincipalComponents_J48,0.54321,Supervised Classification
57,hypothyroid,3772,30,4,Class,6064,5.358784023,3772,7,23,23.33333333,76.66666667,92.28525981,0.05302226935,3481,2,46.4366897,19.05387759,0.9949997046,110.4696487,51.41313507,3.569191882,0.856271546,0.466617597,1068,weka.J48,0.994373,Supervised Classification
57,hypothyroid,3772,30,4,Class,6064,5.358784023,3772,7,23,23.33333333,76.66666667,92.28525981,0.05302226935,3481,2,46.4366897,19.05387759,0.9949997046,110.4696487,51.41313507,3.569191882,0.856271546,0.466617597,1069,weka.ZeroR,0.921222,Supervised Classification
57,hypothyroid,3772,30,4,Class,6064,5.358784023,3772,7,23,23.33333333,76.66666667,92.28525981,0.05302226935,3481,2,46.4366897,19.05387759,0.9949997046,110.4696487,51.41313507,3.569191882,0.856271546,0.466617597,1070,weka.Ridor,0.991158,Supervised Classification
57,hypothyroid,3772,30,4,Class,6064,5.358784023,3772,7,23,23.33333333,76.66666667,92.28525981,0.05302226935,3481,2,46.4366897,19.05387759,0.9949997046,110.4696487,51.41313507,3.569191882,0.856271546,0.466617597,1071,weka.OneR,0.957395,Supervised Classification
57,hypothyroid,3772,30,4,Class,6064,5.358784023,3772,7,23,23.33333333,76.66666667,92.28525981,0.05302226935,3481,2,46.4366897,19.05387759,0.9949997046,110.4696487,51.41313507,3.569191882,0.856271546,0.466617597,1073,weka.PART,0.995981,Supervised Classification
57,hypothyroid,3772,30,4,Class,6064,5.358784023,3772,7,23,23.33333333,76.66666667,92.28525981,0.05302226935,3481,2,46.4366897,19.05387759,0.9949997046,110.4696487,51.41313507,3.569191882,0.856271546,0.466617597,1074,weka.OLM,0.90836,Supervised Classification
57,hypothyroid,3772,30,4,Class,6064,5.358784023,3772,7,23,23.33333333,76.66666667,92.28525981,0.05302226935,3481,2,46.4366897,19.05387759,0.9949997046,110.4696487,51.41313507,3.569191882,0.856271546,0.466617597,1182,weka.AdaBoostM1_DecisionStump,0.925241,Supervised Classification
57,hypothyroid,3772,30,4,Class,6064,5.358784023,3772,7,23,23.33333333,76.66666667,92.28525981,0.05302226935,3481,2,46.4366897,19.05387759,0.9949997046,110.4696487,51.41313507,3.569191882,0.856271546,0.466617597,1191,weka.LogitBoost_DecisionStump,0.995177,Supervised Classification
57,hypothyroid,3772,30,4,Class,6064,5.358784023,3772,7,23,23.33333333,76.66666667,92.28525981,0.05302226935,3481,2,46.4366897,19.05387759,0.9949997046,110.4696487,51.41313507,3.569191882,0.856271546,0.466617597,1160,weka.AttributeSelectedClassifier_PrincipalComponents_Ranker_J48,0.928457,Supervised Classification
57,hypothyroid,3772,30,4,Class,6064,5.358784023,3772,7,23,23.33333333,76.66666667,92.28525981,0.05302226935,3481,2,46.4366897,19.05387759,0.9949997046,110.4696487,51.41313507,3.569191882,0.856271546,0.466617597,1185,weka.Bagging_REPTree,0.993569,Supervised Classification
57,hypothyroid,3772,30,4,Class,6064,5.358784023,3772,7,23,23.33333333,76.66666667,92.28525981,0.05302226935,3481,2,46.4366897,19.05387759,0.9949997046,110.4696487,51.41313507,3.569191882,0.856271546,0.466617597,1165,weka.A1DE,0.983119,Supervised Classification
57,hypothyroid,3772,30,4,Class,6064,5.358784023,3772,7,23,23.33333333,76.66666667,92.28525981,0.05302226935,3481,2,46.4366897,19.05387759,0.9949997046,110.4696487,51.41313507,3.569191882,0.856271546,0.466617597,1080,weka.NBTree,0.992765,Supervised Classification
57,hypothyroid,3772,30,4,Class,6064,5.358784023,3772,7,23,23.33333333,76.66666667,92.28525981,0.05302226935,3481,2,46.4366897,19.05387759,0.9949997046,110.4696487,51.41313507,3.569191882,0.856271546,0.466617597,523,weka.Bagging_J48,0.995177,Supervised Classification
57,hypothyroid,3772,30,4,Class,6064,5.358784023,3772,7,23,23.33333333,76.66666667,92.28525981,0.05302226935,3481,2,46.4366897,19.05387759,0.9949997046,110.4696487,51.41313507,3.569191882,0.856271546,0.466617597,524,weka.Bagging_JRip,0.993569,Supervised Classification
57,hypothyroid,3772,30,4,Class,6064,5.358784023,3772,7,23,23.33333333,76.66666667,92.28525981,0.05302226935,3481,2,46.4366897,19.05387759,0.9949997046,110.4696487,51.41313507,3.569191882,0.856271546,0.466617597,527,weka.Bagging_LMT,0.995177,Supervised Classification
57,hypothyroid,3772,30,4,Class,6064,5.358784023,3772,7,23,23.33333333,76.66666667,92.28525981,0.05302226935,3481,2,46.4366897,19.05387759,0.9949997046,110.4696487,51.41313507,3.569191882,0.856271546,0.466617597,527,weka.Bagging_LMT,0.996785,Supervised Classification
57,hypothyroid,3772,30,4,Class,6064,5.358784023,3772,7,23,23.33333333,76.66666667,92.28525981,0.05302226935,3481,2,46.4366897,19.05387759,0.9949997046,110.4696487,51.41313507,3.569191882,0.856271546,0.466617597,528,weka.Bagging_LWL_DecisionStump,0.951768,Supervised Classification
57,hypothyroid,3772,30,4,Class,6064,5.358784023,3772,7,23,23.33333333,76.66666667,92.28525981,0.05302226935,3481,2,46.4366897,19.05387759,0.9949997046,110.4696487,51.41313507,3.569191882,0.856271546,0.466617597,529,weka.Bagging_MultilayerPerceptron,0.942926,Supervised Classification
57,hypothyroid,3772,30,4,Class,6064,5.358784023,3772,7,23,23.33333333,76.66666667,92.28525981,0.05302226935,3481,2,46.4366897,19.05387759,0.9949997046,110.4696487,51.41313507,3.569191882,0.856271546,0.466617597,529,weka.Bagging_MultilayerPerceptron,0.946945,Supervised Classification
57,hypothyroid,3772,30,4,Class,6064,5.358784023,3772,7,23,23.33333333,76.66666667,92.28525981,0.05302226935,3481,2,46.4366897,19.05387759,0.9949997046,110.4696487,51.41313507,3.569191882,0.856271546,0.466617597,530,weka.Bagging_NaiveBayes,0.957395,Supervised Classification
57,hypothyroid,3772,30,4,Class,6064,5.358784023,3772,7,23,23.33333333,76.66666667,92.28525981,0.05302226935,3481,2,46.4366897,19.05387759,0.9949997046,110.4696487,51.41313507,3.569191882,0.856271546,0.466617597,531,weka.Bagging_OneR,0.955788,Supervised Classification
57,hypothyroid,3772,30,4,Class,6064,5.358784023,3772,7,23,23.33333333,76.66666667,92.28525981,0.05302226935,3481,2,46.4366897,19.05387759,0.9949997046,110.4696487,51.41313507,3.569191882,0.856271546,0.466617597,532,weka.Bagging_RandomForest,0.993569,Supervised Classification
57,hypothyroid,3772,30,4,Class,6064,5.358784023,3772,7,23,23.33333333,76.66666667,92.28525981,0.05302226935,3481,2,46.4366897,19.05387759,0.9949997046,110.4696487,51.41313507,3.569191882,0.856271546,0.466617597,532,weka.Bagging_RandomForest,0.991158,Supervised Classification
57,hypothyroid,3772,30,4,Class,6064,5.358784023,3772,7,23,23.33333333,76.66666667,92.28525981,0.05302226935,3481,2,46.4366897,19.05387759,0.9949997046,110.4696487,51.41313507,3.569191882,0.856271546,0.466617597,532,weka.Bagging_RandomForest,0.990354,Supervised Classification
57,hypothyroid,3772,30,4,Class,6064,5.358784023,3772,7,23,23.33333333,76.66666667,92.28525981,0.05302226935,3481,2,46.4366897,19.05387759,0.9949997046,110.4696487,51.41313507,3.569191882,0.856271546,0.466617597,533,weka.Bagging_RandomTree,0.994373,Supervised Classification
57,hypothyroid,3772,30,4,Class,6064,5.358784023,3772,7,23,23.33333333,76.66666667,92.28525981,0.05302226935,3481,2,46.4366897,19.05387759,0.9949997046,110.4696487,51.41313507,3.569191882,0.856271546,0.466617597,533,weka.Bagging_RandomTree,0.991961,Supervised Classification
57,hypothyroid,3772,30,4,Class,6064,5.358784023,3772,7,23,23.33333333,76.66666667,92.28525981,0.05302226935,3481,2,46.4366897,19.05387759,0.9949997046,110.4696487,51.41313507,3.569191882,0.856271546,0.466617597,533,weka.Bagging_RandomTree,0.98955,Supervised Classification
57,hypothyroid,3772,30,4,Class,6064,5.358784023,3772,7,23,23.33333333,76.66666667,92.28525981,0.05302226935,3481,2,46.4366897,19.05387759,0.9949997046,110.4696487,51.41313507,3.569191882,0.856271546,0.466617597,533,weka.Bagging_RandomTree,0.991158,Supervised Classification
57,hypothyroid,3772,30,4,Class,6064,5.358784023,3772,7,23,23.33333333,76.66666667,92.28525981,0.05302226935,3481,2,46.4366897,19.05387759,0.9949997046,110.4696487,51.41313507,3.569191882,0.856271546,0.466617597,378,weka.Bagging_REPTree,0.991961,Supervised Classification
57,hypothyroid,3772,30,4,Class,6064,5.358784023,3772,7,23,23.33333333,76.66666667,92.28525981,0.05302226935,3481,2,46.4366897,19.05387759,0.9949997046,110.4696487,51.41313507,3.569191882,0.856271546,0.466617597,378,weka.Bagging_REPTree,0.993569,Supervised Classification
57,hypothyroid,3772,30,4,Class,6064,5.358784023,3772,7,23,23.33333333,76.66666667,92.28525981,0.05302226935,3481,2,46.4366897,19.05387759,0.9949997046,110.4696487,51.41313507,3.569191882,0.856271546,0.466617597,534,weka.Bagging_SMO_PolyKernel,0.932476,Supervised Classification
57,hypothyroid,3772,30,4,Class,6064,5.358784023,3772,7,23,23.33333333,76.66666667,92.28525981,0.05302226935,3481,2,46.4366897,19.05387759,0.9949997046,110.4696487,51.41313507,3.569191882,0.856271546,0.466617597,534,weka.Bagging_SMO_PolyKernel,0.934084,Supervised Classification
57,hypothyroid,3772,30,4,Class,6064,5.358784023,3772,7,23,23.33333333,76.66666667,92.28525981,0.05302226935,3481,2,46.4366897,19.05387759,0.9949997046,110.4696487,51.41313507,3.569191882,0.856271546,0.466617597,563,weka.NaiveBayesUpdateable,0.955788,Supervised Classification
57,hypothyroid,3772,30,4,Class,6064,5.358784023,3772,7,23,23.33333333,76.66666667,92.28525981,0.05302226935,3481,2,46.4366897,19.05387759,0.9949997046,110.4696487,51.41313507,3.569191882,0.856271546,0.466617597,378,weka.Bagging_REPTree,0.995981,Supervised Classification
57,hypothyroid,3772,30,4,Class,6064,5.358784023,3772,7,23,23.33333333,76.66666667,92.28525981,0.05302226935,3481,2,46.4366897,19.05387759,0.9949997046,110.4696487,51.41313507,3.569191882,0.856271546,0.466617597,380,weka.NaiveBayes,0.955788,Supervised Classification
57,hypothyroid,3772,30,4,Class,6064,5.358784023,3772,7,23,23.33333333,76.66666667,92.28525981,0.05302226935,3481,2,46.4366897,19.05387759,0.9949997046,110.4696487,51.41313507,3.569191882,0.856271546,0.466617597,677,weka.Logistic,0.962219,Supervised Classification
57,hypothyroid,3772,30,4,Class,6064,5.358784023,3772,7,23,23.33333333,76.66666667,92.28525981,0.05302226935,3481,2,46.4366897,19.05387759,0.9949997046,110.4696487,51.41313507,3.569191882,0.856271546,0.466617597,385,weka.SMO_PolyKernel,0.93328,Supervised Classification
57,hypothyroid,3772,30,4,Class,6064,5.358784023,3772,7,23,23.33333333,76.66666667,92.28525981,0.05302226935,3481,2,46.4366897,19.05387759,0.9949997046,110.4696487,51.41313507,3.569191882,0.856271546,0.466617597,387,weka.SMO_RBFKernel,0.921222,Supervised Classification
57,hypothyroid,3772,30,4,Class,6064,5.358784023,3772,7,23,23.33333333,76.66666667,92.28525981,0.05302226935,3481,2,46.4366897,19.05387759,0.9949997046,110.4696487,51.41313507,3.569191882,0.856271546,0.466617597,389,weka.IBk,0.909968,Supervised Classification
57,hypothyroid,3772,30,4,Class,6064,5.358784023,3772,7,23,23.33333333,76.66666667,92.28525981,0.05302226935,3481,2,46.4366897,19.05387759,0.9949997046,110.4696487,51.41313507,3.569191882,0.856271546,0.466617597,390,weka.JRip,0.993569,Supervised Classification
57,hypothyroid,3772,30,4,Class,6064,5.358784023,3772,7,23,23.33333333,76.66666667,92.28525981,0.05302226935,3481,2,46.4366897,19.05387759,0.9949997046,110.4696487,51.41313507,3.569191882,0.856271546,0.466617597,391,weka.RandomForest,0.991961,Supervised Classification
57,hypothyroid,3772,30,4,Class,6064,5.358784023,3772,7,23,23.33333333,76.66666667,92.28525981,0.05302226935,3481,2,46.4366897,19.05387759,0.9949997046,110.4696487,51.41313507,3.569191882,0.856271546,0.466617597,398,weka.AdaBoostM1_BFTree,0.995177,Supervised Classification
57,hypothyroid,3772,30,4,Class,6064,5.358784023,3772,7,23,23.33333333,76.66666667,92.28525981,0.05302226935,3481,2,46.4366897,19.05387759,0.9949997046,110.4696487,51.41313507,3.569191882,0.856271546,0.466617597,398,weka.AdaBoostM1_BFTree,0.996785,Supervised Classification
57,hypothyroid,3772,30,4,Class,6064,5.358784023,3772,7,23,23.33333333,76.66666667,92.28525981,0.05302226935,3481,2,46.4366897,19.05387759,0.9949997046,110.4696487,51.41313507,3.569191882,0.856271546,0.466617597,398,weka.AdaBoostM1_BFTree,0.995981,Supervised Classification
57,hypothyroid,3772,30,4,Class,6064,5.358784023,3772,7,23,23.33333333,76.66666667,92.28525981,0.05302226935,3481,2,46.4366897,19.05387759,0.9949997046,110.4696487,51.41313507,3.569191882,0.856271546,0.466617597,376,weka.AdaBoostM1_DecisionStump,0.925241,Supervised Classification
57,hypothyroid,3772,30,4,Class,6064,5.358784023,3772,7,23,23.33333333,76.66666667,92.28525981,0.05302226935,3481,2,46.4366897,19.05387759,0.9949997046,110.4696487,51.41313507,3.569191882,0.856271546,0.466617597,404,weka.AdaBoostM1_IBk,0.909968,Supervised Classification
57,hypothyroid,3772,30,4,Class,6064,5.358784023,3772,7,23,23.33333333,76.66666667,92.28525981,0.05302226935,3481,2,46.4366897,19.05387759,0.9949997046,110.4696487,51.41313507,3.569191882,0.856271546,0.466617597,405,weka.AdaBoostM1_J48,0.996785,Supervised Classification
57,hypothyroid,3772,30,4,Class,6064,5.358784023,3772,7,23,23.33333333,76.66666667,92.28525981,0.05302226935,3481,2,46.4366897,19.05387759,0.9949997046,110.4696487,51.41313507,3.569191882,0.856271546,0.466617597,405,weka.AdaBoostM1_J48,0.994373,Supervised Classification
57,hypothyroid,3772,30,4,Class,6064,5.358784023,3772,7,23,23.33333333,76.66666667,92.28525981,0.05302226935,3481,2,46.4366897,19.05387759,0.9949997046,110.4696487,51.41313507,3.569191882,0.856271546,0.466617597,406,weka.AdaBoostM1_JRip,0.993569,Supervised Classification
57,hypothyroid,3772,30,4,Class,6064,5.358784023,3772,7,23,23.33333333,76.66666667,92.28525981,0.05302226935,3481,2,46.4366897,19.05387759,0.9949997046,110.4696487,51.41313507,3.569191882,0.856271546,0.466617597,406,weka.AdaBoostM1_JRip,0.994373,Supervised Classification
57,hypothyroid,3772,30,4,Class,6064,5.358784023,3772,7,23,23.33333333,76.66666667,92.28525981,0.05302226935,3481,2,46.4366897,19.05387759,0.9949997046,110.4696487,51.41313507,3.569191882,0.856271546,0.466617597,406,weka.AdaBoostM1_JRip,0.995981,Supervised Classification
57,hypothyroid,3772,30,4,Class,6064,5.358784023,3772,7,23,23.33333333,76.66666667,92.28525981,0.05302226935,3481,2,46.4366897,19.05387759,0.9949997046,110.4696487,51.41313507,3.569191882,0.856271546,0.466617597,407,weka.AdaBoostM1_LADTree,0.995177,Supervised Classification
57,hypothyroid,3772,30,4,Class,6064,5.358784023,3772,7,23,23.33333333,76.66666667,92.28525981,0.05302226935,3481,2,46.4366897,19.05387759,0.9949997046,110.4696487,51.41313507,3.569191882,0.856271546,0.466617597,407,weka.AdaBoostM1_LADTree,0.994373,Supervised Classification
57,hypothyroid,3772,30,4,Class,6064,5.358784023,3772,7,23,23.33333333,76.66666667,92.28525981,0.05302226935,3481,2,46.4366897,19.05387759,0.9949997046,110.4696487,51.41313507,3.569191882,0.856271546,0.466617597,407,weka.AdaBoostM1_LADTree,0.991961,Supervised Classification
57,hypothyroid,3772,30,4,Class,6064,5.358784023,3772,7,23,23.33333333,76.66666667,92.28525981,0.05302226935,3481,2,46.4366897,19.05387759,0.9949997046,110.4696487,51.41313507,3.569191882,0.856271546,0.466617597,411,weka.AdaBoostM1_LMT,0.996785,Supervised Classification
57,hypothyroid,3772,30,4,Class,6064,5.358784023,3772,7,23,23.33333333,76.66666667,92.28525981,0.05302226935,3481,2,46.4366897,19.05387759,0.9949997046,110.4696487,51.41313507,3.569191882,0.856271546,0.466617597,411,weka.AdaBoostM1_LMT,0.997588,Supervised Classification
57,hypothyroid,3772,30,4,Class,6064,5.358784023,3772,7,23,23.33333333,76.66666667,92.28525981,0.05302226935,3481,2,46.4366897,19.05387759,0.9949997046,110.4696487,51.41313507,3.569191882,0.856271546,0.466617597,413,weka.AdaBoostM1_LWL_DecisionStump,0.986334,Supervised Classification
57,hypothyroid,3772,30,4,Class,6064,5.358784023,3772,7,23,23.33333333,76.66666667,92.28525981,0.05302226935,3481,2,46.4366897,19.05387759,0.9949997046,110.4696487,51.41313507,3.569191882,0.856271546,0.466617597,417,weka.AdaBoostM1_NaiveBayes,0.921222,Supervised Classification
57,hypothyroid,3772,30,4,Class,6064,5.358784023,3772,7,23,23.33333333,76.66666667,92.28525981,0.05302226935,3481,2,46.4366897,19.05387759,0.9949997046,110.4696487,51.41313507,3.569191882,0.856271546,0.466617597,418,weka.AdaBoostM1_OneR,0.962219,Supervised Classification
57,hypothyroid,3772,30,4,Class,6064,5.358784023,3772,7,23,23.33333333,76.66666667,92.28525981,0.05302226935,3481,2,46.4366897,19.05387759,0.9949997046,110.4696487,51.41313507,3.569191882,0.856271546,0.466617597,418,weka.AdaBoostM1_OneR,0.961415,Supervised Classification
57,hypothyroid,3772,30,4,Class,6064,5.358784023,3772,7,23,23.33333333,76.66666667,92.28525981,0.05302226935,3481,2,46.4366897,19.05387759,0.9949997046,110.4696487,51.41313507,3.569191882,0.856271546,0.466617597,418,weka.AdaBoostM1_OneR,0.963023,Supervised Classification
57,hypothyroid,3772,30,4,Class,6064,5.358784023,3772,7,23,23.33333333,76.66666667,92.28525981,0.05302226935,3481,2,46.4366897,19.05387759,0.9949997046,110.4696487,51.41313507,3.569191882,0.856271546,0.466617597,418,weka.AdaBoostM1_OneR,0.963826,Supervised Classification
57,hypothyroid,3772,30,4,Class,6064,5.358784023,3772,7,23,23.33333333,76.66666667,92.28525981,0.05302226935,3481,2,46.4366897,19.05387759,0.9949997046,110.4696487,51.41313507,3.569191882,0.856271546,0.466617597,419,weka.AdaBoostM1_RandomForest,0.993569,Supervised Classification
57,hypothyroid,3772,30,4,Class,6064,5.358784023,3772,7,23,23.33333333,76.66666667,92.28525981,0.05302226935,3481,2,46.4366897,19.05387759,0.9949997046,110.4696487,51.41313507,3.569191882,0.856271546,0.466617597,420,weka.AdaBoostM1_RandomTree,0.983923,Supervised Classification
57,hypothyroid,3772,30,4,Class,6064,5.358784023,3772,7,23,23.33333333,76.66666667,92.28525981,0.05302226935,3481,2,46.4366897,19.05387759,0.9949997046,110.4696487,51.41313507,3.569191882,0.856271546,0.466617597,422,weka.AdaBoostM1_REPTree,0.995177,Supervised Classification
57,hypothyroid,3772,30,4,Class,6064,5.358784023,3772,7,23,23.33333333,76.66666667,92.28525981,0.05302226935,3481,2,46.4366897,19.05387759,0.9949997046,110.4696487,51.41313507,3.569191882,0.856271546,0.466617597,422,weka.AdaBoostM1_REPTree,0.993569,Supervised Classification
57,hypothyroid,3772,30,4,Class,6064,5.358784023,3772,7,23,23.33333333,76.66666667,92.28525981,0.05302226935,3481,2,46.4366897,19.05387759,0.9949997046,110.4696487,51.41313507,3.569191882,0.856271546,0.466617597,423,weka.AdaBoostM1_SMO_PolyKernel,0.94373,Supervised Classification
57,hypothyroid,3772,30,4,Class,6064,5.358784023,3772,7,23,23.33333333,76.66666667,92.28525981,0.05302226935,3481,2,46.4366897,19.05387759,0.9949997046,110.4696487,51.41313507,3.569191882,0.856271546,0.466617597,423,weka.AdaBoostM1_SMO_PolyKernel,0.945338,Supervised Classification
57,hypothyroid,3772,30,4,Class,6064,5.358784023,3772,7,23,23.33333333,76.66666667,92.28525981,0.05302226935,3481,2,46.4366897,19.05387759,0.9949997046,110.4696487,51.41313507,3.569191882,0.856271546,0.466617597,1075,weka.NNge,0.981511,Supervised Classification
57,hypothyroid,3772,30,4,Class,6064,5.358784023,3772,7,23,23.33333333,76.66666667,92.28525981,0.05302226935,3481,2,46.4366897,19.05387759,0.9949997046,110.4696487,51.41313507,3.569191882,0.856271546,0.466617597,1076,weka.SimpleCart,0.995177,Supervised Classification
57,hypothyroid,3772,30,4,Class,6064,5.358784023,3772,7,23,23.33333333,76.66666667,92.28525981,0.05302226935,3481,2,46.4366897,19.05387759,0.9949997046,110.4696487,51.41313507,3.569191882,0.856271546,0.466617597,1077,weka.REPTree,0.98955,Supervised Classification
57,hypothyroid,3772,30,4,Class,6064,5.358784023,3772,7,23,23.33333333,76.66666667,92.28525981,0.05302226935,3481,2,46.4366897,19.05387759,0.9949997046,110.4696487,51.41313507,3.569191882,0.856271546,0.466617597,1078,weka.RandomTree,0.98955,Supervised Classification
57,hypothyroid,3772,30,4,Class,6064,5.358784023,3772,7,23,23.33333333,76.66666667,92.28525981,0.05302226935,3481,2,46.4366897,19.05387759,0.9949997046,110.4696487,51.41313507,3.569191882,0.856271546,0.466617597,1079,weka.RandomForest,0.991961,Supervised Classification
57,hypothyroid,3772,30,4,Class,6064,5.358784023,3772,7,23,23.33333333,76.66666667,92.28525981,0.05302226935,3481,2,46.4366897,19.05387759,0.9949997046,110.4696487,51.41313507,3.569191882,0.856271546,0.466617597,1112,weka.LibLINEAR,0.938907,Supervised Classification
57,hypothyroid,3772,30,4,Class,6064,5.358784023,3772,7,23,23.33333333,76.66666667,92.28525981,0.05302226935,3481,2,46.4366897,19.05387759,0.9949997046,110.4696487,51.41313507,3.569191882,0.856271546,0.466617597,1177,weka.SimpleLogistic,0.967042,Supervised Classification
57,hypothyroid,3772,30,4,Class,6064,5.358784023,3772,7,23,23.33333333,76.66666667,92.28525981,0.05302226935,3481,2,46.4366897,19.05387759,0.9949997046,110.4696487,51.41313507,3.569191882,0.856271546,0.466617597,1178,weka.SMO_PolyKernel,0.93328,Supervised Classification
57,hypothyroid,3772,30,4,Class,6064,5.358784023,3772,7,23,23.33333333,76.66666667,92.28525981,0.05302226935,3481,2,46.4366897,19.05387759,0.9949997046,110.4696487,51.41313507,3.569191882,0.856271546,0.466617597,1179,weka.SMO_RBFKernel,0.921222,Supervised Classification
57,hypothyroid,3772,30,4,Class,6064,5.358784023,3772,7,23,23.33333333,76.66666667,92.28525981,0.05302226935,3481,2,46.4366897,19.05387759,0.9949997046,110.4696487,51.41313507,3.569191882,0.856271546,0.466617597,1105,weka.IBk,0.926849,Supervised Classification
57,hypothyroid,3772,30,4,Class,6064,5.358784023,3772,7,23,23.33333333,76.66666667,92.28525981,0.05302226935,3481,2,46.4366897,19.05387759,0.9949997046,110.4696487,51.41313507,3.569191882,0.856271546,0.466617597,1105,weka.IBk,0.930064,Supervised Classification
57,hypothyroid,3772,30,4,Class,6064,5.358784023,3772,7,23,23.33333333,76.66666667,92.28525981,0.05302226935,3481,2,46.4366897,19.05387759,0.9949997046,110.4696487,51.41313507,3.569191882,0.856271546,0.466617597,1183,weka.AttributeSelectedClassifier_CfsSubsetEval_BestFirst_J48,0.972669,Supervised Classification
57,hypothyroid,3772,30,4,Class,6064,5.358784023,3772,7,23,23.33333333,76.66666667,92.28525981,0.05302226935,3481,2,46.4366897,19.05387759,0.9949997046,110.4696487,51.41313507,3.569191882,0.856271546,0.466617597,1185,weka.Bagging_REPTree,0.995981,Supervised Classification
57,hypothyroid,3772,30,4,Class,6064,5.358784023,3772,7,23,23.33333333,76.66666667,92.28525981,0.05302226935,3481,2,46.4366897,19.05387759,0.9949997046,110.4696487,51.41313507,3.569191882,0.856271546,0.466617597,1194,weka.RandomSubSpace_REPTree,0.986334,Supervised Classification
57,hypothyroid,3772,30,4,Class,6064,5.358784023,3772,7,23,23.33333333,76.66666667,92.28525981,0.05302226935,3481,2,46.4366897,19.05387759,0.9949997046,110.4696487,51.41313507,3.569191882,0.856271546,0.466617597,1168,weka.BayesNet_K2,0.980707,Supervised Classification
57,hypothyroid,3772,30,4,Class,6064,5.358784023,3772,7,23,23.33333333,76.66666667,92.28525981,0.05302226935,3481,2,46.4366897,19.05387759,0.9949997046,110.4696487,51.41313507,3.569191882,0.856271546,0.466617597,1194,weka.RandomSubSpace_REPTree,0.94373,Supervised Classification
57,hypothyroid,3772,30,4,Class,6064,5.358784023,3772,7,23,23.33333333,76.66666667,92.28525981,0.05302226935,3481,2,46.4366897,19.05387759,0.9949997046,110.4696487,51.41313507,3.569191882,0.856271546,0.466617597,1194,weka.RandomSubSpace_REPTree,0.939711,Supervised Classification
57,hypothyroid,3772,30,4,Class,6064,5.358784023,3772,7,23,23.33333333,76.66666667,92.28525981,0.05302226935,3481,2,46.4366897,19.05387759,0.9949997046,110.4696487,51.41313507,3.569191882,0.856271546,0.466617597,1197,weka.FURIA,0.995177,Supervised Classification
57,hypothyroid,3772,30,4,Class,6064,5.358784023,3772,7,23,23.33333333,76.66666667,92.28525981,0.05302226935,3481,2,46.4366897,19.05387759,0.9949997046,110.4696487,51.41313507,3.569191882,0.856271546,0.466617597,1200,weka.LADTree,0.996785,Supervised Classification
57,hypothyroid,3772,30,4,Class,6064,5.358784023,3772,7,23,23.33333333,76.66666667,92.28525981,0.05302226935,3481,2,46.4366897,19.05387759,0.9949997046,110.4696487,51.41313507,3.569191882,0.856271546,0.466617597,1084,weka.J48graft,0.993569,Supervised Classification
57,hypothyroid,3772,30,4,Class,6064,5.358784023,3772,7,23,23.33333333,76.66666667,92.28525981,0.05302226935,3481,2,46.4366897,19.05387759,0.9949997046,110.4696487,51.41313507,3.569191882,0.856271546,0.466617597,1087,weka.HoeffdingTree,0.955788,Supervised Classification
57,hypothyroid,3772,30,4,Class,6064,5.358784023,3772,7,23,23.33333333,76.66666667,92.28525981,0.05302226935,3481,2,46.4366897,19.05387759,0.9949997046,110.4696487,51.41313507,3.569191882,0.856271546,0.466617597,1090,weka.DecisionStump,0.951768,Supervised Classification
57,hypothyroid,3772,30,4,Class,6064,5.358784023,3772,7,23,23.33333333,76.66666667,92.28525981,0.05302226935,3481,2,46.4366897,19.05387759,0.9949997046,110.4696487,51.41313507,3.569191882,0.856271546,0.466617597,1096,weka.DecisionTable_BestFirst,0.987138,Supervised Classification
57,hypothyroid,3772,30,4,Class,6064,5.358784023,3772,7,23,23.33333333,76.66666667,92.28525981,0.05302226935,3481,2,46.4366897,19.05387759,0.9949997046,110.4696487,51.41313507,3.569191882,0.856271546,0.466617597,1098,weka.ConjunctiveRule,0.971061,Supervised Classification
57,hypothyroid,3772,30,4,Class,6064,5.358784023,3772,7,23,23.33333333,76.66666667,92.28525981,0.05302226935,3481,2,46.4366897,19.05387759,0.9949997046,110.4696487,51.41313507,3.569191882,0.856271546,0.466617597,1103,weka.VFI,0.898714,Supervised Classification
57,hypothyroid,3772,30,4,Class,6064,5.358784023,3772,7,23,23.33333333,76.66666667,92.28525981,0.05302226935,3481,2,46.4366897,19.05387759,0.9949997046,110.4696487,51.41313507,3.569191882,0.856271546,0.466617597,1114,weka.Logistic,0.962219,Supervised Classification
57,hypothyroid,3772,30,4,Class,6064,5.358784023,3772,7,23,23.33333333,76.66666667,92.28525981,0.05302226935,3481,2,46.4366897,19.05387759,0.9949997046,110.4696487,51.41313507,3.569191882,0.856271546,0.466617597,1117,weka.RBFClassifier,0.923633,Supervised Classification
57,hypothyroid,3772,30,4,Class,6064,5.358784023,3772,7,23,23.33333333,76.66666667,92.28525981,0.05302226935,3481,2,46.4366897,19.05387759,0.9949997046,110.4696487,51.41313507,3.569191882,0.856271546,0.466617597,1154,weka.NaiveBayes,0.955788,Supervised Classification
57,hypothyroid,3772,30,4,Class,6064,5.358784023,3772,7,23,23.33333333,76.66666667,92.28525981,0.05302226935,3481,2,46.4366897,19.05387759,0.9949997046,110.4696487,51.41313507,3.569191882,0.856271546,0.466617597,1155,weka.FilteredClassifier_Standardize_NaiveBayes,0.954984,Supervised Classification
57,hypothyroid,3772,30,4,Class,6064,5.358784023,3772,7,23,23.33333333,76.66666667,92.28525981,0.05302226935,3481,2,46.4366897,19.05387759,0.9949997046,110.4696487,51.41313507,3.569191882,0.856271546,0.466617597,1244,weka.FilteredClassifier_Discretize_J48,0.985531,Supervised Classification
57,hypothyroid,3772,30,4,Class,6064,5.358784023,3772,7,23,23.33333333,76.66666667,92.28525981,0.05302226935,3481,2,46.4366897,19.05387759,0.9949997046,110.4696487,51.41313507,3.569191882,0.856271546,0.466617597,1163,weka.FilteredClassifier_PrincipalComponents_J48,0.928457,Supervised Classification
57,hypothyroid,3772,30,4,Class,6064,5.358784023,3772,7,23,23.33333333,76.66666667,92.28525981,0.05302226935,3481,2,46.4366897,19.05387759,0.9949997046,110.4696487,51.41313507,3.569191882,0.856271546,0.466617597,1172,weka.LibSVM,0.92283,Supervised Classification
57,hypothyroid,3772,30,4,Class,6064,5.358784023,3772,7,23,23.33333333,76.66666667,92.28525981,0.05302226935,3481,2,46.4366897,19.05387759,0.9949997046,110.4696487,51.41313507,3.569191882,0.856271546,0.466617597,1185,weka.Bagging_REPTree,0.991961,Supervised Classification
57,hypothyroid,3772,30,4,Class,6064,5.358784023,3772,7,23,23.33333333,76.66666667,92.28525981,0.05302226935,3481,2,46.4366897,19.05387759,0.9949997046,110.4696487,51.41313507,3.569191882,0.856271546,0.466617597,1191,weka.LogitBoost_DecisionStump,0.991961,Supervised Classification
57,hypothyroid,3772,30,4,Class,6064,5.358784023,3772,7,23,23.33333333,76.66666667,92.28525981,0.05302226935,3481,2,46.4366897,19.05387759,0.9949997046,110.4696487,51.41313507,3.569191882,0.856271546,0.466617597,1094,weka.JRip,0.993569,Supervised Classification
57,hypothyroid,3772,30,4,Class,6064,5.358784023,3772,7,23,23.33333333,76.66666667,92.28525981,0.05302226935,3481,2,46.4366897,19.05387759,0.9949997046,110.4696487,51.41313507,3.569191882,0.856271546,0.466617597,1099,weka.CHIRP,0.941318,Supervised Classification
57,hypothyroid,3772,30,4,Class,6064,5.358784023,3772,7,23,23.33333333,76.66666667,92.28525981,0.05302226935,3481,2,46.4366897,19.05387759,0.9949997046,110.4696487,51.41313507,3.569191882,0.856271546,0.466617597,1100,weka.HyperPipes,0.930868,Supervised Classification
57,hypothyroid,3772,30,4,Class,6064,5.358784023,3772,7,23,23.33333333,76.66666667,92.28525981,0.05302226935,3481,2,46.4366897,19.05387759,0.9949997046,110.4696487,51.41313507,3.569191882,0.856271546,0.466617597,1101,weka.InputMappedClassifier_ZeroR,0.921222,Supervised Classification
57,hypothyroid,3772,30,4,Class,6064,5.358784023,3772,7,23,23.33333333,76.66666667,92.28525981,0.05302226935,3481,2,46.4366897,19.05387759,0.9949997046,110.4696487,51.41313507,3.569191882,0.856271546,0.466617597,1104,weka.IB1,0.909968,Supervised Classification
57,hypothyroid,3772,30,4,Class,6064,5.358784023,3772,7,23,23.33333333,76.66666667,92.28525981,0.05302226935,3481,2,46.4366897,19.05387759,0.9949997046,110.4696487,51.41313507,3.569191882,0.856271546,0.466617597,1105,weka.IBk,0.909968,Supervised Classification
57,hypothyroid,3772,30,4,Class,6064,5.358784023,3772,7,23,23.33333333,76.66666667,92.28525981,0.05302226935,3481,2,46.4366897,19.05387759,0.9949997046,110.4696487,51.41313507,3.569191882,0.856271546,0.466617597,1191,weka.LogitBoost_DecisionStump,0.995981,Supervised Classification
57,hypothyroid,3772,30,4,Class,6064,5.358784023,3772,7,23,23.33333333,76.66666667,92.28525981,0.05302226935,3481,2,46.4366897,19.05387759,0.9949997046,110.4696487,51.41313507,3.569191882,0.856271546,0.466617597,1166,weka.A2DE,0.982315,Supervised Classification
57,hypothyroid,3772,30,4,Class,6064,5.358784023,3772,7,23,23.33333333,76.66666667,92.28525981,0.05302226935,3481,2,46.4366897,19.05387759,0.9949997046,110.4696487,51.41313507,3.569191882,0.856271546,0.466617597,1194,weka.RandomSubSpace_REPTree,0.938907,Supervised Classification
57,hypothyroid,3772,30,4,Class,6064,5.358784023,3772,7,23,23.33333333,76.66666667,92.28525981,0.05302226935,3481,2,46.4366897,19.05387759,0.9949997046,110.4696487,51.41313507,3.569191882,0.856271546,0.466617597,1106,weka.KStar,0.942926,Supervised Classification
57,hypothyroid,3772,30,4,Class,6064,5.358784023,3772,7,23,23.33333333,76.66666667,92.28525981,0.05302226935,3481,2,46.4366897,19.05387759,0.9949997046,110.4696487,51.41313507,3.569191882,0.856271546,0.466617597,1194,weka.RandomSubSpace_REPTree,0.946945,Supervised Classification
57,hypothyroid,3772,30,4,Class,6064,5.358784023,3772,7,23,23.33333333,76.66666667,92.28525981,0.05302226935,3481,2,46.4366897,19.05387759,0.9949997046,110.4696487,51.41313507,3.569191882,0.856271546,0.466617597,1091,weka.BFTree,0.993569,Supervised Classification
57,hypothyroid,3772,30,4,Class,6064,5.358784023,3772,7,23,23.33333333,76.66666667,92.28525981,0.05302226935,3481,2,46.4366897,19.05387759,0.9949997046,110.4696487,51.41313507,3.569191882,0.856271546,0.466617597,1088,weka.FT,0.963023,Supervised Classification
57,hypothyroid,3772,30,4,Class,6064,5.358784023,3772,7,23,23.33333333,76.66666667,92.28525981,0.05302226935,3481,2,46.4366897,19.05387759,0.9949997046,110.4696487,51.41313507,3.569191882,0.856271546,0.466617597,1108,weka.LWL_DecisionStump,0.951768,Supervised Classification
57,hypothyroid,3772,30,4,Class,6064,5.358784023,3772,7,23,23.33333333,76.66666667,92.28525981,0.05302226935,3481,2,46.4366897,19.05387759,0.9949997046,110.4696487,51.41313507,3.569191882,0.856271546,0.466617597,1082,weka.LMT,0.995177,Supervised Classification
57,hypothyroid,3772,30,4,Class,6064,5.358784023,3772,7,23,23.33333333,76.66666667,92.28525981,0.05302226935,3481,2,46.4366897,19.05387759,0.9949997046,110.4696487,51.41313507,3.569191882,0.856271546,0.466617597,1186,weka.Dagging_DecisionStump,0.947749,Supervised Classification
57,hypothyroid,3772,30,4,Class,6064,5.358784023,3772,7,23,23.33333333,76.66666667,92.28525981,0.05302226935,3481,2,46.4366897,19.05387759,0.9949997046,110.4696487,51.41313507,3.569191882,0.856271546,0.466617597,1188,weka.END_ND_J48,0.994373,Supervised Classification
57,hypothyroid,3772,30,4,Class,6064,5.358784023,3772,7,23,23.33333333,76.66666667,92.28525981,0.05302226935,3481,2,46.4366897,19.05387759,0.9949997046,110.4696487,51.41313507,3.569191882,0.856271546,0.466617597,1190,weka.Grading_ZeroR,0.921222,Supervised Classification
57,hypothyroid,3772,30,4,Class,6064,5.358784023,3772,7,23,23.33333333,76.66666667,92.28525981,0.05302226935,3481,2,46.4366897,19.05387759,0.9949997046,110.4696487,51.41313507,3.569191882,0.856271546,0.466617597,1192,weka.MultiBoostAB_DecisionStump,0.951768,Supervised Classification
57,hypothyroid,3772,30,4,Class,6064,5.358784023,3772,7,23,23.33333333,76.66666667,92.28525981,0.05302226935,3481,2,46.4366897,19.05387759,0.9949997046,110.4696487,51.41313507,3.569191882,0.856271546,0.466617597,1192,weka.MultiBoostAB_DecisionStump,0.925241,Supervised Classification
57,hypothyroid,3772,30,4,Class,6064,5.358784023,3772,7,23,23.33333333,76.66666667,92.28525981,0.05302226935,3481,2,46.4366897,19.05387759,0.9949997046,110.4696487,51.41313507,3.569191882,0.856271546,0.466617597,1193,weka.RacedIncrementalLogitBoost_DecisionStump,0.981511,Supervised Classification
57,hypothyroid,3772,30,4,Class,6064,5.358784023,3772,7,23,23.33333333,76.66666667,92.28525981,0.05302226935,3481,2,46.4366897,19.05387759,0.9949997046,110.4696487,51.41313507,3.569191882,0.856271546,0.466617597,1196,weka.RotationForest_PrincipalComponents_J48,0.995177,Supervised Classification
57,hypothyroid,3772,30,4,Class,6064,5.358784023,3772,7,23,23.33333333,76.66666667,92.28525981,0.05302226935,3481,2,46.4366897,19.05387759,0.9949997046,110.4696487,51.41313507,3.569191882,0.856271546,0.466617597,1196,weka.RotationForest_PrincipalComponents_J48,0.997588,Supervised Classification
57,hypothyroid,3772,30,4,Class,6064,5.358784023,3772,7,23,23.33333333,76.66666667,92.28525981,0.05302226935,3481,2,46.4366897,19.05387759,0.9949997046,110.4696487,51.41313507,3.569191882,0.856271546,0.466617597,1196,weka.RotationForest_PrincipalComponents_J48,0.996785,Supervised Classification
57,hypothyroid,3772,30,4,Class,6064,5.358784023,3772,7,23,23.33333333,76.66666667,92.28525981,0.05302226935,3481,2,46.4366897,19.05387759,0.9949997046,110.4696487,51.41313507,3.569191882,0.856271546,0.466617597,1196,weka.RotationForest_PrincipalComponents_J48,0.998392,Supervised Classification
151,electricity,45312,9,2,class,0,0,0,7,2,77.77777778,22.22222222,57.54546257,42.45453743,26075,19237,0.3441820376,0.1604184804,0.003467033898,0.5005263909,1029.170541,12.6181127,0.85330273,0.9835093906,1068,weka.J48,0.889513,Supervised Classification
151,electricity,45312,9,2,class,0,0,0,7,2,77.77777778,22.22222222,57.54546257,42.45453743,26075,19237,0.3441820376,0.1604184804,0.003467033898,0.5005263909,1029.170541,12.6181127,0.85330273,0.9835093906,1069,weka.ZeroR,0.570894,Supervised Classification
151,electricity,45312,9,2,class,0,0,0,7,2,77.77777778,22.22222222,57.54546257,42.45453743,26075,19237,0.3441820376,0.1604184804,0.003467033898,0.5005263909,1029.170541,12.6181127,0.85330273,0.9835093906,1070,weka.Ridor,0.795078,Supervised Classification
151,electricity,45312,9,2,class,0,0,0,7,2,77.77777778,22.22222222,57.54546257,42.45453743,26075,19237,0.3441820376,0.1604184804,0.003467033898,0.5005263909,1029.170541,12.6181127,0.85330273,0.9835093906,1071,weka.OneR,0.756755,Supervised Classification
151,electricity,45312,9,2,class,0,0,0,7,2,77.77777778,22.22222222,57.54546257,42.45453743,26075,19237,0.3441820376,0.1604184804,0.003467033898,0.5005263909,1029.170541,12.6181127,0.85330273,0.9835093906,1073,weka.PART,0.837881,Supervised Classification
151,electricity,45312,9,2,class,0,0,0,7,2,77.77777778,22.22222222,57.54546257,42.45453743,26075,19237,0.3441820376,0.1604184804,0.003467033898,0.5005263909,1029.170541,12.6181127,0.85330273,0.9835093906,1074,weka.OLM,0.375268,Supervised Classification
151,electricity,45312,9,2,class,0,0,0,7,2,77.77777778,22.22222222,57.54546257,42.45453743,26075,19237,0.3441820376,0.1604184804,0.003467033898,0.5005263909,1029.170541,12.6181127,0.85330273,0.9835093906,1191,weka.LogitBoost_DecisionStump,0.820024,Supervised Classification
151,electricity,45312,9,2,class,0,0,0,7,2,77.77777778,22.22222222,57.54546257,42.45453743,26075,19237,0.3441820376,0.1604184804,0.003467033898,0.5005263909,1029.170541,12.6181127,0.85330273,0.9835093906,1194,weka.RandomSubSpace_REPTree,0.880952,Supervised Classification
151,electricity,45312,9,2,class,0,0,0,7,2,77.77777778,22.22222222,57.54546257,42.45453743,26075,19237,0.3441820376,0.1604184804,0.003467033898,0.5005263909,1029.170541,12.6181127,0.85330273,0.9835093906,60,weka.J48,0.845506,Supervised Classification
151,electricity,45312,9,2,class,0,0,0,7,2,77.77777778,22.22222222,57.54546257,42.45453743,26075,19237,0.3441820376,0.1604184804,0.003467033898,0.5005263909,1029.170541,12.6181127,0.85330273,0.9835093906,365,weka.J48,0.889513,Supervised Classification
151,electricity,45312,9,2,class,0,0,0,7,2,77.77777778,22.22222222,57.54546257,42.45453743,26075,19237,0.3441820376,0.1604184804,0.003467033898,0.5005263909,1029.170541,12.6181127,0.85330273,0.9835093906,523,weka.Bagging_J48,0.91252,Supervised Classification
151,electricity,45312,9,2,class,0,0,0,7,2,77.77777778,22.22222222,57.54546257,42.45453743,26075,19237,0.3441820376,0.1604184804,0.003467033898,0.5005263909,1029.170541,12.6181127,0.85330273,0.9835093906,523,weka.Bagging_J48,0.915864,Supervised Classification
151,electricity,45312,9,2,class,0,0,0,7,2,77.77777778,22.22222222,57.54546257,42.45453743,26075,19237,0.3441820376,0.1604184804,0.003467033898,0.5005263909,1029.170541,12.6181127,0.85330273,0.9835093906,523,weka.Bagging_J48,0.91767,Supervised Classification
151,electricity,45312,9,2,class,0,0,0,7,2,77.77777778,22.22222222,57.54546257,42.45453743,26075,19237,0.3441820376,0.1604184804,0.003467033898,0.5005263909,1029.170541,12.6181127,0.85330273,0.9835093906,523,weka.Bagging_J48,0.916867,Supervised Classification
151,electricity,45312,9,2,class,0,0,0,7,2,77.77777778,22.22222222,57.54546257,42.45453743,26075,19237,0.3441820376,0.1604184804,0.003467033898,0.5005263909,1029.170541,12.6181127,0.85330273,0.9835093906,524,weka.Bagging_JRip,0.878812,Supervised Classification
151,electricity,45312,9,2,class,0,0,0,7,2,77.77777778,22.22222222,57.54546257,42.45453743,26075,19237,0.3441820376,0.1604184804,0.003467033898,0.5005263909,1029.170541,12.6181127,0.85330273,0.9835093906,524,weka.Bagging_JRip,0.876538,Supervised Classification
151,electricity,45312,9,2,class,0,0,0,7,2,77.77777778,22.22222222,57.54546257,42.45453743,26075,19237,0.3441820376,0.1604184804,0.003467033898,0.5005263909,1029.170541,12.6181127,0.85330273,0.9835093906,611,weka.MultiBoostAB_ADTree,0.798422,Supervised Classification
151,electricity,45312,9,2,class,0,0,0,7,2,77.77777778,22.22222222,57.54546257,42.45453743,26075,19237,0.3441820376,0.1604184804,0.003467033898,0.5005263909,1029.170541,12.6181127,0.85330273,0.9835093906,611,weka.MultiBoostAB_ADTree,0.811263,Supervised Classification
151,electricity,45312,9,2,class,0,0,0,7,2,77.77777778,22.22222222,57.54546257,42.45453743,26075,19237,0.3441820376,0.1604184804,0.003467033898,0.5005263909,1029.170541,12.6181127,0.85330273,0.9835093906,611,weka.MultiBoostAB_ADTree,0.806715,Supervised Classification
151,electricity,45312,9,2,class,0,0,0,7,2,77.77777778,22.22222222,57.54546257,42.45453743,26075,19237,0.3441820376,0.1604184804,0.003467033898,0.5005263909,1029.170541,12.6181127,0.85330273,0.9835093906,611,weka.MultiBoostAB_ADTree,0.819422,Supervised Classification
151,electricity,45312,9,2,class,0,0,0,7,2,77.77777778,22.22222222,57.54546257,42.45453743,26075,19237,0.3441820376,0.1604184804,0.003467033898,0.5005263909,1029.170541,12.6181127,0.85330273,0.9835093906,611,weka.MultiBoostAB_ADTree,0.820693,Supervised Classification
151,electricity,45312,9,2,class,0,0,0,7,2,77.77777778,22.22222222,57.54546257,42.45453743,26075,19237,0.3441820376,0.1604184804,0.003467033898,0.5005263909,1029.170541,12.6181127,0.85330273,0.9835093906,527,weka.Bagging_LMT,0.922753,Supervised Classification
151,electricity,45312,9,2,class,0,0,0,7,2,77.77777778,22.22222222,57.54546257,42.45453743,26075,19237,0.3441820376,0.1604184804,0.003467033898,0.5005263909,1029.170541,12.6181127,0.85330273,0.9835093906,527,weka.Bagging_LMT,0.923355,Supervised Classification
151,electricity,45312,9,2,class,0,0,0,7,2,77.77777778,22.22222222,57.54546257,42.45453743,26075,19237,0.3441820376,0.1604184804,0.003467033898,0.5005263909,1029.170541,12.6181127,0.85330273,0.9835093906,527,weka.Bagging_LMT,0.920613,Supervised Classification
151,electricity,45312,9,2,class,0,0,0,7,2,77.77777778,22.22222222,57.54546257,42.45453743,26075,19237,0.3441820376,0.1604184804,0.003467033898,0.5005263909,1029.170541,12.6181127,0.85330273,0.9835093906,527,weka.Bagging_LMT,0.919676,Supervised Classification
151,electricity,45312,9,2,class,0,0,0,7,2,77.77777778,22.22222222,57.54546257,42.45453743,26075,19237,0.3441820376,0.1604184804,0.003467033898,0.5005263909,1029.170541,12.6181127,0.85330273,0.9835093906,1076,weka.SimpleCart,0.884029,Supervised Classification
151,electricity,45312,9,2,class,0,0,0,7,2,77.77777778,22.22222222,57.54546257,42.45453743,26075,19237,0.3441820376,0.1604184804,0.003467033898,0.5005263909,1029.170541,12.6181127,0.85330273,0.9835093906,1077,weka.REPTree,0.867509,Supervised Classification
151,electricity,45312,9,2,class,0,0,0,7,2,77.77777778,22.22222222,57.54546257,42.45453743,26075,19237,0.3441820376,0.1604184804,0.003467033898,0.5005263909,1029.170541,12.6181127,0.85330273,0.9835093906,1078,weka.RandomTree,0.866974,Supervised Classification
151,electricity,45312,9,2,class,0,0,0,7,2,77.77777778,22.22222222,57.54546257,42.45453743,26075,19237,0.3441820376,0.1604184804,0.003467033898,0.5005263909,1029.170541,12.6181127,0.85330273,0.9835093906,1080,weka.NBTree,0.831594,Supervised Classification
151,electricity,45312,9,2,class,0,0,0,7,2,77.77777778,22.22222222,57.54546257,42.45453743,26075,19237,0.3441820376,0.1604184804,0.003467033898,0.5005263909,1029.170541,12.6181127,0.85330273,0.9835093906,1168,weka.BayesNet_K2,0.748863,Supervised Classification
151,electricity,45312,9,2,class,0,0,0,7,2,77.77777778,22.22222222,57.54546257,42.45453743,26075,19237,0.3441820376,0.1604184804,0.003467033898,0.5005263909,1029.170541,12.6181127,0.85330273,0.9835093906,1112,weka.LibLINEAR,0.75428,Supervised Classification
151,electricity,45312,9,2,class,0,0,0,7,2,77.77777778,22.22222222,57.54546257,42.45453743,26075,19237,0.3441820376,0.1604184804,0.003467033898,0.5005263909,1029.170541,12.6181127,0.85330273,0.9835093906,1177,weka.SimpleLogistic,0.755417,Supervised Classification
151,electricity,45312,9,2,class,0,0,0,7,2,77.77777778,22.22222222,57.54546257,42.45453743,26075,19237,0.3441820376,0.1604184804,0.003467033898,0.5005263909,1029.170541,12.6181127,0.85330273,0.9835093906,1178,weka.SMO_PolyKernel,0.755685,Supervised Classification
151,electricity,45312,9,2,class,0,0,0,7,2,77.77777778,22.22222222,57.54546257,42.45453743,26075,19237,0.3441820376,0.1604184804,0.003467033898,0.5005263909,1029.170541,12.6181127,0.85330273,0.9835093906,1179,weka.SMO_RBFKernel,0.680578,Supervised Classification
151,electricity,45312,9,2,class,0,0,0,7,2,77.77777778,22.22222222,57.54546257,42.45453743,26075,19237,0.3441820376,0.1604184804,0.003467033898,0.5005263909,1029.170541,12.6181127,0.85330273,0.9835093906,1180,weka.SPegasos,0.752876,Supervised Classification
151,electricity,45312,9,2,class,0,0,0,7,2,77.77777778,22.22222222,57.54546257,42.45453743,26075,19237,0.3441820376,0.1604184804,0.003467033898,0.5005263909,1029.170541,12.6181127,0.85330273,0.9835093906,1105,weka.IBk,0.800762,Supervised Classification
151,electricity,45312,9,2,class,0,0,0,7,2,77.77777778,22.22222222,57.54546257,42.45453743,26075,19237,0.3441820376,0.1604184804,0.003467033898,0.5005263909,1029.170541,12.6181127,0.85330273,0.9835093906,1105,weka.IBk,0.802368,Supervised Classification
151,electricity,45312,9,2,class,0,0,0,7,2,77.77777778,22.22222222,57.54546257,42.45453743,26075,19237,0.3441820376,0.1604184804,0.003467033898,0.5005263909,1029.170541,12.6181127,0.85330273,0.9835093906,1182,weka.AdaBoostM1_DecisionStump,0.755016,Supervised Classification
151,electricity,45312,9,2,class,0,0,0,7,2,77.77777778,22.22222222,57.54546257,42.45453743,26075,19237,0.3441820376,0.1604184804,0.003467033898,0.5005263909,1029.170541,12.6181127,0.85330273,0.9835093906,1182,weka.AdaBoostM1_DecisionStump,0.782103,Supervised Classification
151,electricity,45312,9,2,class,0,0,0,7,2,77.77777778,22.22222222,57.54546257,42.45453743,26075,19237,0.3441820376,0.1604184804,0.003467033898,0.5005263909,1029.170541,12.6181127,0.85330273,0.9835093906,1182,weka.AdaBoostM1_DecisionStump,0.775348,Supervised Classification
151,electricity,45312,9,2,class,0,0,0,7,2,77.77777778,22.22222222,57.54546257,42.45453743,26075,19237,0.3441820376,0.1604184804,0.003467033898,0.5005263909,1029.170541,12.6181127,0.85330273,0.9835093906,1182,weka.AdaBoostM1_DecisionStump,0.798555,Supervised Classification
151,electricity,45312,9,2,class,0,0,0,7,2,77.77777778,22.22222222,57.54546257,42.45453743,26075,19237,0.3441820376,0.1604184804,0.003467033898,0.5005263909,1029.170541,12.6181127,0.85330273,0.9835093906,1183,weka.AttributeSelectedClassifier_CfsSubsetEval_BestFirst_J48,0.760902,Supervised Classification
151,electricity,45312,9,2,class,0,0,0,7,2,77.77777778,22.22222222,57.54546257,42.45453743,26075,19237,0.3441820376,0.1604184804,0.003467033898,0.5005263909,1029.170541,12.6181127,0.85330273,0.9835093906,1185,weka.Bagging_REPTree,0.89881,Supervised Classification
151,electricity,45312,9,2,class,0,0,0,7,2,77.77777778,22.22222222,57.54546257,42.45453743,26075,19237,0.3441820376,0.1604184804,0.003467033898,0.5005263909,1029.170541,12.6181127,0.85330273,0.9835093906,1194,weka.RandomSubSpace_REPTree,0.899746,Supervised Classification
151,electricity,45312,9,2,class,0,0,0,7,2,77.77777778,22.22222222,57.54546257,42.45453743,26075,19237,0.3441820376,0.1604184804,0.003467033898,0.5005263909,1029.170541,12.6181127,0.85330273,0.9835093906,1194,weka.RandomSubSpace_REPTree,0.886102,Supervised Classification
151,electricity,45312,9,2,class,0,0,0,7,2,77.77777778,22.22222222,57.54546257,42.45453743,26075,19237,0.3441820376,0.1604184804,0.003467033898,0.5005263909,1029.170541,12.6181127,0.85330273,0.9835093906,1087,weka.HoeffdingTree,0.764179,Supervised Classification
151,electricity,45312,9,2,class,0,0,0,7,2,77.77777778,22.22222222,57.54546257,42.45453743,26075,19237,0.3441820376,0.1604184804,0.003467033898,0.5005263909,1029.170541,12.6181127,0.85330273,0.9835093906,1091,weka.BFTree,0.876739,Supervised Classification
151,electricity,45312,9,2,class,0,0,0,7,2,77.77777778,22.22222222,57.54546257,42.45453743,26075,19237,0.3441820376,0.1604184804,0.003467033898,0.5005263909,1029.170541,12.6181127,0.85330273,0.9835093906,1094,weka.JRip,0.841693,Supervised Classification
151,electricity,45312,9,2,class,0,0,0,7,2,77.77777778,22.22222222,57.54546257,42.45453743,26075,19237,0.3441820376,0.1604184804,0.003467033898,0.5005263909,1029.170541,12.6181127,0.85330273,0.9835093906,1098,weka.ConjunctiveRule,0.753678,Supervised Classification
151,electricity,45312,9,2,class,0,0,0,7,2,77.77777778,22.22222222,57.54546257,42.45453743,26075,19237,0.3441820376,0.1604184804,0.003467033898,0.5005263909,1029.170541,12.6181127,0.85330273,0.9835093906,1100,weka.HyperPipes,0.459805,Supervised Classification
151,electricity,45312,9,2,class,0,0,0,7,2,77.77777778,22.22222222,57.54546257,42.45453743,26075,19237,0.3441820376,0.1604184804,0.003467033898,0.5005263909,1029.170541,12.6181127,0.85330273,0.9835093906,1101,weka.InputMappedClassifier_ZeroR,0.570894,Supervised Classification
151,electricity,45312,9,2,class,0,0,0,7,2,77.77777778,22.22222222,57.54546257,42.45453743,26075,19237,0.3441820376,0.1604184804,0.003467033898,0.5005263909,1029.170541,12.6181127,0.85330273,0.9835093906,1103,weka.VFI,0.526953,Supervised Classification
151,electricity,45312,9,2,class,0,0,0,7,2,77.77777778,22.22222222,57.54546257,42.45453743,26075,19237,0.3441820376,0.1604184804,0.003467033898,0.5005263909,1029.170541,12.6181127,0.85330273,0.9835093906,1244,weka.FilteredClassifier_Discretize_J48,0.815342,Supervised Classification
151,electricity,45312,9,2,class,0,0,0,7,2,77.77777778,22.22222222,57.54546257,42.45453743,26075,19237,0.3441820376,0.1604184804,0.003467033898,0.5005263909,1029.170541,12.6181127,0.85330273,0.9835093906,1185,weka.Bagging_REPTree,0.900147,Supervised Classification
151,electricity,45312,9,2,class,0,0,0,7,2,77.77777778,22.22222222,57.54546257,42.45453743,26075,19237,0.3441820376,0.1604184804,0.003467033898,0.5005263909,1029.170541,12.6181127,0.85330273,0.9835093906,1191,weka.LogitBoost_DecisionStump,0.768994,Supervised Classification
151,electricity,45312,9,2,class,0,0,0,7,2,77.77777778,22.22222222,57.54546257,42.45453743,26075,19237,0.3441820376,0.1604184804,0.003467033898,0.5005263909,1029.170541,12.6181127,0.85330273,0.9835093906,1191,weka.LogitBoost_DecisionStump,0.788791,Supervised Classification
151,electricity,45312,9,2,class,0,0,0,7,2,77.77777778,22.22222222,57.54546257,42.45453743,26075,19237,0.3441820376,0.1604184804,0.003467033898,0.5005263909,1029.170541,12.6181127,0.85330273,0.9835093906,1191,weka.LogitBoost_DecisionStump,0.809256,Supervised Classification
151,electricity,45312,9,2,class,0,0,0,7,2,77.77777778,22.22222222,57.54546257,42.45453743,26075,19237,0.3441820376,0.1604184804,0.003467033898,0.5005263909,1029.170541,12.6181127,0.85330273,0.9835093906,1194,weka.RandomSubSpace_REPTree,0.883293,Supervised Classification
151,electricity,45312,9,2,class,0,0,0,7,2,77.77777778,22.22222222,57.54546257,42.45453743,26075,19237,0.3441820376,0.1604184804,0.003467033898,0.5005263909,1029.170541,12.6181127,0.85330273,0.9835093906,1194,weka.RandomSubSpace_REPTree,0.881889,Supervised Classification
151,electricity,45312,9,2,class,0,0,0,7,2,77.77777778,22.22222222,57.54546257,42.45453743,26075,19237,0.3441820376,0.1604184804,0.003467033898,0.5005263909,1029.170541,12.6181127,0.85330273,0.9835093906,1199,weka.ADTree,0.779695,Supervised Classification
151,electricity,45312,9,2,class,0,0,0,7,2,77.77777778,22.22222222,57.54546257,42.45453743,26075,19237,0.3441820376,0.1604184804,0.003467033898,0.5005263909,1029.170541,12.6181127,0.85330273,0.9835093906,1200,weka.LADTree,0.796014,Supervised Classification
151,electricity,45312,9,2,class,0,0,0,7,2,77.77777778,22.22222222,57.54546257,42.45453743,26075,19237,0.3441820376,0.1604184804,0.003467033898,0.5005263909,1029.170541,12.6181127,0.85330273,0.9835093906,1197,weka.FURIA,0.841693,Supervised Classification
151,electricity,45312,9,2,class,0,0,0,7,2,77.77777778,22.22222222,57.54546257,42.45453743,26075,19237,0.3441820376,0.1604184804,0.003467033898,0.5005263909,1029.170541,12.6181127,0.85330273,0.9835093906,1084,weka.J48graft,0.891453,Supervised Classification
151,electricity,45312,9,2,class,0,0,0,7,2,77.77777778,22.22222222,57.54546257,42.45453743,26075,19237,0.3441820376,0.1604184804,0.003467033898,0.5005263909,1029.170541,12.6181127,0.85330273,0.9835093906,1090,weka.DecisionStump,0.751404,Supervised Classification
151,electricity,45312,9,2,class,0,0,0,7,2,77.77777778,22.22222222,57.54546257,42.45453743,26075,19237,0.3441820376,0.1604184804,0.003467033898,0.5005263909,1029.170541,12.6181127,0.85330273,0.9835093906,1096,weka.DecisionTable_BestFirst,0.792202,Supervised Classification
151,electricity,45312,9,2,class,0,0,0,7,2,77.77777778,22.22222222,57.54546257,42.45453743,26075,19237,0.3441820376,0.1604184804,0.003467033898,0.5005263909,1029.170541,12.6181127,0.85330273,0.9835093906,1104,weka.IB1,0.782303,Supervised Classification
151,electricity,45312,9,2,class,0,0,0,7,2,77.77777778,22.22222222,57.54546257,42.45453743,26075,19237,0.3441820376,0.1604184804,0.003467033898,0.5005263909,1029.170541,12.6181127,0.85330273,0.9835093906,1105,weka.IBk,0.782303,Supervised Classification
151,electricity,45312,9,2,class,0,0,0,7,2,77.77777778,22.22222222,57.54546257,42.45453743,26075,19237,0.3441820376,0.1604184804,0.003467033898,0.5005263909,1029.170541,12.6181127,0.85330273,0.9835093906,1108,weka.LWL_DecisionStump,0.752475,Supervised Classification
151,electricity,45312,9,2,class,0,0,0,7,2,77.77777778,22.22222222,57.54546257,42.45453743,26075,19237,0.3441820376,0.1604184804,0.003467033898,0.5005263909,1029.170541,12.6181127,0.85330273,0.9835093906,1114,weka.Logistic,0.758226,Supervised Classification
151,electricity,45312,9,2,class,0,0,0,7,2,77.77777778,22.22222222,57.54546257,42.45453743,26075,19237,0.3441820376,0.1604184804,0.003467033898,0.5005263909,1029.170541,12.6181127,0.85330273,0.9835093906,1117,weka.RBFClassifier,0.705859,Supervised Classification
151,electricity,45312,9,2,class,0,0,0,7,2,77.77777778,22.22222222,57.54546257,42.45453743,26075,19237,0.3441820376,0.1604184804,0.003467033898,0.5005263909,1029.170541,12.6181127,0.85330273,0.9835093906,1120,weka.SGD,0.758159,Supervised Classification
151,electricity,45312,9,2,class,0,0,0,7,2,77.77777778,22.22222222,57.54546257,42.45453743,26075,19237,0.3441820376,0.1604184804,0.003467033898,0.5005263909,1029.170541,12.6181127,0.85330273,0.9835093906,1154,weka.NaiveBayes,0.739299,Supervised Classification
151,electricity,45312,9,2,class,0,0,0,7,2,77.77777778,22.22222222,57.54546257,42.45453743,26075,19237,0.3441820376,0.1604184804,0.003467033898,0.5005263909,1029.170541,12.6181127,0.85330273,0.9835093906,1155,weka.FilteredClassifier_Standardize_NaiveBayes,0.739633,Supervised Classification
151,electricity,45312,9,2,class,0,0,0,7,2,77.77777778,22.22222222,57.54546257,42.45453743,26075,19237,0.3441820376,0.1604184804,0.003467033898,0.5005263909,1029.170541,12.6181127,0.85330273,0.9835093906,1163,weka.FilteredClassifier_PrincipalComponents_J48,0.791332,Supervised Classification
151,electricity,45312,9,2,class,0,0,0,7,2,77.77777778,22.22222222,57.54546257,42.45453743,26075,19237,0.3441820376,0.1604184804,0.003467033898,0.5005263909,1029.170541,12.6181127,0.85330273,0.9835093906,1165,weka.A1DE,0.793606,Supervised Classification
151,electricity,45312,9,2,class,0,0,0,7,2,77.77777778,22.22222222,57.54546257,42.45453743,26075,19237,0.3441820376,0.1604184804,0.003467033898,0.5005263909,1029.170541,12.6181127,0.85330273,0.9835093906,1172,weka.LibSVM,0.744449,Supervised Classification
151,electricity,45312,9,2,class,0,0,0,7,2,77.77777778,22.22222222,57.54546257,42.45453743,26075,19237,0.3441820376,0.1604184804,0.003467033898,0.5005263909,1029.170541,12.6181127,0.85330273,0.9835093906,1185,weka.Bagging_REPTree,0.893994,Supervised Classification
151,electricity,45312,9,2,class,0,0,0,7,2,77.77777778,22.22222222,57.54546257,42.45453743,26075,19237,0.3441820376,0.1604184804,0.003467033898,0.5005263909,1029.170541,12.6181127,0.85330273,0.9835093906,1185,weka.Bagging_REPTree,0.894262,Supervised Classification
151,electricity,45312,9,2,class,0,0,0,7,2,77.77777778,22.22222222,57.54546257,42.45453743,26075,19237,0.3441820376,0.1604184804,0.003467033898,0.5005263909,1029.170541,12.6181127,0.85330273,0.9835093906,1099,weka.CHIRP,0.813871,Supervised Classification
151,electricity,45312,9,2,class,0,0,0,7,2,77.77777778,22.22222222,57.54546257,42.45453743,26075,19237,0.3441820376,0.1604184804,0.003467033898,0.5005263909,1029.170541,12.6181127,0.85330273,0.9835093906,1106,weka.KStar,0.860621,Supervised Classification
151,electricity,45312,9,2,class,0,0,0,7,2,77.77777778,22.22222222,57.54546257,42.45453743,26075,19237,0.3441820376,0.1604184804,0.003467033898,0.5005263909,1029.170541,12.6181127,0.85330273,0.9835093906,1112,weka.LibLINEAR,0.754347,Supervised Classification
151,electricity,45312,9,2,class,0,0,0,7,2,77.77777778,22.22222222,57.54546257,42.45453743,26075,19237,0.3441820376,0.1604184804,0.003467033898,0.5005263909,1029.170541,12.6181127,0.85330273,0.9835093906,1160,weka.AttributeSelectedClassifier_PrincipalComponents_Ranker_J48,0.791332,Supervised Classification
151,electricity,45312,9,2,class,0,0,0,7,2,77.77777778,22.22222222,57.54546257,42.45453743,26075,19237,0.3441820376,0.1604184804,0.003467033898,0.5005263909,1029.170541,12.6181127,0.85330273,0.9835093906,1166,weka.A2DE,0.812533,Supervised Classification
151,electricity,45312,9,2,class,0,0,0,7,2,77.77777778,22.22222222,57.54546257,42.45453743,26075,19237,0.3441820376,0.1604184804,0.003467033898,0.5005263909,1029.170541,12.6181127,0.85330273,0.9835093906,1191,weka.LogitBoost_DecisionStump,0.82805,Supervised Classification
151,electricity,45312,9,2,class,0,0,0,7,2,77.77777778,22.22222222,57.54546257,42.45453743,26075,19237,0.3441820376,0.1604184804,0.003467033898,0.5005263909,1029.170541,12.6181127,0.85330273,0.9835093906,1079,weka.RandomForest,0.912453,Supervised Classification
151,electricity,45312,9,2,class,0,0,0,7,2,77.77777778,22.22222222,57.54546257,42.45453743,26075,19237,0.3441820376,0.1604184804,0.003467033898,0.5005263909,1029.170541,12.6181127,0.85330273,0.9835093906,1082,weka.LMT,0.888376,Supervised Classification
151,electricity,45312,9,2,class,0,0,0,7,2,77.77777778,22.22222222,57.54546257,42.45453743,26075,19237,0.3441820376,0.1604184804,0.003467033898,0.5005263909,1029.170541,12.6181127,0.85330273,0.9835093906,1088,weka.FT,0.861022,Supervised Classification
151,electricity,45312,9,2,class,0,0,0,7,2,77.77777778,22.22222222,57.54546257,42.45453743,26075,19237,0.3441820376,0.1604184804,0.003467033898,0.5005263909,1029.170541,12.6181127,0.85330273,0.9835093906,1185,weka.Bagging_REPTree,0.898408,Supervised Classification
151,electricity,45312,9,2,class,0,0,0,7,2,77.77777778,22.22222222,57.54546257,42.45453743,26075,19237,0.3441820376,0.1604184804,0.003467033898,0.5005263909,1029.170541,12.6181127,0.85330273,0.9835093906,1186,weka.Dagging_DecisionStump,0.751605,Supervised Classification
151,electricity,45312,9,2,class,0,0,0,7,2,77.77777778,22.22222222,57.54546257,42.45453743,26075,19237,0.3441820376,0.1604184804,0.003467033898,0.5005263909,1029.170541,12.6181127,0.85330273,0.9835093906,1187,weka.Decorate,0.917469,Supervised Classification
151,electricity,45312,9,2,class,0,0,0,7,2,77.77777778,22.22222222,57.54546257,42.45453743,26075,19237,0.3441820376,0.1604184804,0.003467033898,0.5005263909,1029.170541,12.6181127,0.85330273,0.9835093906,1188,weka.END_ND_J48,0.889513,Supervised Classification
151,electricity,45312,9,2,class,0,0,0,7,2,77.77777778,22.22222222,57.54546257,42.45453743,26075,19237,0.3441820376,0.1604184804,0.003467033898,0.5005263909,1029.170541,12.6181127,0.85330273,0.9835093906,1190,weka.Grading_ZeroR,0.570894,Supervised Classification
151,electricity,45312,9,2,class,0,0,0,7,2,77.77777778,22.22222222,57.54546257,42.45453743,26075,19237,0.3441820376,0.1604184804,0.003467033898,0.5005263909,1029.170541,12.6181127,0.85330273,0.9835093906,1192,weka.MultiBoostAB_DecisionStump,0.751538,Supervised Classification
151,electricity,45312,9,2,class,0,0,0,7,2,77.77777778,22.22222222,57.54546257,42.45453743,26075,19237,0.3441820376,0.1604184804,0.003467033898,0.5005263909,1029.170541,12.6181127,0.85330273,0.9835093906,1192,weka.MultiBoostAB_DecisionStump,0.75214,Supervised Classification
151,electricity,45312,9,2,class,0,0,0,7,2,77.77777778,22.22222222,57.54546257,42.45453743,26075,19237,0.3441820376,0.1604184804,0.003467033898,0.5005263909,1029.170541,12.6181127,0.85330273,0.9835093906,1192,weka.MultiBoostAB_DecisionStump,0.75622,Supervised Classification
151,electricity,45312,9,2,class,0,0,0,7,2,77.77777778,22.22222222,57.54546257,42.45453743,26075,19237,0.3441820376,0.1604184804,0.003467033898,0.5005263909,1029.170541,12.6181127,0.85330273,0.9835093906,1192,weka.MultiBoostAB_DecisionStump,0.756019,Supervised Classification
151,electricity,45312,9,2,class,0,0,0,7,2,77.77777778,22.22222222,57.54546257,42.45453743,26075,19237,0.3441820376,0.1604184804,0.003467033898,0.5005263909,1029.170541,12.6181127,0.85330273,0.9835093906,1193,weka.RacedIncrementalLogitBoost_DecisionStump,0.789259,Supervised Classification
151,electricity,45312,9,2,class,0,0,0,7,2,77.77777778,22.22222222,57.54546257,42.45453743,26075,19237,0.3441820376,0.1604184804,0.003467033898,0.5005263909,1029.170541,12.6181127,0.85330273,0.9835093906,1195,weka.RealAdaBoost_DecisionStump,0.755484,Supervised Classification
151,electricity,45312,9,2,class,0,0,0,7,2,77.77777778,22.22222222,57.54546257,42.45453743,26075,19237,0.3441820376,0.1604184804,0.003467033898,0.5005263909,1029.170541,12.6181127,0.85330273,0.9835093906,1196,weka.RotationForest_PrincipalComponents_J48,0.871857,Supervised Classification
151,electricity,45312,9,2,class,0,0,0,7,2,77.77777778,22.22222222,57.54546257,42.45453743,26075,19237,0.3441820376,0.1604184804,0.003467033898,0.5005263909,1029.170541,12.6181127,0.85330273,0.9835093906,1196,weka.RotationForest_PrincipalComponents_J48,0.876271,Supervised Classification
151,electricity,45312,9,2,class,0,0,0,7,2,77.77777778,22.22222222,57.54546257,42.45453743,26075,19237,0.3441820376,0.1604184804,0.003467033898,0.5005263909,1029.170541,12.6181127,0.85330273,0.9835093906,1196,weka.RotationForest_PrincipalComponents_J48,0.879147,Supervised Classification
151,electricity,45312,9,2,class,0,0,0,7,2,77.77777778,22.22222222,57.54546257,42.45453743,26075,19237,0.3441820376,0.1604184804,0.003467033898,0.5005263909,1029.170541,12.6181127,0.85330273,0.9835093906,1196,weka.RotationForest_PrincipalComponents_J48,0.879013,Supervised Classification
151,electricity,45312,9,2,class,0,0,0,7,2,77.77777778,22.22222222,57.54546257,42.45453743,26075,19237,0.3441820376,0.1604184804,0.003467033898,0.5005263909,1029.170541,12.6181127,0.85330273,0.9835093906,1196,weka.RotationForest_PrincipalComponents_J48,0.877608,Supervised Classification
184,kropt,28056,7,18,game,0,0,0,0,7,0,100,16.22825777,0.09623609923,4553,27,,,,,,,0.9993940474,3.504159021,1068,weka.J48,0.515446,Supervised Classification
184,kropt,28056,7,18,game,0,0,0,0,7,0,100,16.22825777,0.09623609923,4553,27,,,,,,,0.9993940474,3.504159021,1069,weka.ZeroR,0.167207,Supervised Classification
184,kropt,28056,7,18,game,0,0,0,0,7,0,100,16.22825777,0.09623609923,4553,27,,,,,,,0.9993940474,3.504159021,1070,weka.Ridor,0.445777,Supervised Classification
184,kropt,28056,7,18,game,0,0,0,0,7,0,100,16.22825777,0.09623609923,4553,27,,,,,,,0.9993940474,3.504159021,1071,weka.OneR,0.254591,Supervised Classification
184,kropt,28056,7,18,game,0,0,0,0,7,0,100,16.22825777,0.09623609923,4553,27,,,,,,,0.9993940474,3.504159021,1073,weka.PART,0.492655,Supervised Classification
184,kropt,28056,7,18,game,0,0,0,0,7,0,100,16.22825777,0.09623609923,4553,27,,,,,,,0.9993940474,3.504159021,1074,weka.OLM,0.098077,Supervised Classification
184,kropt,28056,7,18,game,0,0,0,0,7,0,100,16.22825777,0.09623609923,4553,27,,,,,,,0.9993940474,3.504159021,1160,weka.AttributeSelectedClassifier_PrincipalComponents_Ranker_J48,0.461007,Supervised Classification
184,kropt,28056,7,18,game,0,0,0,0,7,0,100,16.22825777,0.09623609923,4553,27,,,,,,,0.9993940474,3.504159021,62,weka.DecisionStump,0.183301,Supervised Classification
184,kropt,28056,7,18,game,0,0,0,0,7,0,100,16.22825777,0.09623609923,4553,27,,,,,,,0.9993940474,3.504159021,523,weka.Bagging_J48,0.556816,Supervised Classification
184,kropt,28056,7,18,game,0,0,0,0,7,0,100,16.22825777,0.09623609923,4553,27,,,,,,,0.9993940474,3.504159021,523,weka.Bagging_J48,0.562649,Supervised Classification
184,kropt,28056,7,18,game,0,0,0,0,7,0,100,16.22825777,0.09623609923,4553,27,,,,,,,0.9993940474,3.504159021,523,weka.Bagging_J48,0.564485,Supervised Classification
184,kropt,28056,7,18,game,0,0,0,0,7,0,100,16.22825777,0.09623609923,4553,27,,,,,,,0.9993940474,3.504159021,523,weka.Bagging_J48,0.568913,Supervised Classification
184,kropt,28056,7,18,game,0,0,0,0,7,0,100,16.22825777,0.09623609923,4553,27,,,,,,,0.9993940474,3.504159021,524,weka.Bagging_JRip,0.579499,Supervised Classification
184,kropt,28056,7,18,game,0,0,0,0,7,0,100,16.22825777,0.09623609923,4553,27,,,,,,,0.9993940474,3.504159021,524,weka.Bagging_JRip,0.580363,Supervised Classification
184,kropt,28056,7,18,game,0,0,0,0,7,0,100,16.22825777,0.09623609923,4553,27,,,,,,,0.9993940474,3.504159021,1076,weka.SimpleCart,0.679412,Supervised Classification
184,kropt,28056,7,18,game,0,0,0,0,7,0,100,16.22825777,0.09623609923,4553,27,,,,,,,0.9993940474,3.504159021,1077,weka.REPTree,0.474401,Supervised Classification
184,kropt,28056,7,18,game,0,0,0,0,7,0,100,16.22825777,0.09623609923,4553,27,,,,,,,0.9993940474,3.504159021,1078,weka.RandomTree,0.464895,Supervised Classification
184,kropt,28056,7,18,game,0,0,0,0,7,0,100,16.22825777,0.09623609923,4553,27,,,,,,,0.9993940474,3.504159021,1079,weka.RandomForest,0.66159,Supervised Classification
184,kropt,28056,7,18,game,0,0,0,0,7,0,100,16.22825777,0.09623609923,4553,27,,,,,,,0.9993940474,3.504159021,1080,weka.NBTree,0.566753,Supervised Classification
184,kropt,28056,7,18,game,0,0,0,0,7,0,100,16.22825777,0.09623609923,4553,27,,,,,,,0.9993940474,3.504159021,1173,weka.HNB,0.57345,Supervised Classification
184,kropt,28056,7,18,game,0,0,0,0,7,0,100,16.22825777,0.09623609923,4553,27,,,,,,,0.9993940474,3.504159021,1112,weka.LibLINEAR,0.361093,Supervised Classification
184,kropt,28056,7,18,game,0,0,0,0,7,0,100,16.22825777,0.09623609923,4553,27,,,,,,,0.9993940474,3.504159021,1177,weka.SimpleLogistic,0.403003,Supervised Classification
184,kropt,28056,7,18,game,0,0,0,0,7,0,100,16.22825777,0.09623609923,4553,27,,,,,,,0.9993940474,3.504159021,1178,weka.SMO_PolyKernel,0.44232,Supervised Classification
184,kropt,28056,7,18,game,0,0,0,0,7,0,100,16.22825777,0.09623609923,4553,27,,,,,,,0.9993940474,3.504159021,1179,weka.SMO_RBFKernel,0.379672,Supervised Classification
184,kropt,28056,7,18,game,0,0,0,0,7,0,100,16.22825777,0.09623609923,4553,27,,,,,,,0.9993940474,3.504159021,1105,weka.IBk,0.690646,Supervised Classification
184,kropt,28056,7,18,game,0,0,0,0,7,0,100,16.22825777,0.09623609923,4553,27,,,,,,,0.9993940474,3.504159021,1182,weka.AdaBoostM1_DecisionStump,0.183301,Supervised Classification
184,kropt,28056,7,18,game,0,0,0,0,7,0,100,16.22825777,0.09623609923,4553,27,,,,,,,0.9993940474,3.504159021,1183,weka.AttributeSelectedClassifier_CfsSubsetEval_BestFirst_J48,0.515446,Supervised Classification
184,kropt,28056,7,18,game,0,0,0,0,7,0,100,16.22825777,0.09623609923,4553,27,,,,,,,0.9993940474,3.504159021,1191,weka.LogitBoost_DecisionStump,0.332361,Supervised Classification
184,kropt,28056,7,18,game,0,0,0,0,7,0,100,16.22825777,0.09623609923,4553,27,,,,,,,0.9993940474,3.504159021,1191,weka.LogitBoost_DecisionStump,0.37978,Supervised Classification
184,kropt,28056,7,18,game,0,0,0,0,7,0,100,16.22825777,0.09623609923,4553,27,,,,,,,0.9993940474,3.504159021,1194,weka.RandomSubSpace_REPTree,0.424606,Supervised Classification
184,kropt,28056,7,18,game,0,0,0,0,7,0,100,16.22825777,0.09623609923,4553,27,,,,,,,0.9993940474,3.504159021,1082,weka.LMT,0.645496,Supervised Classification
184,kropt,28056,7,18,game,0,0,0,0,7,0,100,16.22825777,0.09623609923,4553,27,,,,,,,0.9993940474,3.504159021,1086,weka.Id3,0.392849,Supervised Classification
184,kropt,28056,7,18,game,0,0,0,0,7,0,100,16.22825777,0.09623609923,4553,27,,,,,,,0.9993940474,3.504159021,1087,weka.HoeffdingTree,0.362065,Supervised Classification
184,kropt,28056,7,18,game,0,0,0,0,7,0,100,16.22825777,0.09623609923,4553,27,,,,,,,0.9993940474,3.504159021,1090,weka.DecisionStump,0.183301,Supervised Classification
184,kropt,28056,7,18,game,0,0,0,0,7,0,100,16.22825777,0.09623609923,4553,27,,,,,,,0.9993940474,3.504159021,1094,weka.JRip,0.418881,Supervised Classification
184,kropt,28056,7,18,game,0,0,0,0,7,0,100,16.22825777,0.09623609923,4553,27,,,,,,,0.9993940474,3.504159021,1095,weka.DTNB,0.465435,Supervised Classification
184,kropt,28056,7,18,game,0,0,0,0,7,0,100,16.22825777,0.09623609923,4553,27,,,,,,,0.9993940474,3.504159021,1100,weka.HyperPipes,0.094189,Supervised Classification
184,kropt,28056,7,18,game,0,0,0,0,7,0,100,16.22825777,0.09623609923,4553,27,,,,,,,0.9993940474,3.504159021,1104,weka.IB1,0.367034,Supervised Classification
184,kropt,28056,7,18,game,0,0,0,0,7,0,100,16.22825777,0.09623609923,4553,27,,,,,,,0.9993940474,3.504159021,1154,weka.NaiveBayes,0.362065,Supervised Classification
184,kropt,28056,7,18,game,0,0,0,0,7,0,100,16.22825777,0.09623609923,4553,27,,,,,,,0.9993940474,3.504159021,1166,weka.A2DE,0.659214,Supervised Classification
184,kropt,28056,7,18,game,0,0,0,0,7,0,100,16.22825777,0.09623609923,4553,27,,,,,,,0.9993940474,3.504159021,1185,weka.Bagging_REPTree,0.552711,Supervised Classification
184,kropt,28056,7,18,game,0,0,0,0,7,0,100,16.22825777,0.09623609923,4553,27,,,,,,,0.9993940474,3.504159021,1185,weka.Bagging_REPTree,0.558328,Supervised Classification
184,kropt,28056,7,18,game,0,0,0,0,7,0,100,16.22825777,0.09623609923,4553,27,,,,,,,0.9993940474,3.504159021,1185,weka.Bagging_REPTree,0.562324,Supervised Classification
184,kropt,28056,7,18,game,0,0,0,0,7,0,100,16.22825777,0.09623609923,4553,27,,,,,,,0.9993940474,3.504159021,1191,weka.LogitBoost_DecisionStump,0.341218,Supervised Classification
184,kropt,28056,7,18,game,0,0,0,0,7,0,100,16.22825777,0.09623609923,4553,27,,,,,,,0.9993940474,3.504159021,1194,weka.RandomSubSpace_REPTree,0.381616,Supervised Classification
184,kropt,28056,7,18,game,0,0,0,0,7,0,100,16.22825777,0.09623609923,4553,27,,,,,,,0.9993940474,3.504159021,1197,weka.FURIA,0.418665,Supervised Classification
184,kropt,28056,7,18,game,0,0,0,0,7,0,100,16.22825777,0.09623609923,4553,27,,,,,,,0.9993940474,3.504159021,1200,weka.LADTree,0.313891,Supervised Classification
184,kropt,28056,7,18,game,0,0,0,0,7,0,100,16.22825777,0.09623609923,4553,27,,,,,,,0.9993940474,3.504159021,1096,weka.DecisionTable_BestFirst,0.44178,Supervised Classification
184,kropt,28056,7,18,game,0,0,0,0,7,0,100,16.22825777,0.09623609923,4553,27,,,,,,,0.9993940474,3.504159021,1098,weka.ConjunctiveRule,0.183301,Supervised Classification
184,kropt,28056,7,18,game,0,0,0,0,7,0,100,16.22825777,0.09623609923,4553,27,,,,,,,0.9993940474,3.504159021,1102,weka.OSDL,0.049255,Supervised Classification
184,kropt,28056,7,18,game,0,0,0,0,7,0,100,16.22825777,0.09623609923,4553,27,,,,,,,0.9993940474,3.504159021,1103,weka.VFI,0.184489,Supervised Classification
184,kropt,28056,7,18,game,0,0,0,0,7,0,100,16.22825777,0.09623609923,4553,27,,,,,,,0.9993940474,3.504159021,1114,weka.Logistic,0.405595,Supervised Classification
184,kropt,28056,7,18,game,0,0,0,0,7,0,100,16.22825777,0.09623609923,4553,27,,,,,,,0.9993940474,3.504159021,1117,weka.RBFClassifier,0.324692,Supervised Classification
184,kropt,28056,7,18,game,0,0,0,0,7,0,100,16.22825777,0.09623609923,4553,27,,,,,,,0.9993940474,3.504159021,1155,weka.FilteredClassifier_Standardize_NaiveBayes,0.362065,Supervised Classification
184,kropt,28056,7,18,game,0,0,0,0,7,0,100,16.22825777,0.09623609923,4553,27,,,,,,,0.9993940474,3.504159021,1244,weka.FilteredClassifier_Discretize_J48,0.515446,Supervised Classification
184,kropt,28056,7,18,game,0,0,0,0,7,0,100,16.22825777,0.09623609923,4553,27,,,,,,,0.9993940474,3.504159021,1163,weka.FilteredClassifier_PrincipalComponents_J48,0.461007,Supervised Classification
184,kropt,28056,7,18,game,0,0,0,0,7,0,100,16.22825777,0.09623609923,4553,27,,,,,,,0.9993940474,3.504159021,1172,weka.LibSVM,0.437892,Supervised Classification
184,kropt,28056,7,18,game,0,0,0,0,7,0,100,16.22825777,0.09623609923,4553,27,,,,,,,0.9993940474,3.504159021,1185,weka.Bagging_REPTree,0.554763,Supervised Classification
184,kropt,28056,7,18,game,0,0,0,0,7,0,100,16.22825777,0.09623609923,4553,27,,,,,,,0.9993940474,3.504159021,1191,weka.LogitBoost_DecisionStump,0.402031,Supervised Classification
184,kropt,28056,7,18,game,0,0,0,0,7,0,100,16.22825777,0.09623609923,4553,27,,,,,,,0.9993940474,3.504159021,1194,weka.RandomSubSpace_REPTree,0.442536,Supervised Classification
184,kropt,28056,7,18,game,0,0,0,0,7,0,100,16.22825777,0.09623609923,4553,27,,,,,,,0.9993940474,3.504159021,1088,weka.FT,0.526032,Supervised Classification
184,kropt,28056,7,18,game,0,0,0,0,7,0,100,16.22825777,0.09623609923,4553,27,,,,,,,0.9993940474,3.504159021,1099,weka.CHIRP,0.551307,Supervised Classification
184,kropt,28056,7,18,game,0,0,0,0,7,0,100,16.22825777,0.09623609923,4553,27,,,,,,,0.9993940474,3.504159021,1101,weka.InputMappedClassifier_ZeroR,0.167207,Supervised Classification
184,kropt,28056,7,18,game,0,0,0,0,7,0,100,16.22825777,0.09623609923,4553,27,,,,,,,0.9993940474,3.504159021,1107,weka.LBR,0.643011,Supervised Classification
184,kropt,28056,7,18,game,0,0,0,0,7,0,100,16.22825777,0.09623609923,4553,27,,,,,,,0.9993940474,3.504159021,1084,weka.J48graft,0.51631,Supervised Classification
184,kropt,28056,7,18,game,0,0,0,0,7,0,100,16.22825777,0.09623609923,4553,27,,,,,,,0.9993940474,3.504159021,1185,weka.Bagging_REPTree,0.540722,Supervised Classification
184,kropt,28056,7,18,game,0,0,0,0,7,0,100,16.22825777,0.09623609923,4553,27,,,,,,,0.9993940474,3.504159021,1191,weka.LogitBoost_DecisionStump,0.392309,Supervised Classification
184,kropt,28056,7,18,game,0,0,0,0,7,0,100,16.22825777,0.09623609923,4553,27,,,,,,,0.9993940474,3.504159021,1194,weka.RandomSubSpace_REPTree,0.449125,Supervised Classification
184,kropt,28056,7,18,game,0,0,0,0,7,0,100,16.22825777,0.09623609923,4553,27,,,,,,,0.9993940474,3.504159021,1194,weka.RandomSubSpace_REPTree,0.457658,Supervised Classification
184,kropt,28056,7,18,game,0,0,0,0,7,0,100,16.22825777,0.09623609923,4553,27,,,,,,,0.9993940474,3.504159021,1168,weka.BayesNet_K2,0.363145,Supervised Classification
184,kropt,28056,7,18,game,0,0,0,0,7,0,100,16.22825777,0.09623609923,4553,27,,,,,,,0.9993940474,3.504159021,1106,weka.KStar,0.58598,Supervised Classification
184,kropt,28056,7,18,game,0,0,0,0,7,0,100,16.22825777,0.09623609923,4553,27,,,,,,,0.9993940474,3.504159021,1165,weka.A1DE,0.529812,Supervised Classification
184,kropt,28056,7,18,game,0,0,0,0,7,0,100,16.22825777,0.09623609923,4553,27,,,,,,,0.9993940474,3.504159021,1112,weka.LibLINEAR,0.360985,Supervised Classification
184,kropt,28056,7,18,game,0,0,0,0,7,0,100,16.22825777,0.09623609923,4553,27,,,,,,,0.9993940474,3.504159021,1108,weka.LWL_DecisionStump,0.268957,Supervised Classification
184,kropt,28056,7,18,game,0,0,0,0,7,0,100,16.22825777,0.09623609923,4553,27,,,,,,,0.9993940474,3.504159021,1186,weka.Dagging_DecisionStump,0.225643,Supervised Classification
184,kropt,28056,7,18,game,0,0,0,0,7,0,100,16.22825777,0.09623609923,4553,27,,,,,,,0.9993940474,3.504159021,1187,weka.Decorate,0.574854,Supervised Classification
184,kropt,28056,7,18,game,0,0,0,0,7,0,100,16.22825777,0.09623609923,4553,27,,,,,,,0.9993940474,3.504159021,1188,weka.END_ND_J48,0.603046,Supervised Classification
184,kropt,28056,7,18,game,0,0,0,0,7,0,100,16.22825777,0.09623609923,4553,27,,,,,,,0.9993940474,3.504159021,1190,weka.Grading_ZeroR,0.167207,Supervised Classification
184,kropt,28056,7,18,game,0,0,0,0,7,0,100,16.22825777,0.09623609923,4553,27,,,,,,,0.9993940474,3.504159021,1192,weka.MultiBoostAB_DecisionStump,0.183301,Supervised Classification
184,kropt,28056,7,18,game,0,0,0,0,7,0,100,16.22825777,0.09623609923,4553,27,,,,,,,0.9993940474,3.504159021,1193,weka.RacedIncrementalLogitBoost_DecisionStump,0.300173,Supervised Classification
184,kropt,28056,7,18,game,0,0,0,0,7,0,100,16.22825777,0.09623609923,4553,27,,,,,,,0.9993940474,3.504159021,1196,weka.RotationForest_PrincipalComponents_J48,0.814755,Supervised Classification
184,kropt,28056,7,18,game,0,0,0,0,7,0,100,16.22825777,0.09623609923,4553,27,,,,,,,0.9993940474,3.504159021,1196,weka.RotationForest_PrincipalComponents_J48,0.832901,Supervised Classification
184,kropt,28056,7,18,game,0,0,0,0,7,0,100,16.22825777,0.09623609923,4553,27,,,,,,,0.9993940474,3.504159021,1196,weka.RotationForest_PrincipalComponents_J48,0.846187,Supervised Classification
184,kropt,28056,7,18,game,0,0,0,0,7,0,100,16.22825777,0.09623609923,4553,27,,,,,,,0.9993940474,3.504159021,1196,weka.RotationForest_PrincipalComponents_J48,0.847267,Supervised Classification
184,kropt,28056,7,18,game,0,0,0,0,7,0,100,16.22825777,0.09623609923,4553,27,,,,,,,0.9993940474,3.504159021,1196,weka.RotationForest_PrincipalComponents_J48,0.845107,Supervised Classification
26,nursery,12960,9,5,class,0,0,0,0,9,0,100,33.33333333,0.01543209877,4320,2,,,,,,,0.2393703218,1.7164959,1068,weka.J48,0.961646,Supervised Classification
26,nursery,12960,9,5,class,0,0,0,0,9,0,100,33.33333333,0.01543209877,4320,2,,,,,,,0.2393703218,1.7164959,1069,weka.ZeroR,0.328344,Supervised Classification
26,nursery,12960,9,5,class,0,0,0,0,9,0,100,33.33333333,0.01543209877,4320,2,,,,,,,0.2393703218,1.7164959,1070,weka.Ridor,0.943873,Supervised Classification
26,nursery,12960,9,5,class,0,0,0,0,9,0,100,33.33333333,0.01543209877,4320,2,,,,,,,0.2393703218,1.7164959,1071,weka.OneR,0.701824,Supervised Classification
26,nursery,12960,9,5,class,0,0,0,0,9,0,100,33.33333333,0.01543209877,4320,2,,,,,,,0.2393703218,1.7164959,1072,weka.Prism,0.96913,Supervised Classification
26,nursery,12960,9,5,class,0,0,0,0,9,0,100,33.33333333,0.01543209877,4320,2,,,,,,,0.2393703218,1.7164959,1073,weka.PART,0.985267,Supervised Classification
26,nursery,12960,9,5,class,0,0,0,0,9,0,100,33.33333333,0.01543209877,4320,2,,,,,,,0.2393703218,1.7164959,1074,weka.OLM,0.371843,Supervised Classification
26,nursery,12960,9,5,class,0,0,0,0,9,0,100,33.33333333,0.01543209877,4320,2,,,,,,,0.2393703218,1.7164959,1165,weka.A1DE,0.918382,Supervised Classification
26,nursery,12960,9,5,class,0,0,0,0,9,0,100,33.33333333,0.01543209877,4320,2,,,,,,,0.2393703218,1.7164959,365,weka.J48,0.961646,Supervised Classification
26,nursery,12960,9,5,class,0,0,0,0,9,0,100,33.33333333,0.01543209877,4320,2,,,,,,,0.2393703218,1.7164959,523,weka.Bagging_J48,0.967961,Supervised Classification
26,nursery,12960,9,5,class,0,0,0,0,9,0,100,33.33333333,0.01543209877,4320,2,,,,,,,0.2393703218,1.7164959,523,weka.Bagging_J48,0.971001,Supervised Classification
26,nursery,12960,9,5,class,0,0,0,0,9,0,100,33.33333333,0.01543209877,4320,2,,,,,,,0.2393703218,1.7164959,524,weka.Bagging_JRip,0.975678,Supervised Classification
26,nursery,12960,9,5,class,0,0,0,0,9,0,100,33.33333333,0.01543209877,4320,2,,,,,,,0.2393703218,1.7164959,524,weka.Bagging_JRip,0.974509,Supervised Classification
26,nursery,12960,9,5,class,0,0,0,0,9,0,100,33.33333333,0.01543209877,4320,2,,,,,,,0.2393703218,1.7164959,527,weka.Bagging_LMT,0.981291,Supervised Classification
26,nursery,12960,9,5,class,0,0,0,0,9,0,100,33.33333333,0.01543209877,4320,2,,,,,,,0.2393703218,1.7164959,527,weka.Bagging_LMT,0.981993,Supervised Classification
26,nursery,12960,9,5,class,0,0,0,0,9,0,100,33.33333333,0.01543209877,4320,2,,,,,,,0.2393703218,1.7164959,527,weka.Bagging_LMT,0.980355,Supervised Classification
26,nursery,12960,9,5,class,0,0,0,0,9,0,100,33.33333333,0.01543209877,4320,2,,,,,,,0.2393703218,1.7164959,1075,weka.NNge,0.953461,Supervised Classification
26,nursery,12960,9,5,class,0,0,0,0,9,0,100,33.33333333,0.01543209877,4320,2,,,,,,,0.2393703218,1.7164959,1076,weka.SimpleCart,0.991581,Supervised Classification
26,nursery,12960,9,5,class,0,0,0,0,9,0,100,33.33333333,0.01543209877,4320,2,,,,,,,0.2393703218,1.7164959,1077,weka.REPTree,0.946679,Supervised Classification
26,nursery,12960,9,5,class,0,0,0,0,9,0,100,33.33333333,0.01543209877,4320,2,,,,,,,0.2393703218,1.7164959,1078,weka.RandomTree,0.934051,Supervised Classification
26,nursery,12960,9,5,class,0,0,0,0,9,0,100,33.33333333,0.01543209877,4320,2,,,,,,,0.2393703218,1.7164959,1079,weka.RandomForest,0.980122,Supervised Classification
26,nursery,12960,9,5,class,0,0,0,0,9,0,100,33.33333333,0.01543209877,4320,2,,,,,,,0.2393703218,1.7164959,1080,weka.NBTree,0.964687,Supervised Classification
26,nursery,12960,9,5,class,0,0,0,0,9,0,100,33.33333333,0.01543209877,4320,2,,,,,,,0.2393703218,1.7164959,1112,weka.LibLINEAR,0.912535,Supervised Classification
26,nursery,12960,9,5,class,0,0,0,0,9,0,100,33.33333333,0.01543209877,4320,2,,,,,,,0.2393703218,1.7164959,1177,weka.SimpleLogistic,0.921188,Supervised Classification
26,nursery,12960,9,5,class,0,0,0,0,9,0,100,33.33333333,0.01543209877,4320,2,,,,,,,0.2393703218,1.7164959,1178,weka.SMO_PolyKernel,0.926567,Supervised Classification
26,nursery,12960,9,5,class,0,0,0,0,9,0,100,33.33333333,0.01543209877,4320,2,,,,,,,0.2393703218,1.7164959,1179,weka.SMO_RBFKernel,0.918616,Supervised Classification
26,nursery,12960,9,5,class,0,0,0,0,9,0,100,33.33333333,0.01543209877,4320,2,,,,,,,0.2393703218,1.7164959,1105,weka.IBk,0.97334,Supervised Classification
26,nursery,12960,9,5,class,0,0,0,0,9,0,100,33.33333333,0.01543209877,4320,2,,,,,,,0.2393703218,1.7164959,1182,weka.AdaBoostM1_DecisionStump,0.67072,Supervised Classification
26,nursery,12960,9,5,class,0,0,0,0,9,0,100,33.33333333,0.01543209877,4320,2,,,,,,,0.2393703218,1.7164959,1183,weka.AttributeSelectedClassifier_CfsSubsetEval_BestFirst_J48,0.961646,Supervised Classification
26,nursery,12960,9,5,class,0,0,0,0,9,0,100,33.33333333,0.01543209877,4320,2,,,,,,,0.2393703218,1.7164959,1185,weka.Bagging_REPTree,0.965856,Supervised Classification
26,nursery,12960,9,5,class,0,0,0,0,9,0,100,33.33333333,0.01543209877,4320,2,,,,,,,0.2393703218,1.7164959,1185,weka.Bagging_REPTree,0.966791,Supervised Classification
26,nursery,12960,9,5,class,0,0,0,0,9,0,100,33.33333333,0.01543209877,4320,2,,,,,,,0.2393703218,1.7164959,1191,weka.LogitBoost_DecisionStump,0.920253,Supervised Classification
26,nursery,12960,9,5,class,0,0,0,0,9,0,100,33.33333333,0.01543209877,4320,2,,,,,,,0.2393703218,1.7164959,1194,weka.RandomSubSpace_REPTree,0.883302,Supervised Classification
26,nursery,12960,9,5,class,0,0,0,0,9,0,100,33.33333333,0.01543209877,4320,2,,,,,,,0.2393703218,1.7164959,1194,weka.RandomSubSpace_REPTree,0.922357,Supervised Classification
26,nursery,12960,9,5,class,0,0,0,0,9,0,100,33.33333333,0.01543209877,4320,2,,,,,,,0.2393703218,1.7164959,1082,weka.LMT,0.981057,Supervised Classification
26,nursery,12960,9,5,class,0,0,0,0,9,0,100,33.33333333,0.01543209877,4320,2,,,,,,,0.2393703218,1.7164959,1086,weka.Id3,0.967727,Supervised Classification
26,nursery,12960,9,5,class,0,0,0,0,9,0,100,33.33333333,0.01543209877,4320,2,,,,,,,0.2393703218,1.7164959,1090,weka.DecisionStump,0.67072,Supervised Classification
26,nursery,12960,9,5,class,0,0,0,0,9,0,100,33.33333333,0.01543209877,4320,2,,,,,,,0.2393703218,1.7164959,1103,weka.VFI,0.734799,Supervised Classification
26,nursery,12960,9,5,class,0,0,0,0,9,0,100,33.33333333,0.01543209877,4320,2,,,,,,,0.2393703218,1.7164959,1168,weka.BayesNet_K2,0.898971,Supervised Classification
26,nursery,12960,9,5,class,0,0,0,0,9,0,100,33.33333333,0.01543209877,4320,2,,,,,,,0.2393703218,1.7164959,1185,weka.Bagging_REPTree,0.967493,Supervised Classification
26,nursery,12960,9,5,class,0,0,0,0,9,0,100,33.33333333,0.01543209877,4320,2,,,,,,,0.2393703218,1.7164959,1191,weka.LogitBoost_DecisionStump,0.905285,Supervised Classification
26,nursery,12960,9,5,class,0,0,0,0,9,0,100,33.33333333,0.01543209877,4320,2,,,,,,,0.2393703218,1.7164959,1191,weka.LogitBoost_DecisionStump,0.911366,Supervised Classification
26,nursery,12960,9,5,class,0,0,0,0,9,0,100,33.33333333,0.01543209877,4320,2,,,,,,,0.2393703218,1.7164959,1197,weka.FURIA,0.959074,Supervised Classification
26,nursery,12960,9,5,class,0,0,0,0,9,0,100,33.33333333,0.01543209877,4320,2,,,,,,,0.2393703218,1.7164959,1200,weka.LADTree,0.915809,Supervised Classification
26,nursery,12960,9,5,class,0,0,0,0,9,0,100,33.33333333,0.01543209877,4320,2,,,,,,,0.2393703218,1.7164959,1087,weka.HoeffdingTree,0.936389,Supervised Classification
26,nursery,12960,9,5,class,0,0,0,0,9,0,100,33.33333333,0.01543209877,4320,2,,,,,,,0.2393703218,1.7164959,1096,weka.DecisionTable_BestFirst,0.940131,Supervised Classification
26,nursery,12960,9,5,class,0,0,0,0,9,0,100,33.33333333,0.01543209877,4320,2,,,,,,,0.2393703218,1.7164959,1101,weka.InputMappedClassifier_ZeroR,0.328344,Supervised Classification
26,nursery,12960,9,5,class,0,0,0,0,9,0,100,33.33333333,0.01543209877,4320,2,,,,,,,0.2393703218,1.7164959,1114,weka.Logistic,0.919317,Supervised Classification
26,nursery,12960,9,5,class,0,0,0,0,9,0,100,33.33333333,0.01543209877,4320,2,,,,,,,0.2393703218,1.7164959,1117,weka.RBFClassifier,0.914406,Supervised Classification
26,nursery,12960,9,5,class,0,0,0,0,9,0,100,33.33333333,0.01543209877,4320,2,,,,,,,0.2393703218,1.7164959,1154,weka.NaiveBayes,0.898971,Supervised Classification
26,nursery,12960,9,5,class,0,0,0,0,9,0,100,33.33333333,0.01543209877,4320,2,,,,,,,0.2393703218,1.7164959,1155,weka.FilteredClassifier_Standardize_NaiveBayes,0.898971,Supervised Classification
26,nursery,12960,9,5,class,0,0,0,0,9,0,100,33.33333333,0.01543209877,4320,2,,,,,,,0.2393703218,1.7164959,1244,weka.FilteredClassifier_Discretize_J48,0.961646,Supervised Classification
26,nursery,12960,9,5,class,0,0,0,0,9,0,100,33.33333333,0.01543209877,4320,2,,,,,,,0.2393703218,1.7164959,1163,weka.FilteredClassifier_PrincipalComponents_J48,0.932881,Supervised Classification
26,nursery,12960,9,5,class,0,0,0,0,9,0,100,33.33333333,0.01543209877,4320,2,,,,,,,0.2393703218,1.7164959,1173,weka.HNB,0.933817,Supervised Classification
26,nursery,12960,9,5,class,0,0,0,0,9,0,100,33.33333333,0.01543209877,4320,2,,,,,,,0.2393703218,1.7164959,1185,weka.Bagging_REPTree,0.964453,Supervised Classification
26,nursery,12960,9,5,class,0,0,0,0,9,0,100,33.33333333,0.01543209877,4320,2,,,,,,,0.2393703218,1.7164959,1185,weka.Bagging_REPTree,0.966324,Supervised Classification
26,nursery,12960,9,5,class,0,0,0,0,9,0,100,33.33333333,0.01543209877,4320,2,,,,,,,0.2393703218,1.7164959,1191,weka.LogitBoost_DecisionStump,0.918148,Supervised Classification
26,nursery,12960,9,5,class,0,0,0,0,9,0,100,33.33333333,0.01543209877,4320,2,,,,,,,0.2393703218,1.7164959,1191,weka.LogitBoost_DecisionStump,0.921188,Supervised Classification
26,nursery,12960,9,5,class,0,0,0,0,9,0,100,33.33333333,0.01543209877,4320,2,,,,,,,0.2393703218,1.7164959,1194,weka.RandomSubSpace_REPTree,0.905519,Supervised Classification
26,nursery,12960,9,5,class,0,0,0,0,9,0,100,33.33333333,0.01543209877,4320,2,,,,,,,0.2393703218,1.7164959,1094,weka.JRip,0.958138,Supervised Classification
26,nursery,12960,9,5,class,0,0,0,0,9,0,100,33.33333333,0.01543209877,4320,2,,,,,,,0.2393703218,1.7164959,1098,weka.ConjunctiveRule,0.67072,Supervised Classification
26,nursery,12960,9,5,class,0,0,0,0,9,0,100,33.33333333,0.01543209877,4320,2,,,,,,,0.2393703218,1.7164959,1099,weka.CHIRP,0.986904,Supervised Classification
26,nursery,12960,9,5,class,0,0,0,0,9,0,100,33.33333333,0.01543209877,4320,2,,,,,,,0.2393703218,1.7164959,1100,weka.HyperPipes,0.635875,Supervised Classification
26,nursery,12960,9,5,class,0,0,0,0,9,0,100,33.33333333,0.01543209877,4320,2,,,,,,,0.2393703218,1.7164959,1102,weka.OSDL,0,Supervised Classification
26,nursery,12960,9,5,class,0,0,0,0,9,0,100,33.33333333,0.01543209877,4320,2,,,,,,,0.2393703218,1.7164959,1104,weka.IB1,0.787886,Supervised Classification
26,nursery,12960,9,5,class,0,0,0,0,9,0,100,33.33333333,0.01543209877,4320,2,,,,,,,0.2393703218,1.7164959,1106,weka.KStar,0.960711,Supervised Classification
26,nursery,12960,9,5,class,0,0,0,0,9,0,100,33.33333333,0.01543209877,4320,2,,,,,,,0.2393703218,1.7164959,1107,weka.LBR,0.967493,Supervised Classification
26,nursery,12960,9,5,class,0,0,0,0,9,0,100,33.33333333,0.01543209877,4320,2,,,,,,,0.2393703218,1.7164959,1172,weka.LibSVM,0.962816,Supervised Classification
26,nursery,12960,9,5,class,0,0,0,0,9,0,100,33.33333333,0.01543209877,4320,2,,,,,,,0.2393703218,1.7164959,1160,weka.AttributeSelectedClassifier_PrincipalComponents_Ranker_J48,0.932881,Supervised Classification
26,nursery,12960,9,5,class,0,0,0,0,9,0,100,33.33333333,0.01543209877,4320,2,,,,,,,0.2393703218,1.7164959,1091,weka.BFTree,0.991815,Supervised Classification
26,nursery,12960,9,5,class,0,0,0,0,9,0,100,33.33333333,0.01543209877,4320,2,,,,,,,0.2393703218,1.7164959,1088,weka.FT,0.955098,Supervised Classification
26,nursery,12960,9,5,class,0,0,0,0,9,0,100,33.33333333,0.01543209877,4320,2,,,,,,,0.2393703218,1.7164959,1194,weka.RandomSubSpace_REPTree,0.91043,Supervised Classification
26,nursery,12960,9,5,class,0,0,0,0,9,0,100,33.33333333,0.01543209877,4320,2,,,,,,,0.2393703218,1.7164959,1166,weka.A2DE,0.939429,Supervised Classification
26,nursery,12960,9,5,class,0,0,0,0,9,0,100,33.33333333,0.01543209877,4320,2,,,,,,,0.2393703218,1.7164959,1084,weka.J48graft,0.961646,Supervised Classification
26,nursery,12960,9,5,class,0,0,0,0,9,0,100,33.33333333,0.01543209877,4320,2,,,,,,,0.2393703218,1.7164959,1108,weka.LWL_DecisionStump,0.877923,Supervised Classification
26,nursery,12960,9,5,class,0,0,0,0,9,0,100,33.33333333,0.01543209877,4320,2,,,,,,,0.2393703218,1.7164959,1186,weka.Dagging_DecisionStump,0.67072,Supervised Classification
26,nursery,12960,9,5,class,0,0,0,0,9,0,100,33.33333333,0.01543209877,4320,2,,,,,,,0.2393703218,1.7164959,1187,weka.Decorate,0.972404,Supervised Classification
26,nursery,12960,9,5,class,0,0,0,0,9,0,100,33.33333333,0.01543209877,4320,2,,,,,,,0.2393703218,1.7164959,1188,weka.END_ND_J48,0.961646,Supervised Classification
26,nursery,12960,9,5,class,0,0,0,0,9,0,100,33.33333333,0.01543209877,4320,2,,,,,,,0.2393703218,1.7164959,1190,weka.Grading_ZeroR,0.328344,Supervised Classification
26,nursery,12960,9,5,class,0,0,0,0,9,0,100,33.33333333,0.01543209877,4320,2,,,,,,,0.2393703218,1.7164959,1192,weka.MultiBoostAB_DecisionStump,0.67072,Supervised Classification
26,nursery,12960,9,5,class,0,0,0,0,9,0,100,33.33333333,0.01543209877,4320,2,,,,,,,0.2393703218,1.7164959,1192,weka.MultiBoostAB_DecisionStump,0.645697,Supervised Classification
26,nursery,12960,9,5,class,0,0,0,0,9,0,100,33.33333333,0.01543209877,4320,2,,,,,,,0.2393703218,1.7164959,1193,weka.RacedIncrementalLogitBoost_DecisionStump,0.871843,Supervised Classification
26,nursery,12960,9,5,class,0,0,0,0,9,0,100,33.33333333,0.01543209877,4320,2,,,,,,,0.2393703218,1.7164959,1196,weka.RotationForest_PrincipalComponents_J48,0.997428,Supervised Classification
26,nursery,12960,9,5,class,0,0,0,0,9,0,100,33.33333333,0.01543209877,4320,2,,,,,,,0.2393703218,1.7164959,1196,weka.RotationForest_PrincipalComponents_J48,0.997895,Supervised Classification
26,nursery,12960,9,5,class,0,0,0,0,9,0,100,33.33333333,0.01543209877,4320,2,,,,,,,0.2393703218,1.7164959,1196,weka.RotationForest_PrincipalComponents_J48,0.998597,Supervised Classification
26,nursery,12960,9,5,class,0,0,0,0,9,0,100,33.33333333,0.01543209877,4320,2,,,,,,,0.2393703218,1.7164959,5804,"sklearn.pipeline.Pipeline(pca=sklearn.decomposition.pca.PCA,randomforestclassifier=sklearn.ensemble.forest.RandomForestClassifier)",0.990645,Supervised Classification
32,pendigits,10992,17,10,class,0,0,0,16,1,94.11764706,5.882352941,10.40756914,9.597889374,1144,1055,50.71104553,29.77423824,28.84534207,85.12026929,-0.5010429355,-0.03919608212,0.1029023747,3.320771739,1068,weka.J48,0.955886,Supervised Classification
32,pendigits,10992,17,10,class,0,0,0,16,1,94.11764706,5.882352941,10.40756914,9.597889374,1144,1055,50.71104553,29.77423824,28.84534207,85.12026929,-0.5010429355,-0.03919608212,0.1029023747,3.320771739,1069,weka.ZeroR,0.100358,Supervised Classification
32,pendigits,10992,17,10,class,0,0,0,16,1,94.11764706,5.882352941,10.40756914,9.597889374,1144,1055,50.71104553,29.77423824,28.84534207,85.12026929,-0.5010429355,-0.03919608212,0.1029023747,3.320771739,1070,weka.Ridor,0.955611,Supervised Classification
32,pendigits,10992,17,10,class,0,0,0,16,1,94.11764706,5.882352941,10.40756914,9.597889374,1144,1055,50.71104553,29.77423824,28.84534207,85.12026929,-0.5010429355,-0.03919608212,0.1029023747,3.320771739,1071,weka.OneR,0.375241,Supervised Classification
32,pendigits,10992,17,10,class,0,0,0,16,1,94.11764706,5.882352941,10.40756914,9.597889374,1144,1055,50.71104553,29.77423824,28.84534207,85.12026929,-0.5010429355,-0.03919608212,0.1029023747,3.320771739,1073,weka.PART,0.961401,Supervised Classification
32,pendigits,10992,17,10,class,0,0,0,16,1,94.11764706,5.882352941,10.40756914,9.597889374,1144,1055,50.71104553,29.77423824,28.84534207,85.12026929,-0.5010429355,-0.03919608212,0.1029023747,3.320771739,1074,weka.OLM,0.219465,Supervised Classification
32,pendigits,10992,17,10,class,0,0,0,16,1,94.11764706,5.882352941,10.40756914,9.597889374,1144,1055,50.71104553,29.77423824,28.84534207,85.12026929,-0.5010429355,-0.03919608212,0.1029023747,3.320771739,1168,weka.BayesNet_K2,0.873725,Supervised Classification
32,pendigits,10992,17,10,class,0,0,0,16,1,94.11764706,5.882352941,10.40756914,9.597889374,1144,1055,50.71104553,29.77423824,28.84534207,85.12026929,-0.5010429355,-0.03919608212,0.1029023747,3.320771739,1114,weka.Logistic,0.948718,Supervised Classification
32,pendigits,10992,17,10,class,0,0,0,16,1,94.11764706,5.882352941,10.40756914,9.597889374,1144,1055,50.71104553,29.77423824,28.84534207,85.12026929,-0.5010429355,-0.03919608212,0.1029023747,3.320771739,1082,weka.LMT,0.981803,Supervised Classification
32,pendigits,10992,17,10,class,0,0,0,16,1,94.11764706,5.882352941,10.40756914,9.597889374,1144,1055,50.71104553,29.77423824,28.84534207,85.12026929,-0.5010429355,-0.03919608212,0.1029023747,3.320771739,365,weka.J48,0.955886,Supervised Classification
32,pendigits,10992,17,10,class,0,0,0,16,1,94.11764706,5.882352941,10.40756914,9.597889374,1144,1055,50.71104553,29.77423824,28.84534207,85.12026929,-0.5010429355,-0.03919608212,0.1029023747,3.320771739,523,weka.Bagging_J48,0.977943,Supervised Classification
32,pendigits,10992,17,10,class,0,0,0,16,1,94.11764706,5.882352941,10.40756914,9.597889374,1144,1055,50.71104553,29.77423824,28.84534207,85.12026929,-0.5010429355,-0.03919608212,0.1029023747,3.320771739,523,weka.Bagging_J48,0.97877,Supervised Classification
32,pendigits,10992,17,10,class,0,0,0,16,1,94.11764706,5.882352941,10.40756914,9.597889374,1144,1055,50.71104553,29.77423824,28.84534207,85.12026929,-0.5010429355,-0.03919608212,0.1029023747,3.320771739,523,weka.Bagging_J48,0.978495,Supervised Classification
32,pendigits,10992,17,10,class,0,0,0,16,1,94.11764706,5.882352941,10.40756914,9.597889374,1144,1055,50.71104553,29.77423824,28.84534207,85.12026929,-0.5010429355,-0.03919608212,0.1029023747,3.320771739,524,weka.Bagging_JRip,0.985939,Supervised Classification
32,pendigits,10992,17,10,class,0,0,0,16,1,94.11764706,5.882352941,10.40756914,9.597889374,1144,1055,50.71104553,29.77423824,28.84534207,85.12026929,-0.5010429355,-0.03919608212,0.1029023747,3.320771739,524,weka.Bagging_JRip,0.98649,Supervised Classification
32,pendigits,10992,17,10,class,0,0,0,16,1,94.11764706,5.882352941,10.40756914,9.597889374,1144,1055,50.71104553,29.77423824,28.84534207,85.12026929,-0.5010429355,-0.03919608212,0.1029023747,3.320771739,527,weka.Bagging_LMT,0.988144,Supervised Classification
32,pendigits,10992,17,10,class,0,0,0,16,1,94.11764706,5.882352941,10.40756914,9.597889374,1144,1055,50.71104553,29.77423824,28.84534207,85.12026929,-0.5010429355,-0.03919608212,0.1029023747,3.320771739,527,weka.Bagging_LMT,0.987869,Supervised Classification
32,pendigits,10992,17,10,class,0,0,0,16,1,94.11764706,5.882352941,10.40756914,9.597889374,1144,1055,50.71104553,29.77423824,28.84534207,85.12026929,-0.5010429355,-0.03919608212,0.1029023747,3.320771739,527,weka.Bagging_LMT,0.988696,Supervised Classification
32,pendigits,10992,17,10,class,0,0,0,16,1,94.11764706,5.882352941,10.40756914,9.597889374,1144,1055,50.71104553,29.77423824,28.84534207,85.12026929,-0.5010429355,-0.03919608212,0.1029023747,3.320771739,1075,weka.NNge,0.970775,Supervised Classification
32,pendigits,10992,17,10,class,0,0,0,16,1,94.11764706,5.882352941,10.40756914,9.597889374,1144,1055,50.71104553,29.77423824,28.84534207,85.12026929,-0.5010429355,-0.03919608212,0.1029023747,3.320771739,1076,weka.SimpleCart,0.958919,Supervised Classification
32,pendigits,10992,17,10,class,0,0,0,16,1,94.11764706,5.882352941,10.40756914,9.597889374,1144,1055,50.71104553,29.77423824,28.84534207,85.12026929,-0.5010429355,-0.03919608212,0.1029023747,3.320771739,1077,weka.REPTree,0.944307,Supervised Classification
32,pendigits,10992,17,10,class,0,0,0,16,1,94.11764706,5.882352941,10.40756914,9.597889374,1144,1055,50.71104553,29.77423824,28.84534207,85.12026929,-0.5010429355,-0.03919608212,0.1029023747,3.320771739,1078,weka.RandomTree,0.941274,Supervised Classification
32,pendigits,10992,17,10,class,0,0,0,16,1,94.11764706,5.882352941,10.40756914,9.597889374,1144,1055,50.71104553,29.77423824,28.84534207,85.12026929,-0.5010429355,-0.03919608212,0.1029023747,3.320771739,1080,weka.NBTree,0.947064,Supervised Classification
32,pendigits,10992,17,10,class,0,0,0,16,1,94.11764706,5.882352941,10.40756914,9.597889374,1144,1055,50.71104553,29.77423824,28.84534207,85.12026929,-0.5010429355,-0.03919608212,0.1029023747,3.320771739,1112,weka.LibLINEAR,0.869313,Supervised Classification
32,pendigits,10992,17,10,class,0,0,0,16,1,94.11764706,5.882352941,10.40756914,9.597889374,1144,1055,50.71104553,29.77423824,28.84534207,85.12026929,-0.5010429355,-0.03919608212,0.1029023747,3.320771739,1177,weka.SimpleLogistic,0.947339,Supervised Classification
32,pendigits,10992,17,10,class,0,0,0,16,1,94.11764706,5.882352941,10.40756914,9.597889374,1144,1055,50.71104553,29.77423824,28.84534207,85.12026929,-0.5010429355,-0.03919608212,0.1029023747,3.320771739,1178,weka.SMO_PolyKernel,0.975462,Supervised Classification
32,pendigits,10992,17,10,class,0,0,0,16,1,94.11764706,5.882352941,10.40756914,9.597889374,1144,1055,50.71104553,29.77423824,28.84534207,85.12026929,-0.5010429355,-0.03919608212,0.1029023747,3.320771739,1179,weka.SMO_RBFKernel,0.894127,Supervised Classification
32,pendigits,10992,17,10,class,0,0,0,16,1,94.11764706,5.882352941,10.40756914,9.597889374,1144,1055,50.71104553,29.77423824,28.84534207,85.12026929,-0.5010429355,-0.03919608212,0.1029023747,3.320771739,1105,weka.IBk,0.993659,Supervised Classification
32,pendigits,10992,17,10,class,0,0,0,16,1,94.11764706,5.882352941,10.40756914,9.597889374,1144,1055,50.71104553,29.77423824,28.84534207,85.12026929,-0.5010429355,-0.03919608212,0.1029023747,3.320771739,1105,weka.IBk,0.992832,Supervised Classification
32,pendigits,10992,17,10,class,0,0,0,16,1,94.11764706,5.882352941,10.40756914,9.597889374,1144,1055,50.71104553,29.77423824,28.84534207,85.12026929,-0.5010429355,-0.03919608212,0.1029023747,3.320771739,1182,weka.AdaBoostM1_DecisionStump,0.204852,Supervised Classification
32,pendigits,10992,17,10,class,0,0,0,16,1,94.11764706,5.882352941,10.40756914,9.597889374,1144,1055,50.71104553,29.77423824,28.84534207,85.12026929,-0.5010429355,-0.03919608212,0.1029023747,3.320771739,1183,weka.AttributeSelectedClassifier_CfsSubsetEval_BestFirst_J48,0.952026,Supervised Classification
32,pendigits,10992,17,10,class,0,0,0,16,1,94.11764706,5.882352941,10.40756914,9.597889374,1144,1055,50.71104553,29.77423824,28.84534207,85.12026929,-0.5010429355,-0.03919608212,0.1029023747,3.320771739,1191,weka.LogitBoost_DecisionStump,0.969396,Supervised Classification
32,pendigits,10992,17,10,class,0,0,0,16,1,94.11764706,5.882352941,10.40756914,9.597889374,1144,1055,50.71104553,29.77423824,28.84534207,85.12026929,-0.5010429355,-0.03919608212,0.1029023747,3.320771739,1194,weka.RandomSubSpace_REPTree,0.980976,Supervised Classification
32,pendigits,10992,17,10,class,0,0,0,16,1,94.11764706,5.882352941,10.40756914,9.597889374,1144,1055,50.71104553,29.77423824,28.84534207,85.12026929,-0.5010429355,-0.03919608212,0.1029023747,3.320771739,1194,weka.RandomSubSpace_REPTree,0.984009,Supervised Classification
32,pendigits,10992,17,10,class,0,0,0,16,1,94.11764706,5.882352941,10.40756914,9.597889374,1144,1055,50.71104553,29.77423824,28.84534207,85.12026929,-0.5010429355,-0.03919608212,0.1029023747,3.320771739,1090,weka.DecisionStump,0.204852,Supervised Classification
32,pendigits,10992,17,10,class,0,0,0,16,1,94.11764706,5.882352941,10.40756914,9.597889374,1144,1055,50.71104553,29.77423824,28.84534207,85.12026929,-0.5010429355,-0.03919608212,0.1029023747,3.320771739,1100,weka.HyperPipes,0.135925,Supervised Classification
32,pendigits,10992,17,10,class,0,0,0,16,1,94.11764706,5.882352941,10.40756914,9.597889374,1144,1055,50.71104553,29.77423824,28.84534207,85.12026929,-0.5010429355,-0.03919608212,0.1029023747,3.320771739,1103,weka.VFI,0.760959,Supervised Classification
32,pendigits,10992,17,10,class,0,0,0,16,1,94.11764706,5.882352941,10.40756914,9.597889374,1144,1055,50.71104553,29.77423824,28.84534207,85.12026929,-0.5010429355,-0.03919608212,0.1029023747,3.320771739,1106,weka.KStar,0.991453,Supervised Classification
32,pendigits,10992,17,10,class,0,0,0,16,1,94.11764706,5.882352941,10.40756914,9.597889374,1144,1055,50.71104553,29.77423824,28.84534207,85.12026929,-0.5010429355,-0.03919608212,0.1029023747,3.320771739,1185,weka.Bagging_REPTree,0.97298,Supervised Classification
32,pendigits,10992,17,10,class,0,0,0,16,1,94.11764706,5.882352941,10.40756914,9.597889374,1144,1055,50.71104553,29.77423824,28.84534207,85.12026929,-0.5010429355,-0.03919608212,0.1029023747,3.320771739,1185,weka.Bagging_REPTree,0.97877,Supervised Classification
32,pendigits,10992,17,10,class,0,0,0,16,1,94.11764706,5.882352941,10.40756914,9.597889374,1144,1055,50.71104553,29.77423824,28.84534207,85.12026929,-0.5010429355,-0.03919608212,0.1029023747,3.320771739,1185,weka.Bagging_REPTree,0.979046,Supervised Classification
32,pendigits,10992,17,10,class,0,0,0,16,1,94.11764706,5.882352941,10.40756914,9.597889374,1144,1055,50.71104553,29.77423824,28.84534207,85.12026929,-0.5010429355,-0.03919608212,0.1029023747,3.320771739,1185,weka.Bagging_REPTree,0.980149,Supervised Classification
32,pendigits,10992,17,10,class,0,0,0,16,1,94.11764706,5.882352941,10.40756914,9.597889374,1144,1055,50.71104553,29.77423824,28.84534207,85.12026929,-0.5010429355,-0.03919608212,0.1029023747,3.320771739,1191,weka.LogitBoost_DecisionStump,0.91646,Supervised Classification
32,pendigits,10992,17,10,class,0,0,0,16,1,94.11764706,5.882352941,10.40756914,9.597889374,1144,1055,50.71104553,29.77423824,28.84534207,85.12026929,-0.5010429355,-0.03919608212,0.1029023747,3.320771739,1191,weka.LogitBoost_DecisionStump,0.950096,Supervised Classification
32,pendigits,10992,17,10,class,0,0,0,16,1,94.11764706,5.882352941,10.40756914,9.597889374,1144,1055,50.71104553,29.77423824,28.84534207,85.12026929,-0.5010429355,-0.03919608212,0.1029023747,3.320771739,1197,weka.FURIA,0.970775,Supervised Classification
32,pendigits,10992,17,10,class,0,0,0,16,1,94.11764706,5.882352941,10.40756914,9.597889374,1144,1055,50.71104553,29.77423824,28.84534207,85.12026929,-0.5010429355,-0.03919608212,0.1029023747,3.320771739,1079,weka.RandomForest,0.990902,Supervised Classification
32,pendigits,10992,17,10,class,0,0,0,16,1,94.11764706,5.882352941,10.40756914,9.597889374,1144,1055,50.71104553,29.77423824,28.84534207,85.12026929,-0.5010429355,-0.03919608212,0.1029023747,3.320771739,1200,weka.LADTree,0.806727,Supervised Classification
32,pendigits,10992,17,10,class,0,0,0,16,1,94.11764706,5.882352941,10.40756914,9.597889374,1144,1055,50.71104553,29.77423824,28.84534207,85.12026929,-0.5010429355,-0.03919608212,0.1029023747,3.320771739,1084,weka.J48graft,0.956162,Supervised Classification
32,pendigits,10992,17,10,class,0,0,0,16,1,94.11764706,5.882352941,10.40756914,9.597889374,1144,1055,50.71104553,29.77423824,28.84534207,85.12026929,-0.5010429355,-0.03919608212,0.1029023747,3.320771739,1088,weka.FT,0.970499,Supervised Classification
32,pendigits,10992,17,10,class,0,0,0,16,1,94.11764706,5.882352941,10.40756914,9.597889374,1144,1055,50.71104553,29.77423824,28.84534207,85.12026929,-0.5010429355,-0.03919608212,0.1029023747,3.320771739,1094,weka.JRip,0.947339,Supervised Classification
32,pendigits,10992,17,10,class,0,0,0,16,1,94.11764706,5.882352941,10.40756914,9.597889374,1144,1055,50.71104553,29.77423824,28.84534207,85.12026929,-0.5010429355,-0.03919608212,0.1029023747,3.320771739,1096,weka.DecisionTable_BestFirst,0.746347,Supervised Classification
32,pendigits,10992,17,10,class,0,0,0,16,1,94.11764706,5.882352941,10.40756914,9.597889374,1144,1055,50.71104553,29.77423824,28.84534207,85.12026929,-0.5010429355,-0.03919608212,0.1029023747,3.320771739,1101,weka.InputMappedClassifier_ZeroR,0.100358,Supervised Classification
32,pendigits,10992,17,10,class,0,0,0,16,1,94.11764706,5.882352941,10.40756914,9.597889374,1144,1055,50.71104553,29.77423824,28.84534207,85.12026929,-0.5010429355,-0.03919608212,0.1029023747,3.320771739,1117,weka.RBFClassifier,0.664737,Supervised Classification
32,pendigits,10992,17,10,class,0,0,0,16,1,94.11764706,5.882352941,10.40756914,9.597889374,1144,1055,50.71104553,29.77423824,28.84534207,85.12026929,-0.5010429355,-0.03919608212,0.1029023747,3.320771739,1154,weka.NaiveBayes,0.854149,Supervised Classification
32,pendigits,10992,17,10,class,0,0,0,16,1,94.11764706,5.882352941,10.40756914,9.597889374,1144,1055,50.71104553,29.77423824,28.84534207,85.12026929,-0.5010429355,-0.03919608212,0.1029023747,3.320771739,1155,weka.FilteredClassifier_Standardize_NaiveBayes,0.854977,Supervised Classification
32,pendigits,10992,17,10,class,0,0,0,16,1,94.11764706,5.882352941,10.40756914,9.597889374,1144,1055,50.71104553,29.77423824,28.84534207,85.12026929,-0.5010429355,-0.03919608212,0.1029023747,3.320771739,1244,weka.FilteredClassifier_Discretize_J48,0.869865,Supervised Classification
32,pendigits,10992,17,10,class,0,0,0,16,1,94.11764706,5.882352941,10.40756914,9.597889374,1144,1055,50.71104553,29.77423824,28.84534207,85.12026929,-0.5010429355,-0.03919608212,0.1029023747,3.320771739,1163,weka.FilteredClassifier_PrincipalComponents_J48,0.944582,Supervised Classification
32,pendigits,10992,17,10,class,0,0,0,16,1,94.11764706,5.882352941,10.40756914,9.597889374,1144,1055,50.71104553,29.77423824,28.84534207,85.12026929,-0.5010429355,-0.03919608212,0.1029023747,3.320771739,1165,weka.A1DE,0.981252,Supervised Classification
32,pendigits,10992,17,10,class,0,0,0,16,1,94.11764706,5.882352941,10.40756914,9.597889374,1144,1055,50.71104553,29.77423824,28.84534207,85.12026929,-0.5010429355,-0.03919608212,0.1029023747,3.320771739,1172,weka.LibSVM,0.106975,Supervised Classification
32,pendigits,10992,17,10,class,0,0,0,16,1,94.11764706,5.882352941,10.40756914,9.597889374,1144,1055,50.71104553,29.77423824,28.84534207,85.12026929,-0.5010429355,-0.03919608212,0.1029023747,3.320771739,1191,weka.LogitBoost_DecisionStump,0.974359,Supervised Classification
32,pendigits,10992,17,10,class,0,0,0,16,1,94.11764706,5.882352941,10.40756914,9.597889374,1144,1055,50.71104553,29.77423824,28.84534207,85.12026929,-0.5010429355,-0.03919608212,0.1029023747,3.320771739,1098,weka.ConjunctiveRule,0.204852,Supervised Classification
32,pendigits,10992,17,10,class,0,0,0,16,1,94.11764706,5.882352941,10.40756914,9.597889374,1144,1055,50.71104553,29.77423824,28.84534207,85.12026929,-0.5010429355,-0.03919608212,0.1029023747,3.320771739,1099,weka.CHIRP,0.974083,Supervised Classification
32,pendigits,10992,17,10,class,0,0,0,16,1,94.11764706,5.882352941,10.40756914,9.597889374,1144,1055,50.71104553,29.77423824,28.84534207,85.12026929,-0.5010429355,-0.03919608212,0.1029023747,3.320771739,1104,weka.IB1,0.995589,Supervised Classification
32,pendigits,10992,17,10,class,0,0,0,16,1,94.11764706,5.882352941,10.40756914,9.597889374,1144,1055,50.71104553,29.77423824,28.84534207,85.12026929,-0.5010429355,-0.03919608212,0.1029023747,3.320771739,1105,weka.IBk,0.995589,Supervised Classification
32,pendigits,10992,17,10,class,0,0,0,16,1,94.11764706,5.882352941,10.40756914,9.597889374,1144,1055,50.71104553,29.77423824,28.84534207,85.12026929,-0.5010429355,-0.03919608212,0.1029023747,3.320771739,1108,weka.LWL_DecisionStump,0.64847,Supervised Classification
32,pendigits,10992,17,10,class,0,0,0,16,1,94.11764706,5.882352941,10.40756914,9.597889374,1144,1055,50.71104553,29.77423824,28.84534207,85.12026929,-0.5010429355,-0.03919608212,0.1029023747,3.320771739,1160,weka.AttributeSelectedClassifier_PrincipalComponents_Ranker_J48,0.944582,Supervised Classification
32,pendigits,10992,17,10,class,0,0,0,16,1,94.11764706,5.882352941,10.40756914,9.597889374,1144,1055,50.71104553,29.77423824,28.84534207,85.12026929,-0.5010429355,-0.03919608212,0.1029023747,3.320771739,1194,weka.RandomSubSpace_REPTree,0.983457,Supervised Classification
32,pendigits,10992,17,10,class,0,0,0,16,1,94.11764706,5.882352941,10.40756914,9.597889374,1144,1055,50.71104553,29.77423824,28.84534207,85.12026929,-0.5010429355,-0.03919608212,0.1029023747,3.320771739,1194,weka.RandomSubSpace_REPTree,0.986766,Supervised Classification
32,pendigits,10992,17,10,class,0,0,0,16,1,94.11764706,5.882352941,10.40756914,9.597889374,1144,1055,50.71104553,29.77423824,28.84534207,85.12026929,-0.5010429355,-0.03919608212,0.1029023747,3.320771739,1091,weka.BFTree,0.955886,Supervised Classification
32,pendigits,10992,17,10,class,0,0,0,16,1,94.11764706,5.882352941,10.40756914,9.597889374,1144,1055,50.71104553,29.77423824,28.84534207,85.12026929,-0.5010429355,-0.03919608212,0.1029023747,3.320771739,1087,weka.HoeffdingTree,0.880066,Supervised Classification
32,pendigits,10992,17,10,class,0,0,0,16,1,94.11764706,5.882352941,10.40756914,9.597889374,1144,1055,50.71104553,29.77423824,28.84534207,85.12026929,-0.5010429355,-0.03919608212,0.1029023747,3.320771739,1194,weka.RandomSubSpace_REPTree,0.985663,Supervised Classification
32,pendigits,10992,17,10,class,0,0,0,16,1,94.11764706,5.882352941,10.40756914,9.597889374,1144,1055,50.71104553,29.77423824,28.84534207,85.12026929,-0.5010429355,-0.03919608212,0.1029023747,3.320771739,1089,weka.ExtraTree,0.938517,Supervised Classification
32,pendigits,10992,17,10,class,0,0,0,16,1,94.11764706,5.882352941,10.40756914,9.597889374,1144,1055,50.71104553,29.77423824,28.84534207,85.12026929,-0.5010429355,-0.03919608212,0.1029023747,3.320771739,1185,weka.Bagging_REPTree,0.970499,Supervised Classification
32,pendigits,10992,17,10,class,0,0,0,16,1,94.11764706,5.882352941,10.40756914,9.597889374,1144,1055,50.71104553,29.77423824,28.84534207,85.12026929,-0.5010429355,-0.03919608212,0.1029023747,3.320771739,1191,weka.LogitBoost_DecisionStump,0.979873,Supervised Classification
32,pendigits,10992,17,10,class,0,0,0,16,1,94.11764706,5.882352941,10.40756914,9.597889374,1144,1055,50.71104553,29.77423824,28.84534207,85.12026929,-0.5010429355,-0.03919608212,0.1029023747,3.320771739,1166,weka.A2DE,0.986215,Supervised Classification
32,pendigits,10992,17,10,class,0,0,0,16,1,94.11764706,5.882352941,10.40756914,9.597889374,1144,1055,50.71104553,29.77423824,28.84534207,85.12026929,-0.5010429355,-0.03919608212,0.1029023747,3.320771739,1186,weka.Dagging_DecisionStump,0.205404,Supervised Classification
32,pendigits,10992,17,10,class,0,0,0,16,1,94.11764706,5.882352941,10.40756914,9.597889374,1144,1055,50.71104553,29.77423824,28.84534207,85.12026929,-0.5010429355,-0.03919608212,0.1029023747,3.320771739,1187,weka.Decorate,0.972429,Supervised Classification
32,pendigits,10992,17,10,class,0,0,0,16,1,94.11764706,5.882352941,10.40756914,9.597889374,1144,1055,50.71104553,29.77423824,28.84534207,85.12026929,-0.5010429355,-0.03919608212,0.1029023747,3.320771739,1188,weka.END_ND_J48,0.982079,Supervised Classification
32,pendigits,10992,17,10,class,0,0,0,16,1,94.11764706,5.882352941,10.40756914,9.597889374,1144,1055,50.71104553,29.77423824,28.84534207,85.12026929,-0.5010429355,-0.03919608212,0.1029023747,3.320771739,1190,weka.Grading_ZeroR,0.100358,Supervised Classification
32,pendigits,10992,17,10,class,0,0,0,16,1,94.11764706,5.882352941,10.40756914,9.597889374,1144,1055,50.71104553,29.77423824,28.84534207,85.12026929,-0.5010429355,-0.03919608212,0.1029023747,3.320771739,1192,weka.MultiBoostAB_DecisionStump,0.204852,Supervised Classification
32,pendigits,10992,17,10,class,0,0,0,16,1,94.11764706,5.882352941,10.40756914,9.597889374,1144,1055,50.71104553,29.77423824,28.84534207,85.12026929,-0.5010429355,-0.03919608212,0.1029023747,3.320771739,1193,weka.RacedIncrementalLogitBoost_DecisionStump,0.900744,Supervised Classification
32,pendigits,10992,17,10,class,0,0,0,16,1,94.11764706,5.882352941,10.40756914,9.597889374,1144,1055,50.71104553,29.77423824,28.84534207,85.12026929,-0.5010429355,-0.03919608212,0.1029023747,3.320771739,1196,weka.RotationForest_PrincipalComponents_J48,0.99421,Supervised Classification
32,pendigits,10992,17,10,class,0,0,0,16,1,94.11764706,5.882352941,10.40756914,9.597889374,1144,1055,50.71104553,29.77423824,28.84534207,85.12026929,-0.5010429355,-0.03919608212,0.1029023747,3.320771739,1196,weka.RotationForest_PrincipalComponents_J48,0.993659,Supervised Classification
32,pendigits,10992,17,10,class,0,0,0,16,1,94.11764706,5.882352941,10.40756914,9.597889374,1144,1055,50.71104553,29.77423824,28.84534207,85.12026929,-0.5010429355,-0.03919608212,0.1029023747,3.320771739,1196,weka.RotationForest_PrincipalComponents_J48,0.995864,Supervised Classification
32,pendigits,10992,17,10,class,0,0,0,16,1,94.11764706,5.882352941,10.40756914,9.597889374,1144,1055,50.71104553,29.77423824,28.84534207,85.12026929,-0.5010429355,-0.03919608212,0.1029023747,3.320771739,1196,weka.RotationForest_PrincipalComponents_J48,0.995037,Supervised Classification
32,pendigits,10992,17,10,class,0,0,0,16,1,94.11764706,5.882352941,10.40756914,9.597889374,1144,1055,50.71104553,29.77423824,28.84534207,85.12026929,-0.5010429355,-0.03919608212,0.1029023747,3.320771739,1196,weka.RotationForest_PrincipalComponents_J48,0.996691,Supervised Classification
6,letter,20000,17,26,class,0,0,0,16,1,94.11764706,5.882352941,4.065,3.67,813,734,5.925465625,2.273771145,3.0461,8.33885,0.6977379005,0.2902970341,0.0409020451,4.699810727,1068,weka.J48,0.858939,Supervised Classification
6,letter,20000,17,26,class,0,0,0,16,1,94.11764706,5.882352941,4.065,3.67,813,734,5.925465625,2.273771145,3.0461,8.33885,0.6977379005,0.2902970341,0.0409020451,4.699810727,1069,weka.ZeroR,0.035909,Supervised Classification
6,letter,20000,17,26,class,0,0,0,16,1,94.11764706,5.882352941,4.065,3.67,813,734,5.925465625,2.273771145,3.0461,8.33885,0.6977379005,0.2902970341,0.0409020451,4.699810727,1071,weka.OneR,0.169848,Supervised Classification
6,letter,20000,17,26,class,0,0,0,16,1,94.11764706,5.882352941,4.065,3.67,813,734,5.925465625,2.273771145,3.0461,8.33885,0.6977379005,0.2902970341,0.0409020451,4.699810727,1073,weka.PART,0.876515,Supervised Classification
6,letter,20000,17,26,class,0,0,0,16,1,94.11764706,5.882352941,4.065,3.67,813,734,5.925465625,2.273771145,3.0461,8.33885,0.6977379005,0.2902970341,0.0409020451,4.699810727,1074,weka.OLM,0.381515,Supervised Classification
6,letter,20000,17,26,class,0,0,0,16,1,94.11764706,5.882352941,4.065,3.67,813,734,5.925465625,2.273771145,3.0461,8.33885,0.6977379005,0.2902970341,0.0409020451,4.699810727,1168,weka.BayesNet_K2,0.739242,Supervised Classification
6,letter,20000,17,26,class,0,0,0,16,1,94.11764706,5.882352941,4.065,3.67,813,734,5.925465625,2.273771145,3.0461,8.33885,0.6977379005,0.2902970341,0.0409020451,4.699810727,1160,weka.AttributeSelectedClassifier_PrincipalComponents_Ranker_J48,0.773182,Supervised Classification
6,letter,20000,17,26,class,0,0,0,16,1,94.11764706,5.882352941,4.065,3.67,813,734,5.925465625,2.273771145,3.0461,8.33885,0.6977379005,0.2902970341,0.0409020451,4.699810727,365,weka.J48,0.858939,Supervised Classification
6,letter,20000,17,26,class,0,0,0,16,1,94.11764706,5.882352941,4.065,3.67,813,734,5.925465625,2.273771145,3.0461,8.33885,0.6977379005,0.2902970341,0.0409020451,4.699810727,523,weka.Bagging_J48,0.920758,Supervised Classification
6,letter,20000,17,26,class,0,0,0,16,1,94.11764706,5.882352941,4.065,3.67,813,734,5.925465625,2.273771145,3.0461,8.33885,0.6977379005,0.2902970341,0.0409020451,4.699810727,523,weka.Bagging_J48,0.925455,Supervised Classification
6,letter,20000,17,26,class,0,0,0,16,1,94.11764706,5.882352941,4.065,3.67,813,734,5.925465625,2.273771145,3.0461,8.33885,0.6977379005,0.2902970341,0.0409020451,4.699810727,523,weka.Bagging_J48,0.927273,Supervised Classification
6,letter,20000,17,26,class,0,0,0,16,1,94.11764706,5.882352941,4.065,3.67,813,734,5.925465625,2.273771145,3.0461,8.33885,0.6977379005,0.2902970341,0.0409020451,4.699810727,523,weka.Bagging_J48,0.928182,Supervised Classification
6,letter,20000,17,26,class,0,0,0,16,1,94.11764706,5.882352941,4.065,3.67,813,734,5.925465625,2.273771145,3.0461,8.33885,0.6977379005,0.2902970341,0.0409020451,4.699810727,524,weka.Bagging_JRip,0.940455,Supervised Classification
6,letter,20000,17,26,class,0,0,0,16,1,94.11764706,5.882352941,4.065,3.67,813,734,5.925465625,2.273771145,3.0461,8.33885,0.6977379005,0.2902970341,0.0409020451,4.699810727,524,weka.Bagging_JRip,0.917727,Supervised Classification
6,letter,20000,17,26,class,0,0,0,16,1,94.11764706,5.882352941,4.065,3.67,813,734,5.925465625,2.273771145,3.0461,8.33885,0.6977379005,0.2902970341,0.0409020451,4.699810727,527,weka.Bagging_LMT,0.947273,Supervised Classification
6,letter,20000,17,26,class,0,0,0,16,1,94.11764706,5.882352941,4.065,3.67,813,734,5.925465625,2.273771145,3.0461,8.33885,0.6977379005,0.2902970341,0.0409020451,4.699810727,527,weka.Bagging_LMT,0.949394,Supervised Classification
6,letter,20000,17,26,class,0,0,0,16,1,94.11764706,5.882352941,4.065,3.67,813,734,5.925465625,2.273771145,3.0461,8.33885,0.6977379005,0.2902970341,0.0409020451,4.699810727,527,weka.Bagging_LMT,0.947424,Supervised Classification
6,letter,20000,17,26,class,0,0,0,16,1,94.11764706,5.882352941,4.065,3.67,813,734,5.925465625,2.273771145,3.0461,8.33885,0.6977379005,0.2902970341,0.0409020451,4.699810727,1076,weka.SimpleCart,0.851364,Supervised Classification
6,letter,20000,17,26,class,0,0,0,16,1,94.11764706,5.882352941,4.065,3.67,813,734,5.925465625,2.273771145,3.0461,8.33885,0.6977379005,0.2902970341,0.0409020451,4.699810727,1077,weka.REPTree,0.822727,Supervised Classification
6,letter,20000,17,26,class,0,0,0,16,1,94.11764706,5.882352941,4.065,3.67,813,734,5.925465625,2.273771145,3.0461,8.33885,0.6977379005,0.2902970341,0.0409020451,4.699810727,1078,weka.RandomTree,0.833333,Supervised Classification
6,letter,20000,17,26,class,0,0,0,16,1,94.11764706,5.882352941,4.065,3.67,813,734,5.925465625,2.273771145,3.0461,8.33885,0.6977379005,0.2902970341,0.0409020451,4.699810727,1079,weka.RandomForest,0.954394,Supervised Classification
6,letter,20000,17,26,class,0,0,0,16,1,94.11764706,5.882352941,4.065,3.67,813,734,5.925465625,2.273771145,3.0461,8.33885,0.6977379005,0.2902970341,0.0409020451,4.699810727,1080,weka.NBTree,0.842576,Supervised Classification
6,letter,20000,17,26,class,0,0,0,16,1,94.11764706,5.882352941,4.065,3.67,813,734,5.925465625,2.273771145,3.0461,8.33885,0.6977379005,0.2902970341,0.0409020451,4.699810727,1112,weka.LibLINEAR,0.598333,Supervised Classification
6,letter,20000,17,26,class,0,0,0,16,1,94.11764706,5.882352941,4.065,3.67,813,734,5.925465625,2.273771145,3.0461,8.33885,0.6977379005,0.2902970341,0.0409020451,4.699810727,1177,weka.SimpleLogistic,0.770758,Supervised Classification
6,letter,20000,17,26,class,0,0,0,16,1,94.11764706,5.882352941,4.065,3.67,813,734,5.925465625,2.273771145,3.0461,8.33885,0.6977379005,0.2902970341,0.0409020451,4.699810727,1178,weka.SMO_PolyKernel,0.812727,Supervised Classification
6,letter,20000,17,26,class,0,0,0,16,1,94.11764706,5.882352941,4.065,3.67,813,734,5.925465625,2.273771145,3.0461,8.33885,0.6977379005,0.2902970341,0.0409020451,4.699810727,1179,weka.SMO_RBFKernel,0.45,Supervised Classification
6,letter,20000,17,26,class,0,0,0,16,1,94.11764706,5.882352941,4.065,3.67,813,734,5.925465625,2.273771145,3.0461,8.33885,0.6977379005,0.2902970341,0.0409020451,4.699810727,1105,weka.IBk,0.946818,Supervised Classification
6,letter,20000,17,26,class,0,0,0,16,1,94.11764706,5.882352941,4.065,3.67,813,734,5.925465625,2.273771145,3.0461,8.33885,0.6977379005,0.2902970341,0.0409020451,4.699810727,1105,weka.IBk,0.942879,Supervised Classification
6,letter,20000,17,26,class,0,0,0,16,1,94.11764706,5.882352941,4.065,3.67,813,734,5.925465625,2.273771145,3.0461,8.33885,0.6977379005,0.2902970341,0.0409020451,4.699810727,1182,weka.AdaBoostM1_DecisionStump,0.067273,Supervised Classification
6,letter,20000,17,26,class,0,0,0,16,1,94.11764706,5.882352941,4.065,3.67,813,734,5.925465625,2.273771145,3.0461,8.33885,0.6977379005,0.2902970341,0.0409020451,4.699810727,1183,weka.AttributeSelectedClassifier_CfsSubsetEval_BestFirst_J48,0.869697,Supervised Classification
6,letter,20000,17,26,class,0,0,0,16,1,94.11764706,5.882352941,4.065,3.67,813,734,5.925465625,2.273771145,3.0461,8.33885,0.6977379005,0.2902970341,0.0409020451,4.699810727,1194,weka.RandomSubSpace_REPTree,0.891212,Supervised Classification
6,letter,20000,17,26,class,0,0,0,16,1,94.11764706,5.882352941,4.065,3.67,813,734,5.925465625,2.273771145,3.0461,8.33885,0.6977379005,0.2902970341,0.0409020451,4.699810727,1101,weka.InputMappedClassifier_ZeroR,0.035909,Supervised Classification
6,letter,20000,17,26,class,0,0,0,16,1,94.11764706,5.882352941,4.065,3.67,813,734,5.925465625,2.273771145,3.0461,8.33885,0.6977379005,0.2902970341,0.0409020451,4.699810727,1185,weka.Bagging_REPTree,0.902576,Supervised Classification
6,letter,20000,17,26,class,0,0,0,16,1,94.11764706,5.882352941,4.065,3.67,813,734,5.925465625,2.273771145,3.0461,8.33885,0.6977379005,0.2902970341,0.0409020451,4.699810727,1191,weka.LogitBoost_DecisionStump,0.728485,Supervised Classification
6,letter,20000,17,26,class,0,0,0,16,1,94.11764706,5.882352941,4.065,3.67,813,734,5.925465625,2.273771145,3.0461,8.33885,0.6977379005,0.2902970341,0.0409020451,4.699810727,1194,weka.RandomSubSpace_REPTree,0.932879,Supervised Classification
6,letter,20000,17,26,class,0,0,0,16,1,94.11764706,5.882352941,4.065,3.67,813,734,5.925465625,2.273771145,3.0461,8.33885,0.6977379005,0.2902970341,0.0409020451,4.699810727,1197,weka.FURIA,0.893939,Supervised Classification
6,letter,20000,17,26,class,0,0,0,16,1,94.11764706,5.882352941,4.065,3.67,813,734,5.925465625,2.273771145,3.0461,8.33885,0.6977379005,0.2902970341,0.0409020451,4.699810727,1200,weka.LADTree,0.513939,Supervised Classification
6,letter,20000,17,26,class,0,0,0,16,1,94.11764706,5.882352941,4.065,3.67,813,734,5.925465625,2.273771145,3.0461,8.33885,0.6977379005,0.2902970341,0.0409020451,4.699810727,1084,weka.J48graft,0.862273,Supervised Classification
6,letter,20000,17,26,class,0,0,0,16,1,94.11764706,5.882352941,4.065,3.67,813,734,5.925465625,2.273771145,3.0461,8.33885,0.6977379005,0.2902970341,0.0409020451,4.699810727,1087,weka.HoeffdingTree,0.64,Supervised Classification
6,letter,20000,17,26,class,0,0,0,16,1,94.11764706,5.882352941,4.065,3.67,813,734,5.925465625,2.273771145,3.0461,8.33885,0.6977379005,0.2902970341,0.0409020451,4.699810727,1089,weka.ExtraTree,0.801364,Supervised Classification
6,letter,20000,17,26,class,0,0,0,16,1,94.11764706,5.882352941,4.065,3.67,813,734,5.925465625,2.273771145,3.0461,8.33885,0.6977379005,0.2902970341,0.0409020451,4.699810727,1096,weka.DecisionTable_BestFirst,0.63197,Supervised Classification
6,letter,20000,17,26,class,0,0,0,16,1,94.11764706,5.882352941,4.065,3.67,813,734,5.925465625,2.273771145,3.0461,8.33885,0.6977379005,0.2902970341,0.0409020451,4.699810727,1099,weka.CHIRP,0.828788,Supervised Classification
6,letter,20000,17,26,class,0,0,0,16,1,94.11764706,5.882352941,4.065,3.67,813,734,5.925465625,2.273771145,3.0461,8.33885,0.6977379005,0.2902970341,0.0409020451,4.699810727,1103,weka.VFI,0.606818,Supervised Classification
6,letter,20000,17,26,class,0,0,0,16,1,94.11764706,5.882352941,4.065,3.67,813,734,5.925465625,2.273771145,3.0461,8.33885,0.6977379005,0.2902970341,0.0409020451,4.699810727,1104,weka.IB1,0.950758,Supervised Classification
6,letter,20000,17,26,class,0,0,0,16,1,94.11764706,5.882352941,4.065,3.67,813,734,5.925465625,2.273771145,3.0461,8.33885,0.6977379005,0.2902970341,0.0409020451,4.699810727,1114,weka.Logistic,0.771212,Supervised Classification
6,letter,20000,17,26,class,0,0,0,16,1,94.11764706,5.882352941,4.065,3.67,813,734,5.925465625,2.273771145,3.0461,8.33885,0.6977379005,0.2902970341,0.0409020451,4.699810727,1116,weka.MultilayerPerceptronCS,0.813485,Supervised Classification
6,letter,20000,17,26,class,0,0,0,16,1,94.11764706,5.882352941,4.065,3.67,813,734,5.925465625,2.273771145,3.0461,8.33885,0.6977379005,0.2902970341,0.0409020451,4.699810727,1117,weka.RBFClassifier,0.274848,Supervised Classification
6,letter,20000,17,26,class,0,0,0,16,1,94.11764706,5.882352941,4.065,3.67,813,734,5.925465625,2.273771145,3.0461,8.33885,0.6977379005,0.2902970341,0.0409020451,4.699810727,1154,weka.NaiveBayes,0.636061,Supervised Classification
6,letter,20000,17,26,class,0,0,0,16,1,94.11764706,5.882352941,4.065,3.67,813,734,5.925465625,2.273771145,3.0461,8.33885,0.6977379005,0.2902970341,0.0409020451,4.699810727,1155,weka.FilteredClassifier_Standardize_NaiveBayes,0.636061,Supervised Classification
6,letter,20000,17,26,class,0,0,0,16,1,94.11764706,5.882352941,4.065,3.67,813,734,5.925465625,2.273771145,3.0461,8.33885,0.6977379005,0.2902970341,0.0409020451,4.699810727,1244,weka.FilteredClassifier_Discretize_J48,0.770303,Supervised Classification
6,letter,20000,17,26,class,0,0,0,16,1,94.11764706,5.882352941,4.065,3.67,813,734,5.925465625,2.273771145,3.0461,8.33885,0.6977379005,0.2902970341,0.0409020451,4.699810727,1163,weka.FilteredClassifier_PrincipalComponents_J48,0.773182,Supervised Classification
6,letter,20000,17,26,class,0,0,0,16,1,94.11764706,5.882352941,4.065,3.67,813,734,5.925465625,2.273771145,3.0461,8.33885,0.6977379005,0.2902970341,0.0409020451,4.699810727,1165,weka.A1DE,0.900606,Supervised Classification
6,letter,20000,17,26,class,0,0,0,16,1,94.11764706,5.882352941,4.065,3.67,813,734,5.925465625,2.273771145,3.0461,8.33885,0.6977379005,0.2902970341,0.0409020451,4.699810727,1185,weka.Bagging_REPTree,0.887273,Supervised Classification
6,letter,20000,17,26,class,0,0,0,16,1,94.11764706,5.882352941,4.065,3.67,813,734,5.925465625,2.273771145,3.0461,8.33885,0.6977379005,0.2902970341,0.0409020451,4.699810727,1185,weka.Bagging_REPTree,0.893485,Supervised Classification
6,letter,20000,17,26,class,0,0,0,16,1,94.11764706,5.882352941,4.065,3.67,813,734,5.925465625,2.273771145,3.0461,8.33885,0.6977379005,0.2902970341,0.0409020451,4.699810727,1185,weka.Bagging_REPTree,0.901667,Supervised Classification
6,letter,20000,17,26,class,0,0,0,16,1,94.11764706,5.882352941,4.065,3.67,813,734,5.925465625,2.273771145,3.0461,8.33885,0.6977379005,0.2902970341,0.0409020451,4.699810727,1191,weka.LogitBoost_DecisionStump,0.860606,Supervised Classification
6,letter,20000,17,26,class,0,0,0,16,1,94.11764706,5.882352941,4.065,3.67,813,734,5.925465625,2.273771145,3.0461,8.33885,0.6977379005,0.2902970341,0.0409020451,4.699810727,1191,weka.LogitBoost_DecisionStump,0.87197,Supervised Classification
6,letter,20000,17,26,class,0,0,0,16,1,94.11764706,5.882352941,4.065,3.67,813,734,5.925465625,2.273771145,3.0461,8.33885,0.6977379005,0.2902970341,0.0409020451,4.699810727,1194,weka.RandomSubSpace_REPTree,0.917121,Supervised Classification
6,letter,20000,17,26,class,0,0,0,16,1,94.11764706,5.882352941,4.065,3.67,813,734,5.925465625,2.273771145,3.0461,8.33885,0.6977379005,0.2902970341,0.0409020451,4.699810727,1091,weka.BFTree,0.846818,Supervised Classification
6,letter,20000,17,26,class,0,0,0,16,1,94.11764706,5.882352941,4.065,3.67,813,734,5.925465625,2.273771145,3.0461,8.33885,0.6977379005,0.2902970341,0.0409020451,4.699810727,1094,weka.JRip,0.836061,Supervised Classification
6,letter,20000,17,26,class,0,0,0,16,1,94.11764706,5.882352941,4.065,3.67,813,734,5.925465625,2.273771145,3.0461,8.33885,0.6977379005,0.2902970341,0.0409020451,4.699810727,1098,weka.ConjunctiveRule,0.067273,Supervised Classification
6,letter,20000,17,26,class,0,0,0,16,1,94.11764706,5.882352941,4.065,3.67,813,734,5.925465625,2.273771145,3.0461,8.33885,0.6977379005,0.2902970341,0.0409020451,4.699810727,1100,weka.HyperPipes,0.24,Supervised Classification
6,letter,20000,17,26,class,0,0,0,16,1,94.11764706,5.882352941,4.065,3.67,813,734,5.925465625,2.273771145,3.0461,8.33885,0.6977379005,0.2902970341,0.0409020451,4.699810727,1105,weka.IBk,0.95,Supervised Classification
6,letter,20000,17,26,class,0,0,0,16,1,94.11764706,5.882352941,4.065,3.67,813,734,5.925465625,2.273771145,3.0461,8.33885,0.6977379005,0.2902970341,0.0409020451,4.699810727,1106,weka.KStar,0.942727,Supervised Classification
6,letter,20000,17,26,class,0,0,0,16,1,94.11764706,5.882352941,4.065,3.67,813,734,5.925465625,2.273771145,3.0461,8.33885,0.6977379005,0.2902970341,0.0409020451,4.699810727,1172,weka.LibSVM,0.966061,Supervised Classification
6,letter,20000,17,26,class,0,0,0,16,1,94.11764706,5.882352941,4.065,3.67,813,734,5.925465625,2.273771145,3.0461,8.33885,0.6977379005,0.2902970341,0.0409020451,4.699810727,1075,weka.NNge,0.894394,Supervised Classification
6,letter,20000,17,26,class,0,0,0,16,1,94.11764706,5.882352941,4.065,3.67,813,734,5.925465625,2.273771145,3.0461,8.33885,0.6977379005,0.2902970341,0.0409020451,4.699810727,1166,weka.A2DE,0.93,Supervised Classification
6,letter,20000,17,26,class,0,0,0,16,1,94.11764706,5.882352941,4.065,3.67,813,734,5.925465625,2.273771145,3.0461,8.33885,0.6977379005,0.2902970341,0.0409020451,4.699810727,1191,weka.LogitBoost_DecisionStump,0.787727,Supervised Classification
6,letter,20000,17,26,class,0,0,0,16,1,94.11764706,5.882352941,4.065,3.67,813,734,5.925465625,2.273771145,3.0461,8.33885,0.6977379005,0.2902970341,0.0409020451,4.699810727,1191,weka.LogitBoost_DecisionStump,0.835909,Supervised Classification
6,letter,20000,17,26,class,0,0,0,16,1,94.11764706,5.882352941,4.065,3.67,813,734,5.925465625,2.273771145,3.0461,8.33885,0.6977379005,0.2902970341,0.0409020451,4.699810727,1194,weka.RandomSubSpace_REPTree,0.93803,Supervised Classification
6,letter,20000,17,26,class,0,0,0,16,1,94.11764706,5.882352941,4.065,3.67,813,734,5.925465625,2.273771145,3.0461,8.33885,0.6977379005,0.2902970341,0.0409020451,4.699810727,1090,weka.DecisionStump,0.067273,Supervised Classification
6,letter,20000,17,26,class,0,0,0,16,1,94.11764706,5.882352941,4.065,3.67,813,734,5.925465625,2.273771145,3.0461,8.33885,0.6977379005,0.2902970341,0.0409020451,4.699810727,1194,weka.RandomSubSpace_REPTree,0.925455,Supervised Classification
6,letter,20000,17,26,class,0,0,0,16,1,94.11764706,5.882352941,4.065,3.67,813,734,5.925465625,2.273771145,3.0461,8.33885,0.6977379005,0.2902970341,0.0409020451,4.699810727,1185,weka.Bagging_REPTree,0.899545,Supervised Classification
6,letter,20000,17,26,class,0,0,0,16,1,94.11764706,5.882352941,4.065,3.67,813,734,5.925465625,2.273771145,3.0461,8.33885,0.6977379005,0.2902970341,0.0409020451,4.699810727,1082,weka.LMT,0.908939,Supervised Classification
6,letter,20000,17,26,class,0,0,0,16,1,94.11764706,5.882352941,4.065,3.67,813,734,5.925465625,2.273771145,3.0461,8.33885,0.6977379005,0.2902970341,0.0409020451,4.699810727,1088,weka.FT,0.892121,Supervised Classification
6,letter,20000,17,26,class,0,0,0,16,1,94.11764706,5.882352941,4.065,3.67,813,734,5.925465625,2.273771145,3.0461,8.33885,0.6977379005,0.2902970341,0.0409020451,4.699810727,1108,weka.LWL_DecisionStump,0.395152,Supervised Classification
6,letter,20000,17,26,class,0,0,0,16,1,94.11764706,5.882352941,4.065,3.67,813,734,5.925465625,2.273771145,3.0461,8.33885,0.6977379005,0.2902970341,0.0409020451,4.699810727,1186,weka.Dagging_DecisionStump,0.170606,Supervised Classification
6,letter,20000,17,26,class,0,0,0,16,1,94.11764706,5.882352941,4.065,3.67,813,734,5.925465625,2.273771145,3.0461,8.33885,0.6977379005,0.2902970341,0.0409020451,4.699810727,1187,weka.Decorate,0.924242,Supervised Classification
6,letter,20000,17,26,class,0,0,0,16,1,94.11764706,5.882352941,4.065,3.67,813,734,5.925465625,2.273771145,3.0461,8.33885,0.6977379005,0.2902970341,0.0409020451,4.699810727,1188,weka.END_ND_J48,0.935303,Supervised Classification
6,letter,20000,17,26,class,0,0,0,16,1,94.11764706,5.882352941,4.065,3.67,813,734,5.925465625,2.273771145,3.0461,8.33885,0.6977379005,0.2902970341,0.0409020451,4.699810727,1190,weka.Grading_ZeroR,0.035909,Supervised Classification
6,letter,20000,17,26,class,0,0,0,16,1,94.11764706,5.882352941,4.065,3.67,813,734,5.925465625,2.273771145,3.0461,8.33885,0.6977379005,0.2902970341,0.0409020451,4.699810727,1192,weka.MultiBoostAB_DecisionStump,0.067273,Supervised Classification
6,letter,20000,17,26,class,0,0,0,16,1,94.11764706,5.882352941,4.065,3.67,813,734,5.925465625,2.273771145,3.0461,8.33885,0.6977379005,0.2902970341,0.0409020451,4.699810727,1193,weka.RacedIncrementalLogitBoost_DecisionStump,0.707879,Supervised Classification
6,letter,20000,17,26,class,0,0,0,16,1,94.11764706,5.882352941,4.065,3.67,813,734,5.925465625,2.273771145,3.0461,8.33885,0.6977379005,0.2902970341,0.0409020451,4.699810727,1196,weka.RotationForest_PrincipalComponents_J48,0.934242,Supervised Classification
6,letter,20000,17,26,class,0,0,0,16,1,94.11764706,5.882352941,4.065,3.67,813,734,5.925465625,2.273771145,3.0461,8.33885,0.6977379005,0.2902970341,0.0409020451,4.699810727,1196,weka.RotationForest_PrincipalComponents_J48,0.952121,Supervised Classification
6,letter,20000,17,26,class,0,0,0,16,1,94.11764706,5.882352941,4.065,3.67,813,734,5.925465625,2.273771145,3.0461,8.33885,0.6977379005,0.2902970341,0.0409020451,4.699810727,1196,weka.RotationForest_PrincipalComponents_J48,0.959242,Supervised Classification
6,letter,20000,17,26,class,0,0,0,16,1,94.11764706,5.882352941,4.065,3.67,813,734,5.925465625,2.273771145,3.0461,8.33885,0.6977379005,0.2902970341,0.0409020451,4.699810727,1196,weka.RotationForest_PrincipalComponents_J48,0.961061,Supervised Classification
6,letter,20000,17,26,class,0,0,0,16,1,94.11764706,5.882352941,4.065,3.67,813,734,5.925465625,2.273771145,3.0461,8.33885,0.6977379005,0.2902970341,0.0409020451,4.699810727,1196,weka.RotationForest_PrincipalComponents_J48,0.963485,Supervised Classification
6,letter,20000,17,26,class,0,0,0,16,1,94.11764706,5.882352941,4.065,3.67,813,734,5.925465625,2.273771145,3.0461,8.33885,0.6977379005,0.2902970341,0.0409020451,4.699810727,5804,"sklearn.pipeline.Pipeline(pca=sklearn.decomposition.pca.PCA,randomforestclassifier=sklearn.ensemble.forest.RandomForestClassifier)",0.947879,Supervised Classification
279,meta_stream_intervals.arff,45164,75,11,class,0,0,0,74,1,98.66666667,1.333333333,50.97201311,0.1616331592,23021,73,13539.84899,8054.879773,-25.79771439,500704.8977,52.62876663,0.7748986612,0.3057591391,2.331572915,1068,weka.J48,0.991479,Supervised Classification
279,meta_stream_intervals.arff,45164,75,11,class,0,0,0,74,1,98.66666667,1.333333333,50.97201311,0.1616331592,23021,73,13539.84899,8054.879773,-25.79771439,500704.8977,52.62876663,0.7748986612,0.3057591391,2.331572915,1069,weka.ZeroR,0.514157,Supervised Classification
279,meta_stream_intervals.arff,45164,75,11,class,0,0,0,74,1,98.66666667,1.333333333,50.97201311,0.1616331592,23021,73,13539.84899,8054.879773,-25.79771439,500704.8977,52.62876663,0.7748986612,0.3057591391,2.331572915,1070,weka.Ridor,0.98705,Supervised Classification
279,meta_stream_intervals.arff,45164,75,11,class,0,0,0,74,1,98.66666667,1.333333333,50.97201311,0.1616331592,23021,73,13539.84899,8054.879773,-25.79771439,500704.8977,52.62876663,0.7748986612,0.3057591391,2.331572915,1071,weka.OneR,0.895397,Supervised Classification
279,meta_stream_intervals.arff,45164,75,11,class,0,0,0,74,1,98.66666667,1.333333333,50.97201311,0.1616331592,23021,73,13539.84899,8054.879773,-25.79771439,500704.8977,52.62876663,0.7748986612,0.3057591391,2.331572915,1073,weka.PART,0.989801,Supervised Classification
279,meta_stream_intervals.arff,45164,75,11,class,0,0,0,74,1,98.66666667,1.333333333,50.97201311,0.1616331592,23021,73,13539.84899,8054.879773,-25.79771439,500704.8977,52.62876663,0.7748986612,0.3057591391,2.331572915,1074,weka.OLM,0.51456,Supervised Classification
279,meta_stream_intervals.arff,45164,75,11,class,0,0,0,74,1,98.66666667,1.333333333,50.97201311,0.1616331592,23021,73,13539.84899,8054.879773,-25.79771439,500704.8977,52.62876663,0.7748986612,0.3057591391,2.331572915,1155,weka.FilteredClassifier_Standardize_NaiveBayes,0.579979,Supervised Classification
279,meta_stream_intervals.arff,45164,75,11,class,0,0,0,74,1,98.66666667,1.333333333,50.97201311,0.1616331592,23021,73,13539.84899,8054.879773,-25.79771439,500704.8977,52.62876663,0.7748986612,0.3057591391,2.331572915,523,weka.Bagging_J48,0.992485,Supervised Classification
279,meta_stream_intervals.arff,45164,75,11,class,0,0,0,74,1,98.66666667,1.333333333,50.97201311,0.1616331592,23021,73,13539.84899,8054.879773,-25.79771439,500704.8977,52.62876663,0.7748986612,0.3057591391,2.331572915,523,weka.Bagging_J48,0.993156,Supervised Classification
279,meta_stream_intervals.arff,45164,75,11,class,0,0,0,74,1,98.66666667,1.333333333,50.97201311,0.1616331592,23021,73,13539.84899,8054.879773,-25.79771439,500704.8977,52.62876663,0.7748986612,0.3057591391,2.331572915,523,weka.Bagging_J48,0.993223,Supervised Classification
279,meta_stream_intervals.arff,45164,75,11,class,0,0,0,74,1,98.66666667,1.333333333,50.97201311,0.1616331592,23021,73,13539.84899,8054.879773,-25.79771439,500704.8977,52.62876663,0.7748986612,0.3057591391,2.331572915,523,weka.Bagging_J48,0.993022,Supervised Classification
279,meta_stream_intervals.arff,45164,75,11,class,0,0,0,74,1,98.66666667,1.333333333,50.97201311,0.1616331592,23021,73,13539.84899,8054.879773,-25.79771439,500704.8977,52.62876663,0.7748986612,0.3057591391,2.331572915,524,weka.Bagging_JRip,0.992888,Supervised Classification
279,meta_stream_intervals.arff,45164,75,11,class,0,0,0,74,1,98.66666667,1.333333333,50.97201311,0.1616331592,23021,73,13539.84899,8054.879773,-25.79771439,500704.8977,52.62876663,0.7748986612,0.3057591391,2.331572915,524,weka.Bagging_JRip,0.992485,Supervised Classification
279,meta_stream_intervals.arff,45164,75,11,class,0,0,0,74,1,98.66666667,1.333333333,50.97201311,0.1616331592,23021,73,13539.84899,8054.879773,-25.79771439,500704.8977,52.62876663,0.7748986612,0.3057591391,2.331572915,527,weka.Bagging_LMT,0.95263,Supervised Classification
279,meta_stream_intervals.arff,45164,75,11,class,0,0,0,74,1,98.66666667,1.333333333,50.97201311,0.1616331592,23021,73,13539.84899,8054.879773,-25.79771439,500704.8977,52.62876663,0.7748986612,0.3057591391,2.331572915,527,weka.Bagging_LMT,0.954442,Supervised Classification
279,meta_stream_intervals.arff,45164,75,11,class,0,0,0,74,1,98.66666667,1.333333333,50.97201311,0.1616331592,23021,73,13539.84899,8054.879773,-25.79771439,500704.8977,52.62876663,0.7748986612,0.3057591391,2.331572915,527,weka.Bagging_LMT,0.953301,Supervised Classification
279,meta_stream_intervals.arff,45164,75,11,class,0,0,0,74,1,98.66666667,1.333333333,50.97201311,0.1616331592,23021,73,13539.84899,8054.879773,-25.79771439,500704.8977,52.62876663,0.7748986612,0.3057591391,2.331572915,527,weka.Bagging_LMT,0.947195,Supervised Classification
279,meta_stream_intervals.arff,45164,75,11,class,0,0,0,74,1,98.66666667,1.333333333,50.97201311,0.1616331592,23021,73,13539.84899,8054.879773,-25.79771439,500704.8977,52.62876663,0.7748986612,0.3057591391,2.331572915,1075,weka.NNge,0.970008,Supervised Classification
279,meta_stream_intervals.arff,45164,75,11,class,0,0,0,74,1,98.66666667,1.333333333,50.97201311,0.1616331592,23021,73,13539.84899,8054.879773,-25.79771439,500704.8977,52.62876663,0.7748986612,0.3057591391,2.331572915,1076,weka.SimpleCart,0.990808,Supervised Classification
279,meta_stream_intervals.arff,45164,75,11,class,0,0,0,74,1,98.66666667,1.333333333,50.97201311,0.1616331592,23021,73,13539.84899,8054.879773,-25.79771439,500704.8977,52.62876663,0.7748986612,0.3057591391,2.331572915,1077,weka.REPTree,0.989533,Supervised Classification
279,meta_stream_intervals.arff,45164,75,11,class,0,0,0,74,1,98.66666667,1.333333333,50.97201311,0.1616331592,23021,73,13539.84899,8054.879773,-25.79771439,500704.8977,52.62876663,0.7748986612,0.3057591391,2.331572915,1078,weka.RandomTree,0.984367,Supervised Classification
279,meta_stream_intervals.arff,45164,75,11,class,0,0,0,74,1,98.66666667,1.333333333,50.97201311,0.1616331592,23021,73,13539.84899,8054.879773,-25.79771439,500704.8977,52.62876663,0.7748986612,0.3057591391,2.331572915,1079,weka.RandomForest,0.994364,Supervised Classification
279,meta_stream_intervals.arff,45164,75,11,class,0,0,0,74,1,98.66666667,1.333333333,50.97201311,0.1616331592,23021,73,13539.84899,8054.879773,-25.79771439,500704.8977,52.62876663,0.7748986612,0.3057591391,2.331572915,1165,weka.A1DE,0.991076,Supervised Classification
279,meta_stream_intervals.arff,45164,75,11,class,0,0,0,74,1,98.66666667,1.333333333,50.97201311,0.1616331592,23021,73,13539.84899,8054.879773,-25.79771439,500704.8977,52.62876663,0.7748986612,0.3057591391,2.331572915,1112,weka.LibLINEAR,0.095947,Supervised Classification
279,meta_stream_intervals.arff,45164,75,11,class,0,0,0,74,1,98.66666667,1.333333333,50.97201311,0.1616331592,23021,73,13539.84899,8054.879773,-25.79771439,500704.8977,52.62876663,0.7748986612,0.3057591391,2.331572915,1177,weka.SimpleLogistic,0.953368,Supervised Classification
279,meta_stream_intervals.arff,45164,75,11,class,0,0,0,74,1,98.66666667,1.333333333,50.97201311,0.1616331592,23021,73,13539.84899,8054.879773,-25.79771439,500704.8977,52.62876663,0.7748986612,0.3057591391,2.331572915,1178,weka.SMO_PolyKernel,0.941224,Supervised Classification
279,meta_stream_intervals.arff,45164,75,11,class,0,0,0,74,1,98.66666667,1.333333333,50.97201311,0.1616331592,23021,73,13539.84899,8054.879773,-25.79771439,500704.8977,52.62876663,0.7748986612,0.3057591391,2.331572915,1179,weka.SMO_RBFKernel,0.87661,Supervised Classification
279,meta_stream_intervals.arff,45164,75,11,class,0,0,0,74,1,98.66666667,1.333333333,50.97201311,0.1616331592,23021,73,13539.84899,8054.879773,-25.79771439,500704.8977,52.62876663,0.7748986612,0.3057591391,2.331572915,1105,weka.IBk,0.969002,Supervised Classification
279,meta_stream_intervals.arff,45164,75,11,class,0,0,0,74,1,98.66666667,1.333333333,50.97201311,0.1616331592,23021,73,13539.84899,8054.879773,-25.79771439,500704.8977,52.62876663,0.7748986612,0.3057591391,2.331572915,1105,weka.IBk,0.969471,Supervised Classification
279,meta_stream_intervals.arff,45164,75,11,class,0,0,0,74,1,98.66666667,1.333333333,50.97201311,0.1616331592,23021,73,13539.84899,8054.879773,-25.79771439,500704.8977,52.62876663,0.7748986612,0.3057591391,2.331572915,1182,weka.AdaBoostM1_DecisionStump,0.514157,Supervised Classification
279,meta_stream_intervals.arff,45164,75,11,class,0,0,0,74,1,98.66666667,1.333333333,50.97201311,0.1616331592,23021,73,13539.84899,8054.879773,-25.79771439,500704.8977,52.62876663,0.7748986612,0.3057591391,2.331572915,1183,weka.AttributeSelectedClassifier_CfsSubsetEval_BestFirst_J48,0.978529,Supervised Classification
279,meta_stream_intervals.arff,45164,75,11,class,0,0,0,74,1,98.66666667,1.333333333,50.97201311,0.1616331592,23021,73,13539.84899,8054.879773,-25.79771439,500704.8977,52.62876663,0.7748986612,0.3057591391,2.331572915,1185,weka.Bagging_REPTree,0.990607,Supervised Classification
279,meta_stream_intervals.arff,45164,75,11,class,0,0,0,74,1,98.66666667,1.333333333,50.97201311,0.1616331592,23021,73,13539.84899,8054.879773,-25.79771439,500704.8977,52.62876663,0.7748986612,0.3057591391,2.331572915,1185,weka.Bagging_REPTree,0.99168,Supervised Classification
279,meta_stream_intervals.arff,45164,75,11,class,0,0,0,74,1,98.66666667,1.333333333,50.97201311,0.1616331592,23021,73,13539.84899,8054.879773,-25.79771439,500704.8977,52.62876663,0.7748986612,0.3057591391,2.331572915,1191,weka.LogitBoost_DecisionStump,0.93485,Supervised Classification
279,meta_stream_intervals.arff,45164,75,11,class,0,0,0,74,1,98.66666667,1.333333333,50.97201311,0.1616331592,23021,73,13539.84899,8054.879773,-25.79771439,500704.8977,52.62876663,0.7748986612,0.3057591391,2.331572915,1191,weka.LogitBoost_DecisionStump,0.967458,Supervised Classification
279,meta_stream_intervals.arff,45164,75,11,class,0,0,0,74,1,98.66666667,1.333333333,50.97201311,0.1616331592,23021,73,13539.84899,8054.879773,-25.79771439,500704.8977,52.62876663,0.7748986612,0.3057591391,2.331572915,1191,weka.LogitBoost_DecisionStump,0.977724,Supervised Classification
279,meta_stream_intervals.arff,45164,75,11,class,0,0,0,74,1,98.66666667,1.333333333,50.97201311,0.1616331592,23021,73,13539.84899,8054.879773,-25.79771439,500704.8977,52.62876663,0.7748986612,0.3057591391,2.331572915,1194,weka.RandomSubSpace_REPTree,0.99168,Supervised Classification
279,meta_stream_intervals.arff,45164,75,11,class,0,0,0,74,1,98.66666667,1.333333333,50.97201311,0.1616331592,23021,73,13539.84899,8054.879773,-25.79771439,500704.8977,52.62876663,0.7748986612,0.3057591391,2.331572915,1194,weka.RandomSubSpace_REPTree,0.992351,Supervised Classification
279,meta_stream_intervals.arff,45164,75,11,class,0,0,0,74,1,98.66666667,1.333333333,50.97201311,0.1616331592,23021,73,13539.84899,8054.879773,-25.79771439,500704.8977,52.62876663,0.7748986612,0.3057591391,2.331572915,1194,weka.RandomSubSpace_REPTree,0.992888,Supervised Classification
279,meta_stream_intervals.arff,45164,75,11,class,0,0,0,74,1,98.66666667,1.333333333,50.97201311,0.1616331592,23021,73,13539.84899,8054.879773,-25.79771439,500704.8977,52.62876663,0.7748986612,0.3057591391,2.331572915,1087,weka.HoeffdingTree,0.512346,Supervised Classification
279,meta_stream_intervals.arff,45164,75,11,class,0,0,0,74,1,98.66666667,1.333333333,50.97201311,0.1616331592,23021,73,13539.84899,8054.879773,-25.79771439,500704.8977,52.62876663,0.7748986612,0.3057591391,2.331572915,1090,weka.DecisionStump,0.514157,Supervised Classification
279,meta_stream_intervals.arff,45164,75,11,class,0,0,0,74,1,98.66666667,1.333333333,50.97201311,0.1616331592,23021,73,13539.84899,8054.879773,-25.79771439,500704.8977,52.62876663,0.7748986612,0.3057591391,2.331572915,1100,weka.HyperPipes,0.642646,Supervised Classification
279,meta_stream_intervals.arff,45164,75,11,class,0,0,0,74,1,98.66666667,1.333333333,50.97201311,0.1616331592,23021,73,13539.84899,8054.879773,-25.79771439,500704.8977,52.62876663,0.7748986612,0.3057591391,2.331572915,1101,weka.InputMappedClassifier_ZeroR,0.514157,Supervised Classification
279,meta_stream_intervals.arff,45164,75,11,class,0,0,0,74,1,98.66666667,1.333333333,50.97201311,0.1616331592,23021,73,13539.84899,8054.879773,-25.79771439,500704.8977,52.62876663,0.7748986612,0.3057591391,2.331572915,1103,weka.VFI,0.660494,Supervised Classification
279,meta_stream_intervals.arff,45164,75,11,class,0,0,0,74,1,98.66666667,1.333333333,50.97201311,0.1616331592,23021,73,13539.84899,8054.879773,-25.79771439,500704.8977,52.62876663,0.7748986612,0.3057591391,2.331572915,1154,weka.NaiveBayes,0.577429,Supervised Classification
279,meta_stream_intervals.arff,45164,75,11,class,0,0,0,74,1,98.66666667,1.333333333,50.97201311,0.1616331592,23021,73,13539.84899,8054.879773,-25.79771439,500704.8977,52.62876663,0.7748986612,0.3057591391,2.331572915,1185,weka.Bagging_REPTree,0.99121,Supervised Classification
279,meta_stream_intervals.arff,45164,75,11,class,0,0,0,74,1,98.66666667,1.333333333,50.97201311,0.1616331592,23021,73,13539.84899,8054.879773,-25.79771439,500704.8977,52.62876663,0.7748986612,0.3057591391,2.331572915,1200,weka.LADTree,0.847289,Supervised Classification
279,meta_stream_intervals.arff,45164,75,11,class,0,0,0,74,1,98.66666667,1.333333333,50.97201311,0.1616331592,23021,73,13539.84899,8054.879773,-25.79771439,500704.8977,52.62876663,0.7748986612,0.3057591391,2.331572915,1084,weka.J48graft,0.98799,Supervised Classification
279,meta_stream_intervals.arff,45164,75,11,class,0,0,0,74,1,98.66666667,1.333333333,50.97201311,0.1616331592,23021,73,13539.84899,8054.879773,-25.79771439,500704.8977,52.62876663,0.7748986612,0.3057591391,2.331572915,1094,weka.JRip,0.989667,Supervised Classification
279,meta_stream_intervals.arff,45164,75,11,class,0,0,0,74,1,98.66666667,1.333333333,50.97201311,0.1616331592,23021,73,13539.84899,8054.879773,-25.79771439,500704.8977,52.62876663,0.7748986612,0.3057591391,2.331572915,1096,weka.DecisionTable_BestFirst,0.975376,Supervised Classification
279,meta_stream_intervals.arff,45164,75,11,class,0,0,0,74,1,98.66666667,1.333333333,50.97201311,0.1616331592,23021,73,13539.84899,8054.879773,-25.79771439,500704.8977,52.62876663,0.7748986612,0.3057591391,2.331572915,1117,weka.RBFClassifier,0.674718,Supervised Classification
279,meta_stream_intervals.arff,45164,75,11,class,0,0,0,74,1,98.66666667,1.333333333,50.97201311,0.1616331592,23021,73,13539.84899,8054.879773,-25.79771439,500704.8977,52.62876663,0.7748986612,0.3057591391,2.331572915,1244,weka.FilteredClassifier_Discretize_J48,0.990607,Supervised Classification
279,meta_stream_intervals.arff,45164,75,11,class,0,0,0,74,1,98.66666667,1.333333333,50.97201311,0.1616331592,23021,73,13539.84899,8054.879773,-25.79771439,500704.8977,52.62876663,0.7748986612,0.3057591391,2.331572915,1160,weka.AttributeSelectedClassifier_PrincipalComponents_Ranker_J48,0.95679,Supervised Classification
279,meta_stream_intervals.arff,45164,75,11,class,0,0,0,74,1,98.66666667,1.333333333,50.97201311,0.1616331592,23021,73,13539.84899,8054.879773,-25.79771439,500704.8977,52.62876663,0.7748986612,0.3057591391,2.331572915,1163,weka.FilteredClassifier_PrincipalComponents_J48,0.95679,Supervised Classification
279,meta_stream_intervals.arff,45164,75,11,class,0,0,0,74,1,98.66666667,1.333333333,50.97201311,0.1616331592,23021,73,13539.84899,8054.879773,-25.79771439,500704.8977,52.62876663,0.7748986612,0.3057591391,2.331572915,1191,weka.LogitBoost_DecisionStump,0.984836,Supervised Classification
279,meta_stream_intervals.arff,45164,75,11,class,0,0,0,74,1,98.66666667,1.333333333,50.97201311,0.1616331592,23021,73,13539.84899,8054.879773,-25.79771439,500704.8977,52.62876663,0.7748986612,0.3057591391,2.331572915,1191,weka.LogitBoost_DecisionStump,0.99121,Supervised Classification
279,meta_stream_intervals.arff,45164,75,11,class,0,0,0,74,1,98.66666667,1.333333333,50.97201311,0.1616331592,23021,73,13539.84899,8054.879773,-25.79771439,500704.8977,52.62876663,0.7748986612,0.3057591391,2.331572915,1194,weka.RandomSubSpace_REPTree,0.99329,Supervised Classification
279,meta_stream_intervals.arff,45164,75,11,class,0,0,0,74,1,98.66666667,1.333333333,50.97201311,0.1616331592,23021,73,13539.84899,8054.879773,-25.79771439,500704.8977,52.62876663,0.7748986612,0.3057591391,2.331572915,1080,weka.NBTree,0.99007,Supervised Classification
279,meta_stream_intervals.arff,45164,75,11,class,0,0,0,74,1,98.66666667,1.333333333,50.97201311,0.1616331592,23021,73,13539.84899,8054.879773,-25.79771439,500704.8977,52.62876663,0.7748986612,0.3057591391,2.331572915,1098,weka.ConjunctiveRule,0.530864,Supervised Classification
279,meta_stream_intervals.arff,45164,75,11,class,0,0,0,74,1,98.66666667,1.333333333,50.97201311,0.1616331592,23021,73,13539.84899,8054.879773,-25.79771439,500704.8977,52.62876663,0.7748986612,0.3057591391,2.331572915,1099,weka.CHIRP,0.96672,Supervised Classification
279,meta_stream_intervals.arff,45164,75,11,class,0,0,0,74,1,98.66666667,1.333333333,50.97201311,0.1616331592,23021,73,13539.84899,8054.879773,-25.79771439,500704.8977,52.62876663,0.7748986612,0.3057591391,2.331572915,1104,weka.IB1,0.965244,Supervised Classification
279,meta_stream_intervals.arff,45164,75,11,class,0,0,0,74,1,98.66666667,1.333333333,50.97201311,0.1616331592,23021,73,13539.84899,8054.879773,-25.79771439,500704.8977,52.62876663,0.7748986612,0.3057591391,2.331572915,1105,weka.IBk,0.965244,Supervised Classification
279,meta_stream_intervals.arff,45164,75,11,class,0,0,0,74,1,98.66666667,1.333333333,50.97201311,0.1616331592,23021,73,13539.84899,8054.879773,-25.79771439,500704.8977,52.62876663,0.7748986612,0.3057591391,2.331572915,1168,weka.BayesNet_K2,0.870773,Supervised Classification
279,meta_stream_intervals.arff,45164,75,11,class,0,0,0,74,1,98.66666667,1.333333333,50.97201311,0.1616331592,23021,73,13539.84899,8054.879773,-25.79771439,500704.8977,52.62876663,0.7748986612,0.3057591391,2.331572915,1197,weka.FURIA,0.992552,Supervised Classification
279,meta_stream_intervals.arff,45164,75,11,class,0,0,0,74,1,98.66666667,1.333333333,50.97201311,0.1616331592,23021,73,13539.84899,8054.879773,-25.79771439,500704.8977,52.62876663,0.7748986612,0.3057591391,2.331572915,1172,weka.LibSVM,0.51409,Supervised Classification
279,meta_stream_intervals.arff,45164,75,11,class,0,0,0,74,1,98.66666667,1.333333333,50.97201311,0.1616331592,23021,73,13539.84899,8054.879773,-25.79771439,500704.8977,52.62876663,0.7748986612,0.3057591391,2.331572915,1089,weka.ExtraTree,0.983696,Supervised Classification
279,meta_stream_intervals.arff,45164,75,11,class,0,0,0,74,1,98.66666667,1.333333333,50.97201311,0.1616331592,23021,73,13539.84899,8054.879773,-25.79771439,500704.8977,52.62876663,0.7748986612,0.3057591391,2.331572915,1114,weka.Logistic,0.988795,Supervised Classification
279,meta_stream_intervals.arff,45164,75,11,class,0,0,0,74,1,98.66666667,1.333333333,50.97201311,0.1616331592,23021,73,13539.84899,8054.879773,-25.79771439,500704.8977,52.62876663,0.7748986612,0.3057591391,2.331572915,1091,weka.BFTree,0.989667,Supervised Classification
279,meta_stream_intervals.arff,45164,75,11,class,0,0,0,74,1,98.66666667,1.333333333,50.97201311,0.1616331592,23021,73,13539.84899,8054.879773,-25.79771439,500704.8977,52.62876663,0.7748986612,0.3057591391,2.331572915,1106,weka.KStar,0.959944,Supervised Classification
279,meta_stream_intervals.arff,45164,75,11,class,0,0,0,74,1,98.66666667,1.333333333,50.97201311,0.1616331592,23021,73,13539.84899,8054.879773,-25.79771439,500704.8977,52.62876663,0.7748986612,0.3057591391,2.331572915,1082,weka.LMT,0.955448,Supervised Classification
279,meta_stream_intervals.arff,45164,75,11,class,0,0,0,74,1,98.66666667,1.333333333,50.97201311,0.1616331592,23021,73,13539.84899,8054.879773,-25.79771439,500704.8977,52.62876663,0.7748986612,0.3057591391,2.331572915,1088,weka.FT,0.98175,Supervised Classification
279,meta_stream_intervals.arff,45164,75,11,class,0,0,0,74,1,98.66666667,1.333333333,50.97201311,0.1616331592,23021,73,13539.84899,8054.879773,-25.79771439,500704.8977,52.62876663,0.7748986612,0.3057591391,2.331572915,1108,weka.LWL_DecisionStump,0.597558,Supervised Classification
279,meta_stream_intervals.arff,45164,75,11,class,0,0,0,74,1,98.66666667,1.333333333,50.97201311,0.1616331592,23021,73,13539.84899,8054.879773,-25.79771439,500704.8977,52.62876663,0.7748986612,0.3057591391,2.331572915,1186,weka.Dagging_DecisionStump,0.514157,Supervised Classification
279,meta_stream_intervals.arff,45164,75,11,class,0,0,0,74,1,98.66666667,1.333333333,50.97201311,0.1616331592,23021,73,13539.84899,8054.879773,-25.79771439,500704.8977,52.62876663,0.7748986612,0.3057591391,2.331572915,1187,weka.Decorate,0.991076,Supervised Classification
279,meta_stream_intervals.arff,45164,75,11,class,0,0,0,74,1,98.66666667,1.333333333,50.97201311,0.1616331592,23021,73,13539.84899,8054.879773,-25.79771439,500704.8977,52.62876663,0.7748986612,0.3057591391,2.331572915,1188,weka.END_ND_J48,0.992687,Supervised Classification
279,meta_stream_intervals.arff,45164,75,11,class,0,0,0,74,1,98.66666667,1.333333333,50.97201311,0.1616331592,23021,73,13539.84899,8054.879773,-25.79771439,500704.8977,52.62876663,0.7748986612,0.3057591391,2.331572915,1190,weka.Grading_ZeroR,0.514157,Supervised Classification
279,meta_stream_intervals.arff,45164,75,11,class,0,0,0,74,1,98.66666667,1.333333333,50.97201311,0.1616331592,23021,73,13539.84899,8054.879773,-25.79771439,500704.8977,52.62876663,0.7748986612,0.3057591391,2.331572915,1192,weka.MultiBoostAB_DecisionStump,0.514157,Supervised Classification
279,meta_stream_intervals.arff,45164,75,11,class,0,0,0,74,1,98.66666667,1.333333333,50.97201311,0.1616331592,23021,73,13539.84899,8054.879773,-25.79771439,500704.8977,52.62876663,0.7748986612,0.3057591391,2.331572915,1193,weka.RacedIncrementalLogitBoost_DecisionStump,0.940486,Supervised Classification
279,meta_stream_intervals.arff,45164,75,11,class,0,0,0,74,1,98.66666667,1.333333333,50.97201311,0.1616331592,23021,73,13539.84899,8054.879773,-25.79771439,500704.8977,52.62876663,0.7748986612,0.3057591391,2.331572915,1196,weka.RotationForest_PrincipalComponents_J48,0.993693,Supervised Classification
279,meta_stream_intervals.arff,45164,75,11,class,0,0,0,74,1,98.66666667,1.333333333,50.97201311,0.1616331592,23021,73,13539.84899,8054.879773,-25.79771439,500704.8977,52.62876663,0.7748986612,0.3057591391,2.331572915,1196,weka.RotationForest_PrincipalComponents_J48,0.994163,Supervised Classification
279,meta_stream_intervals.arff,45164,75,11,class,0,0,0,74,1,98.66666667,1.333333333,50.97201311,0.1616331592,23021,73,13539.84899,8054.879773,-25.79771439,500704.8977,52.62876663,0.7748986612,0.3057591391,2.331572915,1196,weka.RotationForest_PrincipalComponents_J48,0.994431,Supervised Classification
155,pokerhand,829201,11,10,class,0,0,0,5,6,45.45454545,54.54545455,50.11161347,0.0002411960429,415526,2,6.999601785,2.068599382,2.613157727,11.38576051,0.2461949152,0.002590371949,0.7453630005,1.416953339,365,weka.J48,0.997774,Supervised Classification
155,pokerhand,829201,11,10,class,0,0,0,5,6,45.45454545,54.54545455,50.11161347,0.0002411960429,415526,2,6.999601785,2.068599382,2.613157727,11.38576051,0.2461949152,0.002590371949,0.7453630005,1.416953339,523,weka.Bagging_J48,0.997745,Supervised Classification
155,pokerhand,829201,11,10,class,0,0,0,5,6,45.45454545,54.54545455,50.11161347,0.0002411960429,415526,2,6.999601785,2.068599382,2.613157727,11.38576051,0.2461949152,0.002590371949,0.7453630005,1.416953339,523,weka.Bagging_J48,0.997749,Supervised Classification
1471,eeg-eye-state,14980,15,2,Class,0,0,0,14,1,93.33333333,6.666666667,55.12016021,44.87983979,8257,6723,4316.882029,1767.288482,4009.767694,4644.022379,8904.721902,71.73726621,0.998464517,0.9924223734,18748,"sklearn.pipeline.Pipeline(imputer=sklearn.impute._base.SimpleImputer,estimator=sklearn.tree._classes.DecisionTreeClassifier)",0.821768157,Supervised Classification
1471,eeg-eye-state,14980,15,2,Class,0,0,0,14,1,93.33333333,6.666666667,55.12016021,44.87983979,8257,6723,4316.882029,1767.288482,4009.767694,4644.022379,8904.721902,71.73726621,0.998464517,0.9924223734,18748,"sklearn.pipeline.Pipeline(imputer=sklearn.impute._base.SimpleImputer,estimator=sklearn.tree._classes.DecisionTreeClassifier)",0.8254096702,Supervised Classification
1471,eeg-eye-state,14980,15,2,Class,0,0,0,14,1,93.33333333,6.666666667,55.12016021,44.87983979,8257,6723,4316.882029,1767.288482,4009.767694,4644.022379,8904.721902,71.73726621,0.998464517,0.9924223734,18748,"sklearn.pipeline.Pipeline(imputer=sklearn.impute._base.SimpleImputer,estimator=sklearn.tree._classes.DecisionTreeClassifier)",0.8264212017,Supervised Classification
554,mnist_784,70000,785,10,class,0,0,0,784,1,99.87261146,0.127388535,11.25285714,9.018571429,7877,6313,33.38596474,49.25570413,0,140.0150571,4894.714443,31.07943559,0.09564422349,3.319837025,9725,keras.engine.sequential.Sequential.A9B07AA00BF94A55,0.9794805195,Supervised Classification
554,mnist_784,70000,785,10,class,0,0,0,784,1,99.87261146,0.127388535,11.25285714,9.018571429,7877,6313,33.38596474,49.25570413,0,140.0150571,4894.714443,31.07943559,0.09564422349,3.319837025,10571,torch.nn.modules.container.Sequential.8c3a95155fc87a0,0.8083116883,Supervised Classification
41145,philippine,5832,309,2,class,0,0,0,308,1,99.6763754,0.3236245955,50,50,2916,2916,6707.760209,3750.132373,-1.142980813,202871.8092,102.3647634,2.723288614,0.4995712571,1,17315,"sklearn.pipeline.Pipeline(columntransformer=sklearn.compose._column_transformer.ColumnTransformer(cont=sklearn.pipeline.Pipeline(simpleimputer=sklearn.impute._base.SimpleImputer,standardscaler=sklearn.preprocessing.data.StandardScaler)),decisiontreeclassifier=sklearn.tree.tree.DecisionTreeClassifier)",0.7115384615,Supervised Classification
41144,madeline,3140,260,2,class,0,0,0,259,1,99.61538462,0.3846153846,50.2866242,49.7133758,1579,1561,488.4847417,25.85770562,475.8971338,517.3089172,0.06202501958,0.03401830435,0.4979292768,0.9999762954,17315,"sklearn.pipeline.Pipeline(columntransformer=sklearn.compose._column_transformer.ColumnTransformer(cont=sklearn.pipeline.Pipeline(simpleimputer=sklearn.impute._base.SimpleImputer,standardscaler=sklearn.preprocessing.data.StandardScaler)),decisiontreeclassifier=sklearn.tree.tree.DecisionTreeClassifier)",0.6235521236,Supervised Classification
41160,rl,31406,23,2,class,29756,4.119401167,17204,8,15,34.7826087,65.2173913,90.46360568,9.53639432,28411,2995,347.8436927,115.7766135,6.995255684,1978.971001,6.252848815,1.699150684,0.9993950008,0.4541249517,17322,"sklearn.pipeline.Pipeline(columntransformer=sklearn.compose._column_transformer.ColumnTransformer(cat=sklearn.pipeline.Pipeline(anothersimpleimputer=__main__.AnotherSimpleImputer,onehotencoder=sklearn.preprocessing._encoders.OneHotEncoder),cont=sklearn.pipeline.Pipeline(simpleimputer=sklearn.impute._base.SimpleImputer,standardscaler=sklearn.preprocessing.data.StandardScaler)),decisiontreeclassifier=sklearn.tree.tree.DecisionTreeClassifier)",0.9088101901,Supervised Classification
41990,GTSRB-HueHist,51839,257,43,class,0,0,0,256,1,99.61089494,0.3891050584,5.787148672,0.5208433805,3000,270,0.003906249572,0.005935294991,9.59E-06,0.07534274573,97.79981146,5.792627586,0.7652880127,5.020278168,17315,"sklearn.pipeline.Pipeline(columntransformer=sklearn.compose._column_transformer.ColumnTransformer(cont=sklearn.pipeline.Pipeline(simpleimputer=sklearn.impute._base.SimpleImputer,standardscaler=sklearn.preprocessing.data.StandardScaler)),decisiontreeclassifier=sklearn.tree.tree.DecisionTreeClassifier)",0.08593475973,Supervised Classification
1063,kc2,522,22,2,problems,0,0,0,21,1,95.45454545,4.545454545,79.50191571,20.49808429,415,107,977.8936991,5875.729588,0.1889655172,18542.99163,130.1084304,8.953093282,0.9942418426,0.7317786193,18922,"sklearn.pipeline.Pipeline(imputer=sklearn.preprocessing.imputation.Imputer,estimator=sklearn.tree.tree.DecisionTreeClassifier)",0.7674418605,Supervised Classification